2026-03-05T10:42:53.537+05:30 TRACE 24928 --- [Java-SLF4J] [main] o.s.c.io.support.SpringFactoriesLoader   : Loaded [org.springframework.boot.autoconfigure.preinitialize.BackgroundPreinitializer] names: [org.springframework.boot.autoconfigure.preinitialize.CharsetsBackgroundPreinitializer, org.springframework.boot.autoconfigure.preinitialize.ConversionServiceBackgroundPreinitializer, org.springframework.boot.jackson.autoconfigure.JacksonBackgroundPreinitializer, org.springframework.boot.tomcat.autoconfigure.TomcatBackgroundPreinitializer, org.springframework.boot.http.converter.autoconfigure.MessageConverterBackgroundPreinitializer]
2026-03-05T10:42:53.548+05:30 TRACE 24928 --- [Java-SLF4J] [main] o.s.c.io.support.SpringFactoriesLoader   : Loaded [org.springframework.boot.ApplicationContextFactory] names: [org.springframework.boot.web.server.reactive.context.ReactiveWebServerApplicationContextFactory, org.springframework.boot.web.server.servlet.context.ServletWebServerApplicationContextFactory]
2026-03-05T10:42:53.551+05:30 TRACE 24928 --- [Java-SLF4J] [main] o.s.c.io.support.SpringFactoriesLoader   : Loaded [org.springframework.boot.ApplicationContextFactory] names: [org.springframework.boot.web.server.reactive.context.ReactiveWebServerApplicationContextFactory, org.springframework.boot.web.server.servlet.context.ServletWebServerApplicationContextFactory]
2026-03-05T10:42:53.601+05:30 TRACE 24928 --- [Java-SLF4J] [main] o.s.c.io.support.SpringFactoriesLoader   : Loaded [org.springframework.core.io.ProtocolResolver] names: [org.springframework.boot.io.Base64ProtocolResolver]
2026-03-05T10:42:53.606+05:30  INFO 24928 --- [Java-SLF4J] [main] c.dhyana.javaslf4j.JavaSlf4JApplication  : Starting JavaSlf4JApplication using Java 25.0.2 with PID 24928 (D:\Java-SLF4J\target\classes started by user in D:\Java-SLF4J)
2026-03-05T10:42:53.612+05:30 DEBUG 24928 --- [Java-SLF4J] [main] c.dhyana.javaslf4j.JavaSlf4JApplication  : Running with Spring Boot v4.0.3, Spring v7.0.5
2026-03-05T10:42:53.613+05:30  INFO 24928 --- [Java-SLF4J] [main] c.dhyana.javaslf4j.JavaSlf4JApplication  : No active profile set, falling back to 1 default profile: "default"
2026-03-05T10:42:53.613+05:30 DEBUG 24928 --- [Java-SLF4J] [main] o.s.boot.SpringApplication               : Loading source class com.dhyana.javaslf4j.JavaSlf4JApplication
2026-03-05T10:42:53.650+05:30 TRACE 24928 --- [Java-SLF4J] [main] uePropertySourceEnvironmentPostProcessor : RandomValuePropertySource add to Environment
2026-03-05T10:42:53.650+05:30 TRACE 24928 --- [Java-SLF4J] [main] b.c.c.ConfigDataEnvironmentPostProcessor : Post-processing environment to add config data
2026-03-05T10:42:53.650+05:30 TRACE 24928 --- [Java-SLF4J] [main] o.s.b.c.config.ConfigDataEnvironment     : Building config data environment contributors
2026-03-05T10:42:53.650+05:30 TRACE 24928 --- [Java-SLF4J] [main] o.s.b.c.config.ConfigDataEnvironment     : Creating wrapped config data contributor for 'configurationProperties'
2026-03-05T10:42:53.650+05:30 TRACE 24928 --- [Java-SLF4J] [main] o.s.b.c.config.ConfigDataEnvironment     : Creating wrapped config data contributor for 'servletConfigInitParams'
2026-03-05T10:42:53.650+05:30 TRACE 24928 --- [Java-SLF4J] [main] o.s.b.c.config.ConfigDataEnvironment     : Creating wrapped config data contributor for 'servletContextInitParams'
2026-03-05T10:42:53.650+05:30 TRACE 24928 --- [Java-SLF4J] [main] o.s.b.c.config.ConfigDataEnvironment     : Creating wrapped config data contributor for 'systemProperties'
2026-03-05T10:42:53.650+05:30 TRACE 24928 --- [Java-SLF4J] [main] o.s.b.c.config.ConfigDataEnvironment     : Creating wrapped config data contributor for 'systemEnvironment'
2026-03-05T10:42:53.650+05:30 TRACE 24928 --- [Java-SLF4J] [main] o.s.b.c.config.ConfigDataEnvironment     : Creating wrapped config data contributor for 'random'
2026-03-05T10:42:53.650+05:30 TRACE 24928 --- [Java-SLF4J] [main] o.s.b.c.config.ConfigDataEnvironment     : Creating wrapped config data contributor for 'applicationInfo'
2026-03-05T10:42:53.650+05:30 TRACE 24928 --- [Java-SLF4J] [main] o.s.b.c.config.ConfigDataEnvironment     : Adding initial config data import from location 'optional:file:./;optional:file:./config/;optional:file:./config/*/'
2026-03-05T10:42:53.650+05:30 TRACE 24928 --- [Java-SLF4J] [main] o.s.b.c.config.ConfigDataEnvironment     : Adding initial config data import from location 'optional:classpath:/;optional:classpath:/config/'
2026-03-05T10:42:53.651+05:30 TRACE 24928 --- [Java-SLF4J] [main] o.s.b.c.config.ConfigDataEnvironment     : Processing initial config data environment contributors without activation context
2026-03-05T10:42:53.651+05:30 TRACE 24928 --- [Java-SLF4J] [main] .b.c.c.ConfigDataEnvironmentContributors : Processing imports for phase BEFORE_PROFILE_ACTIVATION. no activation context
2026-03-05T10:42:53.651+05:30 TRACE 24928 --- [Java-SLF4J] [main] .b.c.c.ConfigDataEnvironmentContributors : Processing imports [optional:file:./;optional:file:./config/;optional:file:./config/*/]
2026-03-05T10:42:53.651+05:30 TRACE 24928 --- [Java-SLF4J] [main] b.c.c.StandardConfigDataLocationResolver : Skipping missing resource file:./application.yaml
2026-03-05T10:42:53.651+05:30 TRACE 24928 --- [Java-SLF4J] [main] b.c.c.StandardConfigDataLocationResolver : Skipping missing resource file:./application.yml
2026-03-05T10:42:53.651+05:30 TRACE 24928 --- [Java-SLF4J] [main] b.c.c.StandardConfigDataLocationResolver : Skipping missing resource file:./application.xml
2026-03-05T10:42:53.651+05:30 TRACE 24928 --- [Java-SLF4J] [main] b.c.c.StandardConfigDataLocationResolver : Skipping missing resource file:./application.properties
2026-03-05T10:42:53.651+05:30 TRACE 24928 --- [Java-SLF4J] [main] b.c.c.StandardConfigDataLocationResolver : Skipping missing resource file:./config/application.yaml
2026-03-05T10:42:53.651+05:30 TRACE 24928 --- [Java-SLF4J] [main] b.c.c.StandardConfigDataLocationResolver : Skipping missing resource file:./config/application.yml
2026-03-05T10:42:53.651+05:30 TRACE 24928 --- [Java-SLF4J] [main] b.c.c.StandardConfigDataLocationResolver : Skipping missing resource file:./config/application.xml
2026-03-05T10:42:53.651+05:30 TRACE 24928 --- [Java-SLF4J] [main] b.c.c.StandardConfigDataLocationResolver : Skipping missing resource file:./config/application.properties
2026-03-05T10:42:53.651+05:30 TRACE 24928 --- [Java-SLF4J] [main] o.s.b.context.config.ConfigDataImporter  : Considering resource file [.] from location optional:file:./;optional:file:./config/;optional:file:./config/*/
2026-03-05T10:42:53.651+05:30 TRACE 24928 --- [Java-SLF4J] [main] o.s.b.context.config.ConfigDataLoaders   : Loading file [.] using loader org.springframework.boot.context.config.StandardConfigDataLoader
2026-03-05T10:42:53.652+05:30 TRACE 24928 --- [Java-SLF4J] [main] o.s.b.context.config.ConfigDataImporter  : Loaded resource file [.] from location optional:file:./;optional:file:./config/;optional:file:./config/*/
2026-03-05T10:42:53.652+05:30 TRACE 24928 --- [Java-SLF4J] [main] .b.c.c.ConfigDataEnvironmentContributors : Imported 1 resource [file [.]]
2026-03-05T10:42:53.652+05:30 TRACE 24928 --- [Java-SLF4J] [main] .b.c.c.ConfigDataEnvironmentContributors : Processing imports [optional:classpath:/;optional:classpath:/config/]
2026-03-05T10:42:53.653+05:30 TRACE 24928 --- [Java-SLF4J] [main] b.c.c.StandardConfigDataLocationResolver : Skipping missing resource classpath:/application.yaml
2026-03-05T10:42:53.653+05:30 TRACE 24928 --- [Java-SLF4J] [main] b.c.c.StandardConfigDataLocationResolver : Skipping missing resource classpath:/application.yml
2026-03-05T10:42:53.653+05:30 TRACE 24928 --- [Java-SLF4J] [main] b.c.c.StandardConfigDataLocationResolver : Skipping missing resource classpath:/application.xml
2026-03-05T10:42:53.653+05:30 TRACE 24928 --- [Java-SLF4J] [main] b.c.c.StandardConfigDataLocationResolver : Skipping missing resource classpath:/config/application.yaml
2026-03-05T10:42:53.653+05:30 TRACE 24928 --- [Java-SLF4J] [main] b.c.c.StandardConfigDataLocationResolver : Skipping missing resource classpath:/config/application.yml
2026-03-05T10:42:53.653+05:30 TRACE 24928 --- [Java-SLF4J] [main] b.c.c.StandardConfigDataLocationResolver : Skipping missing resource classpath:/config/application.xml
2026-03-05T10:42:53.653+05:30 TRACE 24928 --- [Java-SLF4J] [main] b.c.c.StandardConfigDataLocationResolver : Skipping missing resource classpath:/config/application.properties
2026-03-05T10:42:53.653+05:30 TRACE 24928 --- [Java-SLF4J] [main] o.s.b.context.config.ConfigDataImporter  : Considering resource class path resource [application.properties] from location optional:classpath:/;optional:classpath:/config/
2026-03-05T10:42:53.653+05:30 TRACE 24928 --- [Java-SLF4J] [main] o.s.b.context.config.ConfigDataLoaders   : Loading class path resource [application.properties] using loader org.springframework.boot.context.config.StandardConfigDataLoader
2026-03-05T10:42:53.653+05:30 TRACE 24928 --- [Java-SLF4J] [main] o.s.b.context.config.ConfigDataImporter  : Loaded resource class path resource [application.properties] from location optional:classpath:/;optional:classpath:/config/
2026-03-05T10:42:53.653+05:30 TRACE 24928 --- [Java-SLF4J] [main] .b.c.c.ConfigDataEnvironmentContributors : Imported 1 resource [class path resource [application.properties]]
2026-03-05T10:42:53.653+05:30 TRACE 24928 --- [Java-SLF4J] [main] .b.c.c.ConfigDataEnvironmentContributors : Processed imports for of 2 contributors
2026-03-05T10:42:53.653+05:30 TRACE 24928 --- [Java-SLF4J] [main] o.s.b.c.config.ConfigDataEnvironment     : Creating config data activation context from initial contributions
2026-03-05T10:42:53.653+05:30 TRACE 24928 --- [Java-SLF4J] [main] o.s.b.c.config.ConfigDataEnvironment     : Processing config data environment contributors with initial activation context
2026-03-05T10:42:53.656+05:30 TRACE 24928 --- [Java-SLF4J] [main] .b.c.c.ConfigDataEnvironmentContributors : Processing imports for phase BEFORE_PROFILE_ACTIVATION. [ConfigDataActivationContext@6127a7e cloudPlatform = [null], profiles = [null]]
2026-03-05T10:42:53.656+05:30 TRACE 24928 --- [Java-SLF4J] [main] .b.c.c.ConfigDataEnvironmentContributors : Processed imports for of 0 contributors
2026-03-05T10:42:53.656+05:30 TRACE 24928 --- [Java-SLF4J] [main] o.s.b.c.config.ConfigDataEnvironment     : Deducing profiles from current config data environment contributors
2026-03-05T10:42:53.656+05:30 TRACE 24928 --- [Java-SLF4J] [main] o.s.b.c.config.ConfigDataEnvironment     : Processing config data environment contributors with profile activation context
2026-03-05T10:42:53.656+05:30 TRACE 24928 --- [Java-SLF4J] [main] .b.c.c.ConfigDataEnvironmentContributors : Processing imports for phase AFTER_PROFILE_ACTIVATION. [ConfigDataActivationContext@6bbe2511 cloudPlatform = [null], profiles = [Profiles@495fac5f active = '[]', default = '[default]', accepted = '[default]']]
2026-03-05T10:42:53.656+05:30 TRACE 24928 --- [Java-SLF4J] [main] .b.c.c.ConfigDataEnvironmentContributors : Processing imports [optional:file:./;optional:file:./config/;optional:file:./config/*/]
2026-03-05T10:42:53.656+05:30 TRACE 24928 --- [Java-SLF4J] [main] b.c.c.StandardConfigDataLocationResolver : Skipping missing resource file:./application.yaml
2026-03-05T10:42:53.656+05:30 TRACE 24928 --- [Java-SLF4J] [main] b.c.c.StandardConfigDataLocationResolver : Skipping missing resource file:./application.yml
2026-03-05T10:42:53.656+05:30 TRACE 24928 --- [Java-SLF4J] [main] b.c.c.StandardConfigDataLocationResolver : Skipping missing resource file:./application.xml
2026-03-05T10:42:53.656+05:30 TRACE 24928 --- [Java-SLF4J] [main] b.c.c.StandardConfigDataLocationResolver : Skipping missing resource file:./application.properties
2026-03-05T10:42:53.657+05:30 TRACE 24928 --- [Java-SLF4J] [main] b.c.c.StandardConfigDataLocationResolver : Skipping missing resource file:./config/application.yaml
2026-03-05T10:42:53.657+05:30 TRACE 24928 --- [Java-SLF4J] [main] b.c.c.StandardConfigDataLocationResolver : Skipping missing resource file:./config/application.yml
2026-03-05T10:42:53.657+05:30 TRACE 24928 --- [Java-SLF4J] [main] b.c.c.StandardConfigDataLocationResolver : Skipping missing resource file:./config/application.xml
2026-03-05T10:42:53.657+05:30 TRACE 24928 --- [Java-SLF4J] [main] b.c.c.StandardConfigDataLocationResolver : Skipping missing resource file:./config/application.properties
2026-03-05T10:42:53.657+05:30 TRACE 24928 --- [Java-SLF4J] [main] b.c.c.StandardConfigDataLocationResolver : Skipping missing resource file:./application-default.yaml
2026-03-05T10:42:53.657+05:30 TRACE 24928 --- [Java-SLF4J] [main] b.c.c.StandardConfigDataLocationResolver : Skipping missing resource file:./application-default.yml
2026-03-05T10:42:53.657+05:30 TRACE 24928 --- [Java-SLF4J] [main] b.c.c.StandardConfigDataLocationResolver : Skipping missing resource file:./application-default.xml
2026-03-05T10:42:53.657+05:30 TRACE 24928 --- [Java-SLF4J] [main] b.c.c.StandardConfigDataLocationResolver : Skipping missing resource file:./application-default.properties
2026-03-05T10:42:53.657+05:30 TRACE 24928 --- [Java-SLF4J] [main] b.c.c.StandardConfigDataLocationResolver : Skipping missing resource file:./config/application-default.yaml
2026-03-05T10:42:53.657+05:30 TRACE 24928 --- [Java-SLF4J] [main] b.c.c.StandardConfigDataLocationResolver : Skipping missing resource file:./config/application-default.yml
2026-03-05T10:42:53.657+05:30 TRACE 24928 --- [Java-SLF4J] [main] b.c.c.StandardConfigDataLocationResolver : Skipping missing resource file:./config/application-default.xml
2026-03-05T10:42:53.657+05:30 TRACE 24928 --- [Java-SLF4J] [main] b.c.c.StandardConfigDataLocationResolver : Skipping missing resource file:./config/application-default.properties
2026-03-05T10:42:53.658+05:30 TRACE 24928 --- [Java-SLF4J] [main] o.s.b.context.config.ConfigDataImporter  : Considering resource file [.] from location optional:file:./;optional:file:./config/;optional:file:./config/*/
2026-03-05T10:42:53.658+05:30 TRACE 24928 --- [Java-SLF4J] [main] o.s.b.context.config.ConfigDataImporter  : Already loaded resource file [.] ignoring location optional:file:./;optional:file:./config/;optional:file:./config/*/
2026-03-05T10:42:53.658+05:30 TRACE 24928 --- [Java-SLF4J] [main] o.s.b.context.config.ConfigDataImporter  : Considering resource file [.] from location optional:file:./;optional:file:./config/;optional:file:./config/*/
2026-03-05T10:42:53.658+05:30 TRACE 24928 --- [Java-SLF4J] [main] o.s.b.context.config.ConfigDataImporter  : Already loaded resource file [.] ignoring location optional:file:./;optional:file:./config/;optional:file:./config/*/
2026-03-05T10:42:53.658+05:30 TRACE 24928 --- [Java-SLF4J] [main] .b.c.c.ConfigDataEnvironmentContributors : Nothing imported
2026-03-05T10:42:53.658+05:30 TRACE 24928 --- [Java-SLF4J] [main] .b.c.c.ConfigDataEnvironmentContributors : Processing imports [optional:classpath:/;optional:classpath:/config/]
2026-03-05T10:42:53.658+05:30 TRACE 24928 --- [Java-SLF4J] [main] b.c.c.StandardConfigDataLocationResolver : Skipping missing resource classpath:/application.yaml
2026-03-05T10:42:53.658+05:30 TRACE 24928 --- [Java-SLF4J] [main] b.c.c.StandardConfigDataLocationResolver : Skipping missing resource classpath:/application.yml
2026-03-05T10:42:53.658+05:30 TRACE 24928 --- [Java-SLF4J] [main] b.c.c.StandardConfigDataLocationResolver : Skipping missing resource classpath:/application.xml
2026-03-05T10:42:53.658+05:30 TRACE 24928 --- [Java-SLF4J] [main] b.c.c.StandardConfigDataLocationResolver : Skipping missing resource classpath:/config/application.yaml
2026-03-05T10:42:53.658+05:30 TRACE 24928 --- [Java-SLF4J] [main] b.c.c.StandardConfigDataLocationResolver : Skipping missing resource classpath:/config/application.yml
2026-03-05T10:42:53.658+05:30 TRACE 24928 --- [Java-SLF4J] [main] b.c.c.StandardConfigDataLocationResolver : Skipping missing resource classpath:/config/application.xml
2026-03-05T10:42:53.658+05:30 TRACE 24928 --- [Java-SLF4J] [main] b.c.c.StandardConfigDataLocationResolver : Skipping missing resource classpath:/config/application.properties
2026-03-05T10:42:53.658+05:30 TRACE 24928 --- [Java-SLF4J] [main] b.c.c.StandardConfigDataLocationResolver : Skipping missing resource classpath:/application-default.yaml
2026-03-05T10:42:53.659+05:30 TRACE 24928 --- [Java-SLF4J] [main] b.c.c.StandardConfigDataLocationResolver : Skipping missing resource classpath:/application-default.yml
2026-03-05T10:42:53.659+05:30 TRACE 24928 --- [Java-SLF4J] [main] b.c.c.StandardConfigDataLocationResolver : Skipping missing resource classpath:/application-default.xml
2026-03-05T10:42:53.659+05:30 TRACE 24928 --- [Java-SLF4J] [main] b.c.c.StandardConfigDataLocationResolver : Skipping missing resource classpath:/application-default.properties
2026-03-05T10:42:53.659+05:30 TRACE 24928 --- [Java-SLF4J] [main] b.c.c.StandardConfigDataLocationResolver : Skipping missing resource classpath:/config/application-default.yaml
2026-03-05T10:42:53.659+05:30 TRACE 24928 --- [Java-SLF4J] [main] b.c.c.StandardConfigDataLocationResolver : Skipping missing resource classpath:/config/application-default.yml
2026-03-05T10:42:53.659+05:30 TRACE 24928 --- [Java-SLF4J] [main] b.c.c.StandardConfigDataLocationResolver : Skipping missing resource classpath:/config/application-default.xml
2026-03-05T10:42:53.659+05:30 TRACE 24928 --- [Java-SLF4J] [main] b.c.c.StandardConfigDataLocationResolver : Skipping missing resource classpath:/config/application-default.properties
2026-03-05T10:42:53.659+05:30 TRACE 24928 --- [Java-SLF4J] [main] o.s.b.context.config.ConfigDataImporter  : Considering resource class path resource [application.properties] from location optional:classpath:/;optional:classpath:/config/
2026-03-05T10:42:53.659+05:30 TRACE 24928 --- [Java-SLF4J] [main] o.s.b.context.config.ConfigDataImporter  : Already loaded resource class path resource [application.properties] ignoring location optional:classpath:/;optional:classpath:/config/
2026-03-05T10:42:53.659+05:30 TRACE 24928 --- [Java-SLF4J] [main] .b.c.c.ConfigDataEnvironmentContributors : Nothing imported
2026-03-05T10:42:53.659+05:30 TRACE 24928 --- [Java-SLF4J] [main] .b.c.c.ConfigDataEnvironmentContributors : Processed imports for of 2 contributors
2026-03-05T10:42:53.659+05:30 TRACE 24928 --- [Java-SLF4J] [main] o.s.b.c.config.ConfigDataEnvironment     : Applying config data environment contributions
2026-03-05T10:42:53.659+05:30 TRACE 24928 --- [Java-SLF4J] [main] o.s.b.c.config.ConfigDataEnvironment     : Adding imported property source 'Config resource 'class path resource [application.properties]' via location 'optional:classpath:/''
2026-03-05T10:42:53.659+05:30 TRACE 24928 --- [Java-SLF4J] [main] o.s.b.c.config.ConfigDataEnvironment     : Setting default profiles: [default]
2026-03-05T10:42:53.660+05:30 TRACE 24928 --- [Java-SLF4J] [main] o.s.b.c.config.ConfigDataEnvironment     : Setting active profiles: []
2026-03-05T10:42:53.668+05:30 TRACE 24928 --- [Java-SLF4J] [main] ConfigServletWebServerApplicationContext : Refreshing org.springframework.boot.web.server.servlet.context.AnnotationConfigServletWebServerApplicationContext@7aaca91a, started on Thu Mar 05 10:42:53 IST 2026
2026-03-05T10:42:53.677+05:30 TRACE 24928 --- [Java-SLF4J] [main] o.s.b.f.s.DefaultListableBeanFactory     : Registering scope 'request' with implementation [org.springframework.web.context.request.RequestScope@5a9d6f02]
2026-03-05T10:42:53.677+05:30 TRACE 24928 --- [Java-SLF4J] [main] o.s.b.f.s.DefaultListableBeanFactory     : Registering scope 'session' with implementation [org.springframework.web.context.request.SessionScope@6d9f7a80]
2026-03-05T10:42:53.685+05:30 DEBUG 24928 --- [Java-SLF4J] [main] o.s.b.f.s.DefaultListableBeanFactory     : Creating shared instance of singleton bean 'org.springframework.context.annotation.internalConfigurationAnnotationProcessor'
2026-03-05T10:42:53.685+05:30 TRACE 24928 --- [Java-SLF4J] [main] o.s.b.f.s.DefaultListableBeanFactory     : Creating instance of bean 'org.springframework.context.annotation.internalConfigurationAnnotationProcessor'
2026-03-05T10:42:53.695+05:30 DEBUG 24928 --- [Java-SLF4J] [main] o.s.b.f.s.DefaultListableBeanFactory     : Creating shared instance of singleton bean 'org.springframework.boot.autoconfigure.internalCachingMetadataReaderFactory'
2026-03-05T10:42:53.695+05:30 TRACE 24928 --- [Java-SLF4J] [main] o.s.b.f.s.DefaultListableBeanFactory     : Creating instance of bean 'org.springframework.boot.autoconfigure.internalCachingMetadataReaderFactory'
2026-03-05T10:42:53.696+05:30 TRACE 24928 --- [Java-SLF4J] [main] o.s.b.f.s.DefaultListableBeanFactory     : Finished creating instance of bean 'org.springframework.boot.autoconfigure.internalCachingMetadataReaderFactory'
2026-03-05T10:42:53.698+05:30 TRACE 24928 --- [Java-SLF4J] [main] o.s.c.io.support.SpringFactoriesLoader   : Loaded [org.springframework.beans.BeanInfoFactory] names: []
2026-03-05T10:42:53.698+05:30 TRACE 24928 --- [Java-SLF4J] [main] o.s.beans.CachedIntrospectionResults     : Getting BeanInfo for class [org.springframework.context.annotation.ConfigurationClassPostProcessor]
2026-03-05T10:42:53.700+05:30 TRACE 24928 --- [Java-SLF4J] [main] o.s.beans.CachedIntrospectionResults     : Caching PropertyDescriptors for class [org.springframework.context.annotation.ConfigurationClassPostProcessor]
2026-03-05T10:42:53.700+05:30 TRACE 24928 --- [Java-SLF4J] [main] o.s.beans.CachedIntrospectionResults     : Found bean property 'applicationStartup' of type [org.springframework.core.metrics.ApplicationStartup]
2026-03-05T10:42:53.700+05:30 TRACE 24928 --- [Java-SLF4J] [main] o.s.beans.CachedIntrospectionResults     : Found bean property 'beanClassLoader' of type [java.lang.ClassLoader]
2026-03-05T10:42:53.700+05:30 TRACE 24928 --- [Java-SLF4J] [main] o.s.beans.CachedIntrospectionResults     : Found bean property 'beanExcludedFromAotProcessing' of type [boolean]
2026-03-05T10:42:53.701+05:30 TRACE 24928 --- [Java-SLF4J] [main] o.s.beans.CachedIntrospectionResults     : Found bean property 'beanNameGenerator' of type [org.springframework.beans.factory.support.BeanNameGenerator]
2026-03-05T10:42:53.701+05:30 TRACE 24928 --- [Java-SLF4J] [main] o.s.beans.CachedIntrospectionResults     : Found bean property 'class' of type [java.lang.Class]
2026-03-05T10:42:53.701+05:30 TRACE 24928 --- [Java-SLF4J] [main] o.s.beans.CachedIntrospectionResults     : Found bean property 'environment' of type [org.springframework.core.env.Environment]
2026-03-05T10:42:53.701+05:30 TRACE 24928 --- [Java-SLF4J] [main] o.s.beans.CachedIntrospectionResults     : Found bean property 'metadataReaderFactory' of type [org.springframework.core.type.classreading.MetadataReaderFactory]
2026-03-05T10:42:53.701+05:30 TRACE 24928 --- [Java-SLF4J] [main] o.s.beans.CachedIntrospectionResults     : Found bean property 'order' of type [int]
2026-03-05T10:42:53.701+05:30 TRACE 24928 --- [Java-SLF4J] [main] o.s.beans.CachedIntrospectionResults     : Found bean property 'problemReporter' of type [org.springframework.beans.factory.parsing.ProblemReporter]
2026-03-05T10:42:53.701+05:30 TRACE 24928 --- [Java-SLF4J] [main] o.s.beans.CachedIntrospectionResults     : Found bean property 'resourceLoader' of type [org.springframework.core.io.ResourceLoader]
2026-03-05T10:42:53.701+05:30 TRACE 24928 --- [Java-SLF4J] [main] o.s.beans.CachedIntrospectionResults     : Found bean property 'sourceExtractor' of type [org.springframework.beans.factory.parsing.SourceExtractor]
2026-03-05T10:42:53.704+05:30 TRACE 24928 --- [Java-SLF4J] [main] o.s.b.f.s.DefaultListableBeanFactory     : Finished creating instance of bean 'org.springframework.context.annotation.internalConfigurationAnnotationProcessor'
2026-03-05T10:42:53.713+05:30 TRACE 24928 --- [Java-SLF4J] [main] .i.s.PathMatchingResourcePatternResolver : Resolved module-path location pattern [com/dhyana/javaslf4j/**/*.class] to resources []
2026-03-05T10:42:53.714+05:30 TRACE 24928 --- [Java-SLF4J] [main] .i.s.PathMatchingResourcePatternResolver : Resolved module-path location pattern [com/dhyana/javaslf4j/] to resources []
2026-03-05T10:42:53.715+05:30 TRACE 24928 --- [Java-SLF4J] [main] .i.s.PathMatchingResourcePatternResolver : Resolved class path location [com/dhyana/javaslf4j/] to resources [file [D:\Java-SLF4J\target\classes\com\dhyana\javaslf4j]]
2026-03-05T10:42:53.716+05:30 TRACE 24928 --- [Java-SLF4J] [main] .i.s.PathMatchingResourcePatternResolver : Searching directory [D:\Java-SLF4J\target\classes\com\dhyana\javaslf4j] for files matching pattern [**/*.class]
2026-03-05T10:42:53.719+05:30 TRACE 24928 --- [Java-SLF4J] [main] .i.s.PathMatchingResourcePatternResolver : Resolved location pattern [classpath*:com/dhyana/javaslf4j/**/*.class] to resources [file [D:\Java-SLF4J\target\classes\com\dhyana\javaslf4j\BasicController.class], file [D:\Java-SLF4J\target\classes\com\dhyana\javaslf4j\JavaSlf4JApplication.class]]
2026-03-05T10:42:53.719+05:30 TRACE 24928 --- [Java-SLF4J] [main] o.s.c.a.ClassPathBeanDefinitionScanner   : Scanning file [D:\Java-SLF4J\target\classes\com\dhyana\javaslf4j\BasicController.class]
2026-03-05T10:42:53.746+05:30 DEBUG 24928 --- [Java-SLF4J] [main] o.s.c.a.ClassPathBeanDefinitionScanner   : Identified candidate component class: file [D:\Java-SLF4J\target\classes\com\dhyana\javaslf4j\BasicController.class]
2026-03-05T10:42:53.746+05:30 TRACE 24928 --- [Java-SLF4J] [main] o.s.c.a.ClassPathBeanDefinitionScanner   : Scanning file [D:\Java-SLF4J\target\classes\com\dhyana\javaslf4j\JavaSlf4JApplication.class]
2026-03-05T10:42:53.748+05:30 TRACE 24928 --- [Java-SLF4J] [main] o.s.c.a.ClassPathBeanDefinitionScanner   : Ignored because not matching any filter: file [D:\Java-SLF4J\target\classes\com\dhyana\javaslf4j\JavaSlf4JApplication.class]
2026-03-05T10:42:53.761+05:30 TRACE 24928 --- [Java-SLF4J] [main] o.s.c.io.support.SpringFactoriesLoader   : Loaded [org.springframework.boot.autoconfigure.AutoConfigurationImportFilter] names: [org.springframework.boot.autoconfigure.condition.OnBeanCondition, org.springframework.boot.autoconfigure.condition.OnClassCondition, org.springframework.boot.autoconfigure.condition.OnWebApplicationCondition]
2026-03-05T10:42:53.769+05:30 TRACE 24928 --- [Java-SLF4J] [main] o.s.b.f.s.DefaultListableBeanFactory     : Returning cached instance of singleton bean 'autoConfigurationReport'
2026-03-05T10:42:53.782+05:30 TRACE 24928 --- [Java-SLF4J] [main] o.s.b.a.condition.OnClassCondition       : Condition OnClassCondition on org.springframework.boot.tomcat.autoconfigure.actuate.web.server.TomcatReactiveManagementContextAutoConfiguration did not match due to @ConditionalOnClass did not find required class 'org.springframework.boot.actuate.autoconfigure.web.server.ManagementContextFactory'
2026-03-05T10:42:53.783+05:30 TRACE 24928 --- [Java-SLF4J] [main] o.s.b.a.condition.OnClassCondition       : Condition OnClassCondition on org.springframework.boot.tomcat.autoconfigure.actuate.web.server.TomcatServletManagementContextAutoConfiguration did not match due to @ConditionalOnClass did not find required class 'org.springframework.boot.actuate.autoconfigure.web.server.ManagementContextFactory'
2026-03-05T10:42:53.783+05:30 TRACE 24928 --- [Java-SLF4J] [main] o.s.b.a.condition.OnClassCondition       : Condition OnClassCondition on org.springframework.boot.tomcat.autoconfigure.metrics.TomcatMetricsAutoConfiguration did not match due to @ConditionalOnClass did not find required class 'io.micrometer.core.instrument.binder.tomcat.TomcatMetrics'
2026-03-05T10:42:53.783+05:30 TRACE 24928 --- [Java-SLF4J] [main] o.s.b.a.condition.OnClassCondition       : Condition OnClassCondition on org.springframework.boot.webmvc.autoconfigure.WebMvcObservationAutoConfiguration did not match due to @ConditionalOnClass did not find required class 'org.springframework.boot.micrometer.observation.autoconfigure.ObservationProperties'
2026-03-05T10:42:53.783+05:30 TRACE 24928 --- [Java-SLF4J] [main] o.s.b.a.condition.OnClassCondition       : Condition OnClassCondition on org.springframework.boot.webmvc.autoconfigure.actuate.endpoint.web.WebMvcHealthEndpointExtensionAutoConfiguration did not match due to @ConditionalOnClass did not find required class 'org.springframework.boot.health.actuate.endpoint.HealthEndpoint'
2026-03-05T10:42:53.783+05:30 TRACE 24928 --- [Java-SLF4J] [main] o.s.b.a.condition.OnClassCondition       : Condition OnClassCondition on org.springframework.boot.webmvc.autoconfigure.actuate.web.mappings.WebMvcMappingsAutoConfiguration did not match due to @ConditionalOnClass did not find required class 'org.springframework.boot.actuate.autoconfigure.endpoint.condition.ConditionalOnAvailableEndpoint'
2026-03-05T10:42:53.783+05:30 TRACE 24928 --- [Java-SLF4J] [main] o.s.b.a.condition.OnClassCondition       : Condition OnClassCondition on org.springframework.boot.servlet.autoconfigure.actuate.web.ServletManagementContextAutoConfiguration did not match due to @ConditionalOnClass did not find required class 'org.springframework.boot.actuate.autoconfigure.endpoint.web.WebEndpointProperties'
2026-03-05T10:42:53.783+05:30 TRACE 24928 --- [Java-SLF4J] [main] o.s.b.a.condition.OnClassCondition       : Condition OnClassCondition on org.springframework.boot.servlet.autoconfigure.actuate.web.mappings.ServletMappingsAutoConfiguration did not match due to @ConditionalOnClass did not find required class 'org.springframework.boot.actuate.autoconfigure.endpoint.condition.ConditionalOnAvailableEndpoint'
2026-03-05T10:42:53.783+05:30 TRACE 24928 --- [Java-SLF4J] [main] o.s.b.f.s.DefaultListableBeanFactory     : Returning cached instance of singleton bean 'autoConfigurationReport'
2026-03-05T10:42:53.783+05:30 TRACE 24928 --- [Java-SLF4J] [main] o.s.b.a.c.OnWebApplicationCondition      : Condition OnWebApplicationCondition on org.springframework.boot.tomcat.autoconfigure.reactive.TomcatReactiveWebServerAutoConfiguration did not match due to @ConditionalOnWebApplication did not find reactive web application classes
2026-03-05T10:42:53.783+05:30 TRACE 24928 --- [Java-SLF4J] [main] o.s.b.f.s.DefaultListableBeanFactory     : Returning cached instance of singleton bean 'autoConfigurationReport'
2026-03-05T10:42:53.784+05:30 TRACE 24928 --- [Java-SLF4J] [main] o.s.b.a.condition.OnBeanCondition        : Condition OnBeanCondition on org.springframework.boot.servlet.autoconfigure.actuate.web.exchanges.ServletHttpExchangesAutoConfiguration did not match due to @ConditionalOnBean did not find required type 'org.springframework.boot.actuate.web.exchanges.HttpExchangeRepository'
2026-03-05T10:42:53.786+05:30 TRACE 24928 --- [Java-SLF4J] [main] o.s.b.a.AutoConfigurationImportSelector  : Filtered 10 auto configuration class in 14 ms
2026-03-05T10:42:53.787+05:30 TRACE 24928 --- [Java-SLF4J] [main] o.s.c.io.support.SpringFactoriesLoader   : Loaded [org.springframework.boot.autoconfigure.AutoConfigurationImportListener] names: [org.springframework.boot.autoconfigure.condition.ConditionEvaluationReportAutoConfigurationImportListener]
2026-03-05T10:42:53.787+05:30 TRACE 24928 --- [Java-SLF4J] [main] o.s.b.f.s.DefaultListableBeanFactory     : Returning cached instance of singleton bean 'autoConfigurationReport'
2026-03-05T10:42:53.790+05:30 TRACE 24928 --- [Java-SLF4J] [main] o.s.b.f.s.DefaultListableBeanFactory     : Returning cached instance of singleton bean 'org.springframework.boot.autoconfigure.internalCachingMetadataReaderFactory'
2026-03-05T10:42:53.796+05:30 TRACE 24928 --- [Java-SLF4J] [main] o.s.b.f.s.DefaultListableBeanFactory     : Returning cached instance of singleton bean 'autoConfigurationReport'
2026-03-05T10:42:53.797+05:30 TRACE 24928 --- [Java-SLF4J] [main] o.s.b.f.s.DefaultListableBeanFactory     : Returning cached instance of singleton bean 'autoConfigurationReport'
2026-03-05T10:42:53.797+05:30 TRACE 24928 --- [Java-SLF4J] [main] o.s.b.f.s.DefaultListableBeanFactory     : Returning cached instance of singleton bean 'autoConfigurationReport'
2026-03-05T10:42:53.797+05:30 TRACE 24928 --- [Java-SLF4J] [main] o.s.b.f.s.DefaultListableBeanFactory     : Returning cached instance of singleton bean 'autoConfigurationReport'
2026-03-05T10:42:53.797+05:30 TRACE 24928 --- [Java-SLF4J] [main] o.s.b.f.s.DefaultListableBeanFactory     : Returning cached instance of singleton bean 'autoConfigurationReport'
2026-03-05T10:42:53.797+05:30 TRACE 24928 --- [Java-SLF4J] [main] o.s.b.f.s.DefaultListableBeanFactory     : Returning cached instance of singleton bean 'autoConfigurationReport'
2026-03-05T10:42:53.808+05:30 TRACE 24928 --- [Java-SLF4J] [main] .i.s.PathMatchingResourcePatternResolver : Resolved module-path location pattern [messages.properties] to resources []
2026-03-05T10:42:53.808+05:30 TRACE 24928 --- [Java-SLF4J] [main] .i.s.PathMatchingResourcePatternResolver : Resolved class path location [messages.properties] to resources []
2026-03-05T10:42:53.808+05:30 TRACE 24928 --- [Java-SLF4J] [main] utoConfiguration$ResourceBundleCondition : Condition MessageSourceAutoConfiguration.ResourceBundleCondition on org.springframework.boot.autoconfigure.context.MessageSourceAutoConfiguration did not match due to ResourceBundle did not find bundle with basename messages
2026-03-05T10:42:53.808+05:30 TRACE 24928 --- [Java-SLF4J] [main] o.s.b.f.s.DefaultListableBeanFactory     : Returning cached instance of singleton bean 'autoConfigurationReport'
2026-03-05T10:42:53.808+05:30 TRACE 24928 --- [Java-SLF4J] [main] o.s.b.f.s.DefaultListableBeanFactory     : Returning cached instance of singleton bean 'autoConfigurationReport'
2026-03-05T10:42:53.808+05:30 TRACE 24928 --- [Java-SLF4J] [main] o.s.b.f.s.DefaultListableBeanFactory     : Returning cached instance of singleton bean 'autoConfigurationReport'
2026-03-05T10:42:53.808+05:30 TRACE 24928 --- [Java-SLF4J] [main] o.s.b.f.s.DefaultListableBeanFactory     : Returning cached instance of singleton bean 'autoConfigurationReport'
2026-03-05T10:42:53.809+05:30 TRACE 24928 --- [Java-SLF4J] [main] o.s.b.f.s.DefaultListableBeanFactory     : Returning cached instance of singleton bean 'autoConfigurationReport'
2026-03-05T10:42:53.809+05:30 TRACE 24928 --- [Java-SLF4J] [main] o.s.b.f.s.DefaultListableBeanFactory     : Returning cached instance of singleton bean 'autoConfigurationReport'
2026-03-05T10:42:53.809+05:30 TRACE 24928 --- [Java-SLF4J] [main] o.s.b.f.s.DefaultListableBeanFactory     : Returning cached instance of singleton bean 'autoConfigurationReport'
2026-03-05T10:42:53.809+05:30 TRACE 24928 --- [Java-SLF4J] [main] o.s.b.f.s.DefaultListableBeanFactory     : Returning cached instance of singleton bean 'autoConfigurationReport'
2026-03-05T10:42:53.809+05:30 TRACE 24928 --- [Java-SLF4J] [main] o.s.b.f.s.DefaultListableBeanFactory     : Returning cached instance of singleton bean 'autoConfigurationReport'
2026-03-05T10:42:53.809+05:30 TRACE 24928 --- [Java-SLF4J] [main] o.s.b.f.s.DefaultListableBeanFactory     : Returning cached instance of singleton bean 'autoConfigurationReport'
2026-03-05T10:42:53.814+05:30 TRACE 24928 --- [Java-SLF4J] [main] o.s.b.f.s.DefaultListableBeanFactory     : Returning cached instance of singleton bean 'autoConfigurationReport'
2026-03-05T10:42:53.814+05:30 TRACE 24928 --- [Java-SLF4J] [main] o.s.b.f.s.DefaultListableBeanFactory     : Returning cached instance of singleton bean 'autoConfigurationReport'
2026-03-05T10:42:53.814+05:30 TRACE 24928 --- [Java-SLF4J] [main] o.s.b.f.s.DefaultListableBeanFactory     : Returning cached instance of singleton bean 'autoConfigurationReport'
2026-03-05T10:42:53.815+05:30 TRACE 24928 --- [Java-SLF4J] [main] o.s.b.f.s.DefaultListableBeanFactory     : Returning cached instance of singleton bean 'autoConfigurationReport'
2026-03-05T10:42:53.815+05:30 TRACE 24928 --- [Java-SLF4J] [main] o.s.b.f.s.DefaultListableBeanFactory     : Returning cached instance of singleton bean 'autoConfigurationReport'
2026-03-05T10:42:53.815+05:30 TRACE 24928 --- [Java-SLF4J] [main] o.s.b.f.s.DefaultListableBeanFactory     : Returning cached instance of singleton bean 'autoConfigurationReport'
2026-03-05T10:42:53.817+05:30 TRACE 24928 --- [Java-SLF4J] [main] o.s.b.a.condition.OnClassCondition       : Condition OnClassCondition on org.springframework.boot.webmvc.autoconfigure.DispatcherServletAutoConfiguration matched due to @ConditionalOnClass found required class 'org.springframework.web.servlet.DispatcherServlet'
2026-03-05T10:42:53.817+05:30 TRACE 24928 --- [Java-SLF4J] [main] o.s.b.f.s.DefaultListableBeanFactory     : Returning cached instance of singleton bean 'autoConfigurationReport'
2026-03-05T10:42:53.817+05:30 TRACE 24928 --- [Java-SLF4J] [main] o.s.b.a.c.OnWebApplicationCondition      : Condition OnWebApplicationCondition on org.springframework.boot.webmvc.autoconfigure.DispatcherServletAutoConfiguration matched due to found 'session' scope
2026-03-05T10:42:53.817+05:30 TRACE 24928 --- [Java-SLF4J] [main] o.s.b.f.s.DefaultListableBeanFactory     : Returning cached instance of singleton bean 'autoConfigurationReport'
2026-03-05T10:42:53.817+05:30 TRACE 24928 --- [Java-SLF4J] [main] o.s.b.f.s.DefaultListableBeanFactory     : Returning cached instance of singleton bean 'autoConfigurationReport'
2026-03-05T10:42:53.817+05:30 TRACE 24928 --- [Java-SLF4J] [main] o.s.b.f.s.DefaultListableBeanFactory     : Returning cached instance of singleton bean 'autoConfigurationReport'
2026-03-05T10:42:53.817+05:30 TRACE 24928 --- [Java-SLF4J] [main] o.s.b.f.s.DefaultListableBeanFactory     : Returning cached instance of singleton bean 'autoConfigurationReport'
2026-03-05T10:42:53.822+05:30 TRACE 24928 --- [Java-SLF4J] [main] o.s.b.a.condition.OnClassCondition       : Condition OnClassCondition on org.springframework.boot.webmvc.autoconfigure.DispatcherServletAutoConfiguration$DispatcherServletRegistrationConfiguration matched due to @ConditionalOnClass found required class 'jakarta.servlet.ServletRegistration'
2026-03-05T10:42:53.822+05:30 TRACE 24928 --- [Java-SLF4J] [main] o.s.b.f.s.DefaultListableBeanFactory     : Returning cached instance of singleton bean 'autoConfigurationReport'
2026-03-05T10:42:53.824+05:30 TRACE 24928 --- [Java-SLF4J] [main] n$DispatcherServletRegistrationCondition : Condition DispatcherServletAutoConfiguration.DispatcherServletRegistrationCondition on org.springframework.boot.webmvc.autoconfigure.DispatcherServletAutoConfiguration$DispatcherServletRegistrationConfiguration matched due to DispatcherServlet Registration did not find servlet registration bean
2026-03-05T10:42:53.824+05:30 TRACE 24928 --- [Java-SLF4J] [main] o.s.b.f.s.DefaultListableBeanFactory     : Returning cached instance of singleton bean 'autoConfigurationReport'
2026-03-05T10:42:53.825+05:30 TRACE 24928 --- [Java-SLF4J] [main] o.s.b.f.s.DefaultListableBeanFactory     : Returning cached instance of singleton bean 'autoConfigurationReport'
2026-03-05T10:42:53.825+05:30 TRACE 24928 --- [Java-SLF4J] [main] o.s.b.f.s.DefaultListableBeanFactory     : Returning cached instance of singleton bean 'autoConfigurationReport'
2026-03-05T10:42:53.825+05:30 TRACE 24928 --- [Java-SLF4J] [main] o.s.b.f.s.DefaultListableBeanFactory     : Returning cached instance of singleton bean 'autoConfigurationReport'
2026-03-05T10:42:53.828+05:30 TRACE 24928 --- [Java-SLF4J] [main] o.s.b.a.condition.OnClassCondition       : Condition OnClassCondition on org.springframework.boot.webmvc.autoconfigure.DispatcherServletAutoConfiguration$DispatcherServletConfiguration matched due to @ConditionalOnClass found required class 'jakarta.servlet.ServletRegistration'
2026-03-05T10:42:53.828+05:30 TRACE 24928 --- [Java-SLF4J] [main] o.s.b.f.s.DefaultListableBeanFactory     : Returning cached instance of singleton bean 'autoConfigurationReport'
2026-03-05T10:42:53.828+05:30 TRACE 24928 --- [Java-SLF4J] [main] ration$DefaultDispatcherServletCondition : Condition DispatcherServletAutoConfiguration.DefaultDispatcherServletCondition on org.springframework.boot.webmvc.autoconfigure.DispatcherServletAutoConfiguration$DispatcherServletConfiguration matched due to Default DispatcherServlet did not find dispatcher servlet beans
2026-03-05T10:42:53.828+05:30 TRACE 24928 --- [Java-SLF4J] [main] o.s.b.f.s.DefaultListableBeanFactory     : Returning cached instance of singleton bean 'autoConfigurationReport'
2026-03-05T10:42:53.828+05:30 TRACE 24928 --- [Java-SLF4J] [main] o.s.b.f.s.DefaultListableBeanFactory     : Returning cached instance of singleton bean 'autoConfigurationReport'
2026-03-05T10:42:53.828+05:30 TRACE 24928 --- [Java-SLF4J] [main] o.s.b.f.s.DefaultListableBeanFactory     : Returning cached instance of singleton bean 'autoConfigurationReport'
2026-03-05T10:42:53.828+05:30 TRACE 24928 --- [Java-SLF4J] [main] o.s.b.f.s.DefaultListableBeanFactory     : Returning cached instance of singleton bean 'autoConfigurationReport'
2026-03-05T10:42:53.829+05:30 TRACE 24928 --- [Java-SLF4J] [main] o.s.b.a.condition.OnClassCondition       : Condition OnClassCondition on org.springframework.boot.webmvc.autoconfigure.DispatcherServletAutoConfiguration$DispatcherServletConfiguration matched due to @ConditionalOnClass found required class 'jakarta.servlet.ServletRegistration'
2026-03-05T10:42:53.829+05:30 TRACE 24928 --- [Java-SLF4J] [main] o.s.b.f.s.DefaultListableBeanFactory     : Returning cached instance of singleton bean 'autoConfigurationReport'
2026-03-05T10:42:53.829+05:30 TRACE 24928 --- [Java-SLF4J] [main] ration$DefaultDispatcherServletCondition : Condition DispatcherServletAutoConfiguration.DefaultDispatcherServletCondition on org.springframework.boot.webmvc.autoconfigure.DispatcherServletAutoConfiguration$DispatcherServletConfiguration matched due to Default DispatcherServlet did not find dispatcher servlet beans
2026-03-05T10:42:53.829+05:30 TRACE 24928 --- [Java-SLF4J] [main] o.s.b.f.s.DefaultListableBeanFactory     : Returning cached instance of singleton bean 'autoConfigurationReport'
2026-03-05T10:42:53.830+05:30 TRACE 24928 --- [Java-SLF4J] [main] o.s.b.f.s.DefaultListableBeanFactory     : Returning cached instance of singleton bean 'autoConfigurationReport'
2026-03-05T10:42:53.830+05:30 TRACE 24928 --- [Java-SLF4J] [main] o.s.b.f.s.DefaultListableBeanFactory     : Returning cached instance of singleton bean 'autoConfigurationReport'
2026-03-05T10:42:53.830+05:30 TRACE 24928 --- [Java-SLF4J] [main] o.s.b.f.s.DefaultListableBeanFactory     : Returning cached instance of singleton bean 'autoConfigurationReport'
2026-03-05T10:42:53.830+05:30 TRACE 24928 --- [Java-SLF4J] [main] o.s.b.f.s.DefaultListableBeanFactory     : Returning cached instance of singleton bean 'autoConfigurationReport'
2026-03-05T10:42:53.830+05:30 TRACE 24928 --- [Java-SLF4J] [main] o.s.b.f.s.DefaultListableBeanFactory     : Returning cached instance of singleton bean 'autoConfigurationReport'
2026-03-05T10:42:53.830+05:30 TRACE 24928 --- [Java-SLF4J] [main] o.s.b.f.s.DefaultListableBeanFactory     : Returning cached instance of singleton bean 'autoConfigurationReport'
2026-03-05T10:42:53.831+05:30 TRACE 24928 --- [Java-SLF4J] [main] o.s.b.a.condition.OnClassCondition       : Condition OnClassCondition on org.springframework.boot.autoconfigure.task.TaskExecutionAutoConfiguration matched due to @ConditionalOnClass found required class 'org.springframework.scheduling.concurrent.ThreadPoolTaskExecutor'
2026-03-05T10:42:53.831+05:30 TRACE 24928 --- [Java-SLF4J] [main] o.s.b.f.s.DefaultListableBeanFactory     : Returning cached instance of singleton bean 'autoConfigurationReport'
2026-03-05T10:42:53.831+05:30 TRACE 24928 --- [Java-SLF4J] [main] o.s.b.f.s.DefaultListableBeanFactory     : Returning cached instance of singleton bean 'autoConfigurationReport'
2026-03-05T10:42:53.831+05:30 TRACE 24928 --- [Java-SLF4J] [main] o.s.b.f.s.DefaultListableBeanFactory     : Returning cached instance of singleton bean 'autoConfigurationReport'
2026-03-05T10:42:53.831+05:30 TRACE 24928 --- [Java-SLF4J] [main] o.s.b.f.s.DefaultListableBeanFactory     : Returning cached instance of singleton bean 'autoConfigurationReport'
2026-03-05T10:42:53.836+05:30 TRACE 24928 --- [Java-SLF4J] [main] o.s.b.f.s.DefaultListableBeanFactory     : Returning cached instance of singleton bean 'autoConfigurationReport'
2026-03-05T10:42:53.836+05:30 TRACE 24928 --- [Java-SLF4J] [main] o.s.b.f.s.DefaultListableBeanFactory     : Returning cached instance of singleton bean 'autoConfigurationReport'
2026-03-05T10:42:53.836+05:30 TRACE 24928 --- [Java-SLF4J] [main] o.s.b.f.s.DefaultListableBeanFactory     : Returning cached instance of singleton bean 'autoConfigurationReport'
2026-03-05T10:42:53.836+05:30 TRACE 24928 --- [Java-SLF4J] [main] o.s.b.f.s.DefaultListableBeanFactory     : Returning cached instance of singleton bean 'autoConfigurationReport'
2026-03-05T10:42:53.836+05:30 TRACE 24928 --- [Java-SLF4J] [main] o.s.b.f.s.DefaultListableBeanFactory     : Returning cached instance of singleton bean 'autoConfigurationReport'
2026-03-05T10:42:53.836+05:30 TRACE 24928 --- [Java-SLF4J] [main] o.s.b.f.s.DefaultListableBeanFactory     : Returning cached instance of singleton bean 'autoConfigurationReport'
2026-03-05T10:42:53.837+05:30 TRACE 24928 --- [Java-SLF4J] [main] o.s.b.f.s.DefaultListableBeanFactory     : Returning cached instance of singleton bean 'autoConfigurationReport'
2026-03-05T10:42:53.837+05:30 TRACE 24928 --- [Java-SLF4J] [main] o.s.b.f.s.DefaultListableBeanFactory     : Returning cached instance of singleton bean 'autoConfigurationReport'
2026-03-05T10:42:53.837+05:30 TRACE 24928 --- [Java-SLF4J] [main] o.s.b.f.s.DefaultListableBeanFactory     : Returning cached instance of singleton bean 'autoConfigurationReport'
2026-03-05T10:42:53.838+05:30 TRACE 24928 --- [Java-SLF4J] [main] o.s.b.f.s.DefaultListableBeanFactory     : Returning cached instance of singleton bean 'autoConfigurationReport'
2026-03-05T10:42:53.838+05:30 TRACE 24928 --- [Java-SLF4J] [main] o.s.b.f.s.DefaultListableBeanFactory     : Returning cached instance of singleton bean 'autoConfigurationReport'
2026-03-05T10:42:53.838+05:30 TRACE 24928 --- [Java-SLF4J] [main] o.s.b.f.s.DefaultListableBeanFactory     : Returning cached instance of singleton bean 'autoConfigurationReport'
2026-03-05T10:42:53.838+05:30 TRACE 24928 --- [Java-SLF4J] [main] o.s.b.f.s.DefaultListableBeanFactory     : Returning cached instance of singleton bean 'autoConfigurationReport'
2026-03-05T10:42:53.838+05:30 TRACE 24928 --- [Java-SLF4J] [main] o.s.b.f.s.DefaultListableBeanFactory     : Returning cached instance of singleton bean 'autoConfigurationReport'
2026-03-05T10:42:53.838+05:30 TRACE 24928 --- [Java-SLF4J] [main] o.s.b.f.s.DefaultListableBeanFactory     : Returning cached instance of singleton bean 'autoConfigurationReport'
2026-03-05T10:42:53.840+05:30 TRACE 24928 --- [Java-SLF4J] [main] o.s.b.f.s.DefaultListableBeanFactory     : Returning cached instance of singleton bean 'autoConfigurationReport'
2026-03-05T10:42:53.840+05:30 TRACE 24928 --- [Java-SLF4J] [main] o.s.b.f.s.DefaultListableBeanFactory     : Returning cached instance of singleton bean 'autoConfigurationReport'
2026-03-05T10:42:53.840+05:30 TRACE 24928 --- [Java-SLF4J] [main] o.s.b.f.s.DefaultListableBeanFactory     : Returning cached instance of singleton bean 'autoConfigurationReport'
2026-03-05T10:42:53.841+05:30 TRACE 24928 --- [Java-SLF4J] [main] o.s.b.f.s.DefaultListableBeanFactory     : Returning cached instance of singleton bean 'autoConfigurationReport'
2026-03-05T10:42:53.841+05:30 TRACE 24928 --- [Java-SLF4J] [main] o.s.b.f.s.DefaultListableBeanFactory     : Returning cached instance of singleton bean 'autoConfigurationReport'
2026-03-05T10:42:53.841+05:30 TRACE 24928 --- [Java-SLF4J] [main] o.s.b.f.s.DefaultListableBeanFactory     : Returning cached instance of singleton bean 'autoConfigurationReport'
2026-03-05T10:42:53.841+05:30 TRACE 24928 --- [Java-SLF4J] [main] o.s.b.f.s.DefaultListableBeanFactory     : Returning cached instance of singleton bean 'autoConfigurationReport'
2026-03-05T10:42:53.841+05:30 TRACE 24928 --- [Java-SLF4J] [main] o.s.b.f.s.DefaultListableBeanFactory     : Returning cached instance of singleton bean 'autoConfigurationReport'
2026-03-05T10:42:53.841+05:30 TRACE 24928 --- [Java-SLF4J] [main] o.s.b.f.s.DefaultListableBeanFactory     : Returning cached instance of singleton bean 'autoConfigurationReport'
2026-03-05T10:42:53.842+05:30 TRACE 24928 --- [Java-SLF4J] [main] o.s.b.a.condition.OnClassCondition       : Condition OnClassCondition on org.springframework.boot.webmvc.autoconfigure.error.ErrorMvcAutoConfiguration matched due to @ConditionalOnClass found required classes 'jakarta.servlet.Servlet', 'org.springframework.web.servlet.DispatcherServlet'
2026-03-05T10:42:53.843+05:30 TRACE 24928 --- [Java-SLF4J] [main] o.s.b.f.s.DefaultListableBeanFactory     : Returning cached instance of singleton bean 'autoConfigurationReport'
2026-03-05T10:42:53.843+05:30 TRACE 24928 --- [Java-SLF4J] [main] o.s.b.a.c.OnWebApplicationCondition      : Condition OnWebApplicationCondition on org.springframework.boot.webmvc.autoconfigure.error.ErrorMvcAutoConfiguration matched due to found 'session' scope
2026-03-05T10:42:53.843+05:30 TRACE 24928 --- [Java-SLF4J] [main] o.s.b.f.s.DefaultListableBeanFactory     : Returning cached instance of singleton bean 'autoConfigurationReport'
2026-03-05T10:42:53.843+05:30 TRACE 24928 --- [Java-SLF4J] [main] o.s.b.f.s.DefaultListableBeanFactory     : Returning cached instance of singleton bean 'autoConfigurationReport'
2026-03-05T10:42:53.843+05:30 TRACE 24928 --- [Java-SLF4J] [main] o.s.b.f.s.DefaultListableBeanFactory     : Returning cached instance of singleton bean 'autoConfigurationReport'
2026-03-05T10:42:53.843+05:30 TRACE 24928 --- [Java-SLF4J] [main] o.s.b.f.s.DefaultListableBeanFactory     : Returning cached instance of singleton bean 'autoConfigurationReport'
2026-03-05T10:42:53.848+05:30 TRACE 24928 --- [Java-SLF4J] [main] o.s.b.a.condition.OnPropertyCondition    : Condition OnPropertyCondition on org.springframework.boot.webmvc.autoconfigure.error.ErrorMvcAutoConfiguration$WhitelabelErrorViewConfiguration matched due to @ConditionalOnBooleanProperty (spring.web.error.whitelabel.enabled=true) matched
2026-03-05T10:42:53.850+05:30 TRACE 24928 --- [Java-SLF4J] [main] o.s.b.f.s.DefaultListableBeanFactory     : Returning cached instance of singleton bean 'autoConfigurationReport'
2026-03-05T10:42:53.850+05:30 TRACE 24928 --- [Java-SLF4J] [main] o.s.c.io.support.SpringFactoriesLoader   : Loaded [org.springframework.boot.autoconfigure.template.TemplateAvailabilityProvider] names: [org.springframework.boot.webmvc.autoconfigure.JspTemplateAvailabilityProvider]
2026-03-05T10:42:53.851+05:30 TRACE 24928 --- [Java-SLF4J] [main] figuration$ErrorTemplateMissingCondition : Condition ErrorMvcAutoConfiguration.ErrorTemplateMissingCondition on org.springframework.boot.webmvc.autoconfigure.error.ErrorMvcAutoConfiguration$WhitelabelErrorViewConfiguration matched due to ErrorTemplate Missing did not find error template view
2026-03-05T10:42:53.851+05:30 TRACE 24928 --- [Java-SLF4J] [main] o.s.b.f.s.DefaultListableBeanFactory     : Returning cached instance of singleton bean 'autoConfigurationReport'
2026-03-05T10:42:53.851+05:30 TRACE 24928 --- [Java-SLF4J] [main] o.s.b.f.s.DefaultListableBeanFactory     : Returning cached instance of singleton bean 'autoConfigurationReport'
2026-03-05T10:42:53.851+05:30 TRACE 24928 --- [Java-SLF4J] [main] o.s.b.f.s.DefaultListableBeanFactory     : Returning cached instance of singleton bean 'autoConfigurationReport'
2026-03-05T10:42:53.851+05:30 TRACE 24928 --- [Java-SLF4J] [main] o.s.b.f.s.DefaultListableBeanFactory     : Returning cached instance of singleton bean 'autoConfigurationReport'
2026-03-05T10:42:53.852+05:30 TRACE 24928 --- [Java-SLF4J] [main] o.s.b.f.s.DefaultListableBeanFactory     : Returning cached instance of singleton bean 'autoConfigurationReport'
2026-03-05T10:42:53.852+05:30 TRACE 24928 --- [Java-SLF4J] [main] o.s.b.f.s.DefaultListableBeanFactory     : Returning cached instance of singleton bean 'autoConfigurationReport'
2026-03-05T10:42:53.852+05:30 TRACE 24928 --- [Java-SLF4J] [main] o.s.b.f.s.DefaultListableBeanFactory     : Returning cached instance of singleton bean 'autoConfigurationReport'
2026-03-05T10:42:53.853+05:30 TRACE 24928 --- [Java-SLF4J] [main] o.s.b.f.s.DefaultListableBeanFactory     : Returning cached instance of singleton bean 'autoConfigurationReport'
2026-03-05T10:42:53.853+05:30 TRACE 24928 --- [Java-SLF4J] [main] o.s.b.f.s.DefaultListableBeanFactory     : Returning cached instance of singleton bean 'autoConfigurationReport'
2026-03-05T10:42:53.853+05:30 TRACE 24928 --- [Java-SLF4J] [main] o.s.b.f.s.DefaultListableBeanFactory     : Returning cached instance of singleton bean 'autoConfigurationReport'
2026-03-05T10:42:53.853+05:30 TRACE 24928 --- [Java-SLF4J] [main] o.s.b.f.s.DefaultListableBeanFactory     : Returning cached instance of singleton bean 'autoConfigurationReport'
2026-03-05T10:42:53.853+05:30 TRACE 24928 --- [Java-SLF4J] [main] o.s.b.f.s.DefaultListableBeanFactory     : Returning cached instance of singleton bean 'autoConfigurationReport'
2026-03-05T10:42:53.853+05:30 TRACE 24928 --- [Java-SLF4J] [main] o.s.b.f.s.DefaultListableBeanFactory     : Returning cached instance of singleton bean 'autoConfigurationReport'
2026-03-05T10:42:53.854+05:30 TRACE 24928 --- [Java-SLF4J] [main] o.s.b.a.condition.OnClassCondition       : Condition OnClassCondition on org.springframework.boot.webmvc.autoconfigure.WebMvcAutoConfiguration matched due to @ConditionalOnClass found required classes 'jakarta.servlet.Servlet', 'org.springframework.web.servlet.DispatcherServlet', 'org.springframework.web.servlet.config.annotation.WebMvcConfigurer'
2026-03-05T10:42:53.854+05:30 TRACE 24928 --- [Java-SLF4J] [main] o.s.b.f.s.DefaultListableBeanFactory     : Returning cached instance of singleton bean 'autoConfigurationReport'
2026-03-05T10:42:53.854+05:30 TRACE 24928 --- [Java-SLF4J] [main] o.s.b.a.c.OnWebApplicationCondition      : Condition OnWebApplicationCondition on org.springframework.boot.webmvc.autoconfigure.WebMvcAutoConfiguration matched due to found 'session' scope
2026-03-05T10:42:53.854+05:30 TRACE 24928 --- [Java-SLF4J] [main] o.s.b.f.s.DefaultListableBeanFactory     : Returning cached instance of singleton bean 'autoConfigurationReport'
2026-03-05T10:42:53.854+05:30 TRACE 24928 --- [Java-SLF4J] [main] o.s.b.f.s.DefaultListableBeanFactory     : Returning cached instance of singleton bean 'autoConfigurationReport'
2026-03-05T10:42:53.854+05:30 TRACE 24928 --- [Java-SLF4J] [main] o.s.b.f.s.DefaultListableBeanFactory     : Returning cached instance of singleton bean 'autoConfigurationReport'
2026-03-05T10:42:53.854+05:30 TRACE 24928 --- [Java-SLF4J] [main] o.s.b.f.s.DefaultListableBeanFactory     : Returning cached instance of singleton bean 'autoConfigurationReport'
2026-03-05T10:42:53.860+05:30 TRACE 24928 --- [Java-SLF4J] [main] o.s.b.f.s.DefaultListableBeanFactory     : Returning cached instance of singleton bean 'autoConfigurationReport'
2026-03-05T10:42:53.861+05:30 TRACE 24928 --- [Java-SLF4J] [main] o.s.b.f.s.DefaultListableBeanFactory     : Returning cached instance of singleton bean 'autoConfigurationReport'
2026-03-05T10:42:53.861+05:30 TRACE 24928 --- [Java-SLF4J] [main] o.s.b.f.s.DefaultListableBeanFactory     : Returning cached instance of singleton bean 'autoConfigurationReport'
2026-03-05T10:42:53.867+05:30 TRACE 24928 --- [Java-SLF4J] [main] o.s.b.f.s.DefaultListableBeanFactory     : Returning cached instance of singleton bean 'autoConfigurationReport'
2026-03-05T10:42:53.867+05:30 TRACE 24928 --- [Java-SLF4J] [main] o.s.b.f.s.DefaultListableBeanFactory     : Returning cached instance of singleton bean 'autoConfigurationReport'
2026-03-05T10:42:53.867+05:30 TRACE 24928 --- [Java-SLF4J] [main] o.s.b.f.s.DefaultListableBeanFactory     : Returning cached instance of singleton bean 'autoConfigurationReport'
2026-03-05T10:42:53.869+05:30 TRACE 24928 --- [Java-SLF4J] [main] o.s.b.a.condition.OnPropertyCondition    : Condition OnPropertyCondition on org.springframework.boot.webmvc.autoconfigure.WebMvcAutoConfiguration$ProblemDetailsErrorHandlingConfiguration did not match due to @ConditionalOnBooleanProperty (spring.mvc.problemdetails.enabled=true) did not find property 'spring.mvc.problemdetails.enabled'
2026-03-05T10:42:53.869+05:30 TRACE 24928 --- [Java-SLF4J] [main] o.s.b.f.s.DefaultListableBeanFactory     : Returning cached instance of singleton bean 'autoConfigurationReport'
2026-03-05T10:42:53.870+05:30 TRACE 24928 --- [Java-SLF4J] [main] .s.b.a.w.OnEnabledResourceChainCondition : Condition OnEnabledResourceChainCondition on org.springframework.boot.webmvc.autoconfigure.WebMvcAutoConfiguration$ResourceChainCustomizerConfiguration did not match due to @ConditionalOnEnabledResourceChain did not find class org.webjars.WebJarVersionLocator
2026-03-05T10:42:53.870+05:30 TRACE 24928 --- [Java-SLF4J] [main] o.s.b.f.s.DefaultListableBeanFactory     : Returning cached instance of singleton bean 'autoConfigurationReport'
2026-03-05T10:42:53.870+05:30 TRACE 24928 --- [Java-SLF4J] [main] o.s.b.f.s.DefaultListableBeanFactory     : Returning cached instance of singleton bean 'autoConfigurationReport'
2026-03-05T10:42:53.870+05:30 TRACE 24928 --- [Java-SLF4J] [main] o.s.b.f.s.DefaultListableBeanFactory     : Returning cached instance of singleton bean 'autoConfigurationReport'
2026-03-05T10:42:53.870+05:30 TRACE 24928 --- [Java-SLF4J] [main] o.s.b.f.s.DefaultListableBeanFactory     : Returning cached instance of singleton bean 'autoConfigurationReport'
2026-03-05T10:42:53.871+05:30 TRACE 24928 --- [Java-SLF4J] [main] o.s.b.f.s.DefaultListableBeanFactory     : Returning cached instance of singleton bean 'autoConfigurationReport'
2026-03-05T10:42:53.871+05:30 TRACE 24928 --- [Java-SLF4J] [main] o.s.b.f.s.DefaultListableBeanFactory     : Returning cached instance of singleton bean 'autoConfigurationReport'
2026-03-05T10:42:53.871+05:30 TRACE 24928 --- [Java-SLF4J] [main] o.s.b.f.s.DefaultListableBeanFactory     : Returning cached instance of singleton bean 'autoConfigurationReport'
2026-03-05T10:42:53.871+05:30 TRACE 24928 --- [Java-SLF4J] [main] o.s.b.a.condition.OnClassCondition       : Condition OnClassCondition on org.springframework.boot.autoconfigure.jmx.JmxAutoConfiguration matched due to @ConditionalOnClass found required class 'org.springframework.jmx.export.MBeanExporter'
2026-03-05T10:42:53.871+05:30 TRACE 24928 --- [Java-SLF4J] [main] o.s.b.f.s.DefaultListableBeanFactory     : Returning cached instance of singleton bean 'autoConfigurationReport'
2026-03-05T10:42:53.872+05:30 TRACE 24928 --- [Java-SLF4J] [main] o.s.b.a.condition.OnPropertyCondition    : Condition OnPropertyCondition on org.springframework.boot.autoconfigure.jmx.JmxAutoConfiguration did not match due to @ConditionalOnBooleanProperty (spring.jmx.enabled=true) did not find property 'spring.jmx.enabled'
2026-03-05T10:42:53.872+05:30 TRACE 24928 --- [Java-SLF4J] [main] o.s.b.f.s.DefaultListableBeanFactory     : Returning cached instance of singleton bean 'autoConfigurationReport'
2026-03-05T10:42:53.872+05:30 TRACE 24928 --- [Java-SLF4J] [main] o.s.b.f.s.DefaultListableBeanFactory     : Returning cached instance of singleton bean 'autoConfigurationReport'
2026-03-05T10:42:53.872+05:30 TRACE 24928 --- [Java-SLF4J] [main] o.s.b.f.s.DefaultListableBeanFactory     : Returning cached instance of singleton bean 'autoConfigurationReport'
2026-03-05T10:42:53.872+05:30 TRACE 24928 --- [Java-SLF4J] [main] o.s.b.f.s.DefaultListableBeanFactory     : Returning cached instance of singleton bean 'autoConfigurationReport'
2026-03-05T10:42:53.872+05:30 TRACE 24928 --- [Java-SLF4J] [main] o.s.b.f.s.DefaultListableBeanFactory     : Returning cached instance of singleton bean 'autoConfigurationReport'
2026-03-05T10:42:53.872+05:30 TRACE 24928 --- [Java-SLF4J] [main] o.s.b.f.s.DefaultListableBeanFactory     : Returning cached instance of singleton bean 'autoConfigurationReport'
2026-03-05T10:42:53.872+05:30 TRACE 24928 --- [Java-SLF4J] [main] o.s.b.f.s.DefaultListableBeanFactory     : Returning cached instance of singleton bean 'autoConfigurationReport'
2026-03-05T10:42:53.873+05:30 TRACE 24928 --- [Java-SLF4J] [main] o.s.b.a.condition.OnPropertyCondition    : Condition OnPropertyCondition on org.springframework.boot.autoconfigure.admin.SpringApplicationAdminJmxAutoConfiguration did not match due to @ConditionalOnBooleanProperty (spring.application.admin.enabled=true) did not find property 'spring.application.admin.enabled'
2026-03-05T10:42:53.873+05:30 TRACE 24928 --- [Java-SLF4J] [main] o.s.b.f.s.DefaultListableBeanFactory     : Returning cached instance of singleton bean 'autoConfigurationReport'
2026-03-05T10:42:53.873+05:30 TRACE 24928 --- [Java-SLF4J] [main] o.s.b.f.s.DefaultListableBeanFactory     : Returning cached instance of singleton bean 'autoConfigurationReport'
2026-03-05T10:42:53.873+05:30 TRACE 24928 --- [Java-SLF4J] [main] o.s.b.f.s.DefaultListableBeanFactory     : Returning cached instance of singleton bean 'autoConfigurationReport'
2026-03-05T10:42:53.873+05:30 TRACE 24928 --- [Java-SLF4J] [main] o.s.b.f.s.DefaultListableBeanFactory     : Returning cached instance of singleton bean 'autoConfigurationReport'
2026-03-05T10:42:53.873+05:30 TRACE 24928 --- [Java-SLF4J] [main] o.s.b.f.s.DefaultListableBeanFactory     : Returning cached instance of singleton bean 'autoConfigurationReport'
2026-03-05T10:42:53.873+05:30 TRACE 24928 --- [Java-SLF4J] [main] o.s.b.f.s.DefaultListableBeanFactory     : Returning cached instance of singleton bean 'autoConfigurationReport'
2026-03-05T10:42:53.873+05:30 TRACE 24928 --- [Java-SLF4J] [main] o.s.b.f.s.DefaultListableBeanFactory     : Returning cached instance of singleton bean 'autoConfigurationReport'
2026-03-05T10:42:53.873+05:30 TRACE 24928 --- [Java-SLF4J] [main] o.s.b.a.condition.OnPropertyCondition    : Condition OnPropertyCondition on org.springframework.boot.autoconfigure.aop.AopAutoConfiguration matched due to @ConditionalOnBooleanProperty (spring.aop.auto=true) matched
2026-03-05T10:42:53.873+05:30 TRACE 24928 --- [Java-SLF4J] [main] o.s.b.f.s.DefaultListableBeanFactory     : Returning cached instance of singleton bean 'autoConfigurationReport'
2026-03-05T10:42:53.873+05:30 TRACE 24928 --- [Java-SLF4J] [main] o.s.b.f.s.DefaultListableBeanFactory     : Returning cached instance of singleton bean 'autoConfigurationReport'
2026-03-05T10:42:53.873+05:30 TRACE 24928 --- [Java-SLF4J] [main] o.s.b.f.s.DefaultListableBeanFactory     : Returning cached instance of singleton bean 'autoConfigurationReport'
2026-03-05T10:42:53.873+05:30 TRACE 24928 --- [Java-SLF4J] [main] o.s.b.f.s.DefaultListableBeanFactory     : Returning cached instance of singleton bean 'autoConfigurationReport'
2026-03-05T10:42:53.874+05:30 TRACE 24928 --- [Java-SLF4J] [main] o.s.b.a.condition.OnClassCondition       : Condition OnClassCondition on org.springframework.boot.autoconfigure.aop.AopAutoConfiguration$ClassProxyingConfiguration matched due to @ConditionalOnMissingClass did not find unwanted class 'org.aspectj.weaver.Advice'
2026-03-05T10:42:53.874+05:30 TRACE 24928 --- [Java-SLF4J] [main] o.s.b.f.s.DefaultListableBeanFactory     : Returning cached instance of singleton bean 'autoConfigurationReport'
2026-03-05T10:42:53.874+05:30 TRACE 24928 --- [Java-SLF4J] [main] o.s.b.a.condition.OnPropertyCondition    : Condition OnPropertyCondition on org.springframework.boot.autoconfigure.aop.AopAutoConfiguration$ClassProxyingConfiguration matched due to @ConditionalOnBooleanProperty (spring.aop.proxy-target-class=true) matched
2026-03-05T10:42:53.874+05:30 TRACE 24928 --- [Java-SLF4J] [main] o.s.b.f.s.DefaultListableBeanFactory     : Returning cached instance of singleton bean 'autoConfigurationReport'
2026-03-05T10:42:53.874+05:30 TRACE 24928 --- [Java-SLF4J] [main] o.s.b.f.s.DefaultListableBeanFactory     : Returning cached instance of singleton bean 'autoConfigurationReport'
2026-03-05T10:42:53.874+05:30 TRACE 24928 --- [Java-SLF4J] [main] o.s.b.f.s.DefaultListableBeanFactory     : Returning cached instance of singleton bean 'autoConfigurationReport'
2026-03-05T10:42:53.874+05:30 TRACE 24928 --- [Java-SLF4J] [main] o.s.b.f.s.DefaultListableBeanFactory     : Returning cached instance of singleton bean 'autoConfigurationReport'
2026-03-05T10:42:53.876+05:30 TRACE 24928 --- [Java-SLF4J] [main] o.s.b.a.condition.OnClassCondition       : Condition OnClassCondition on org.springframework.boot.autoconfigure.aop.AopAutoConfiguration$AspectJAutoProxyingConfiguration did not match due to @ConditionalOnClass did not find required class 'org.aspectj.weaver.Advice'
2026-03-05T10:42:53.876+05:30 TRACE 24928 --- [Java-SLF4J] [main] o.s.b.f.s.DefaultListableBeanFactory     : Returning cached instance of singleton bean 'autoConfigurationReport'
2026-03-05T10:42:53.876+05:30 TRACE 24928 --- [Java-SLF4J] [main] o.s.b.f.s.DefaultListableBeanFactory     : Returning cached instance of singleton bean 'autoConfigurationReport'
2026-03-05T10:42:53.876+05:30 TRACE 24928 --- [Java-SLF4J] [main] o.s.b.f.s.DefaultListableBeanFactory     : Returning cached instance of singleton bean 'autoConfigurationReport'
2026-03-05T10:42:53.876+05:30 TRACE 24928 --- [Java-SLF4J] [main] o.s.b.f.s.DefaultListableBeanFactory     : Returning cached instance of singleton bean 'autoConfigurationReport'
2026-03-05T10:42:53.876+05:30 TRACE 24928 --- [Java-SLF4J] [main] o.s.b.f.s.DefaultListableBeanFactory     : Returning cached instance of singleton bean 'autoConfigurationReport'
2026-03-05T10:42:53.876+05:30 TRACE 24928 --- [Java-SLF4J] [main] o.s.b.f.s.DefaultListableBeanFactory     : Returning cached instance of singleton bean 'autoConfigurationReport'
2026-03-05T10:42:53.876+05:30 TRACE 24928 --- [Java-SLF4J] [main] o.s.b.f.s.DefaultListableBeanFactory     : Returning cached instance of singleton bean 'autoConfigurationReport'
2026-03-05T10:42:53.876+05:30 TRACE 24928 --- [Java-SLF4J] [main] o.s.b.f.s.DefaultListableBeanFactory     : Returning cached instance of singleton bean 'autoConfigurationReport'
2026-03-05T10:42:53.876+05:30 TRACE 24928 --- [Java-SLF4J] [main] o.s.b.f.s.DefaultListableBeanFactory     : Returning cached instance of singleton bean 'autoConfigurationReport'
2026-03-05T10:42:53.876+05:30 TRACE 24928 --- [Java-SLF4J] [main] o.s.b.f.s.DefaultListableBeanFactory     : Returning cached instance of singleton bean 'autoConfigurationReport'
2026-03-05T10:42:53.876+05:30 TRACE 24928 --- [Java-SLF4J] [main] o.s.b.f.s.DefaultListableBeanFactory     : Returning cached instance of singleton bean 'autoConfigurationReport'
2026-03-05T10:42:53.876+05:30 TRACE 24928 --- [Java-SLF4J] [main] o.s.b.f.s.DefaultListableBeanFactory     : Returning cached instance of singleton bean 'autoConfigurationReport'
2026-03-05T10:42:53.876+05:30 TRACE 24928 --- [Java-SLF4J] [main] o.s.b.f.s.DefaultListableBeanFactory     : Returning cached instance of singleton bean 'autoConfigurationReport'
2026-03-05T10:42:53.876+05:30 TRACE 24928 --- [Java-SLF4J] [main] o.s.b.f.s.DefaultListableBeanFactory     : Returning cached instance of singleton bean 'autoConfigurationReport'
2026-03-05T10:42:53.876+05:30 TRACE 24928 --- [Java-SLF4J] [main] o.s.b.f.s.DefaultListableBeanFactory     : Returning cached instance of singleton bean 'autoConfigurationReport'
2026-03-05T10:42:53.876+05:30 TRACE 24928 --- [Java-SLF4J] [main] o.s.b.f.s.DefaultListableBeanFactory     : Returning cached instance of singleton bean 'autoConfigurationReport'
2026-03-05T10:42:53.877+05:30 TRACE 24928 --- [Java-SLF4J] [main] o.s.b.f.s.DefaultListableBeanFactory     : Returning cached instance of singleton bean 'autoConfigurationReport'
2026-03-05T10:42:53.877+05:30 TRACE 24928 --- [Java-SLF4J] [main] o.s.b.f.s.DefaultListableBeanFactory     : Returning cached instance of singleton bean 'autoConfigurationReport'
2026-03-05T10:42:53.877+05:30 TRACE 24928 --- [Java-SLF4J] [main] o.s.b.f.s.DefaultListableBeanFactory     : Returning cached instance of singleton bean 'autoConfigurationReport'
2026-03-05T10:42:53.877+05:30 TRACE 24928 --- [Java-SLF4J] [main] o.s.b.f.s.DefaultListableBeanFactory     : Returning cached instance of singleton bean 'autoConfigurationReport'
2026-03-05T10:42:53.877+05:30 TRACE 24928 --- [Java-SLF4J] [main] o.s.b.f.s.DefaultListableBeanFactory     : Returning cached instance of singleton bean 'autoConfigurationReport'
2026-03-05T10:42:53.877+05:30 TRACE 24928 --- [Java-SLF4J] [main] o.s.b.f.s.DefaultListableBeanFactory     : Returning cached instance of singleton bean 'autoConfigurationReport'
2026-03-05T10:42:53.877+05:30 TRACE 24928 --- [Java-SLF4J] [main] o.s.b.f.s.DefaultListableBeanFactory     : Returning cached instance of singleton bean 'autoConfigurationReport'
2026-03-05T10:42:53.877+05:30 TRACE 24928 --- [Java-SLF4J] [main] o.s.b.f.s.DefaultListableBeanFactory     : Returning cached instance of singleton bean 'autoConfigurationReport'
2026-03-05T10:42:53.877+05:30 TRACE 24928 --- [Java-SLF4J] [main] o.s.b.f.s.DefaultListableBeanFactory     : Returning cached instance of singleton bean 'autoConfigurationReport'
2026-03-05T10:42:53.877+05:30 TRACE 24928 --- [Java-SLF4J] [main] o.s.b.f.s.DefaultListableBeanFactory     : Returning cached instance of singleton bean 'autoConfigurationReport'
2026-03-05T10:42:53.877+05:30 TRACE 24928 --- [Java-SLF4J] [main] o.s.b.f.s.DefaultListableBeanFactory     : Returning cached instance of singleton bean 'autoConfigurationReport'
2026-03-05T10:42:53.877+05:30 TRACE 24928 --- [Java-SLF4J] [main] o.s.b.f.s.DefaultListableBeanFactory     : Returning cached instance of singleton bean 'autoConfigurationReport'
2026-03-05T10:42:53.878+05:30 TRACE 24928 --- [Java-SLF4J] [main] o.s.b.f.s.DefaultListableBeanFactory     : Returning cached instance of singleton bean 'autoConfigurationReport'
2026-03-05T10:42:53.878+05:30 TRACE 24928 --- [Java-SLF4J] [main] o.s.b.f.s.DefaultListableBeanFactory     : Returning cached instance of singleton bean 'autoConfigurationReport'
2026-03-05T10:42:53.878+05:30 TRACE 24928 --- [Java-SLF4J] [main] o.s.b.f.s.DefaultListableBeanFactory     : Returning cached instance of singleton bean 'autoConfigurationReport'
2026-03-05T10:42:53.878+05:30 TRACE 24928 --- [Java-SLF4J] [main] o.s.b.f.s.DefaultListableBeanFactory     : Returning cached instance of singleton bean 'autoConfigurationReport'
2026-03-05T10:42:53.878+05:30 TRACE 24928 --- [Java-SLF4J] [main] o.s.b.f.s.DefaultListableBeanFactory     : Returning cached instance of singleton bean 'autoConfigurationReport'
2026-03-05T10:42:53.878+05:30 TRACE 24928 --- [Java-SLF4J] [main] o.s.b.f.s.DefaultListableBeanFactory     : Returning cached instance of singleton bean 'autoConfigurationReport'
2026-03-05T10:42:53.879+05:30 TRACE 24928 --- [Java-SLF4J] [main] o.s.b.f.s.DefaultListableBeanFactory     : Returning cached instance of singleton bean 'autoConfigurationReport'
2026-03-05T10:42:53.879+05:30 TRACE 24928 --- [Java-SLF4J] [main] o.s.b.f.s.DefaultListableBeanFactory     : Returning cached instance of singleton bean 'autoConfigurationReport'
2026-03-05T10:42:53.879+05:30 TRACE 24928 --- [Java-SLF4J] [main] o.s.b.f.s.DefaultListableBeanFactory     : Returning cached instance of singleton bean 'autoConfigurationReport'
2026-03-05T10:42:53.879+05:30 TRACE 24928 --- [Java-SLF4J] [main] o.s.b.f.s.DefaultListableBeanFactory     : Returning cached instance of singleton bean 'autoConfigurationReport'
2026-03-05T10:42:53.879+05:30 TRACE 24928 --- [Java-SLF4J] [main] o.s.b.f.s.DefaultListableBeanFactory     : Returning cached instance of singleton bean 'autoConfigurationReport'
2026-03-05T10:42:53.879+05:30 TRACE 24928 --- [Java-SLF4J] [main] o.s.b.f.s.DefaultListableBeanFactory     : Returning cached instance of singleton bean 'autoConfigurationReport'
2026-03-05T10:42:53.879+05:30 TRACE 24928 --- [Java-SLF4J] [main] o.s.b.f.s.DefaultListableBeanFactory     : Returning cached instance of singleton bean 'autoConfigurationReport'
2026-03-05T10:42:53.880+05:30 TRACE 24928 --- [Java-SLF4J] [main] o.s.b.f.s.DefaultListableBeanFactory     : Returning cached instance of singleton bean 'autoConfigurationReport'
2026-03-05T10:42:53.880+05:30 TRACE 24928 --- [Java-SLF4J] [main] o.s.b.f.s.DefaultListableBeanFactory     : Returning cached instance of singleton bean 'autoConfigurationReport'
2026-03-05T10:42:53.880+05:30 TRACE 24928 --- [Java-SLF4J] [main] o.s.b.f.s.DefaultListableBeanFactory     : Returning cached instance of singleton bean 'autoConfigurationReport'
2026-03-05T10:42:53.880+05:30 TRACE 24928 --- [Java-SLF4J] [main] o.s.b.f.s.DefaultListableBeanFactory     : Returning cached instance of singleton bean 'autoConfigurationReport'
2026-03-05T10:42:53.880+05:30 TRACE 24928 --- [Java-SLF4J] [main] o.s.b.f.s.DefaultListableBeanFactory     : Returning cached instance of singleton bean 'autoConfigurationReport'
2026-03-05T10:42:53.880+05:30 TRACE 24928 --- [Java-SLF4J] [main] o.s.b.f.s.DefaultListableBeanFactory     : Returning cached instance of singleton bean 'autoConfigurationReport'
2026-03-05T10:42:53.880+05:30 TRACE 24928 --- [Java-SLF4J] [main] o.s.b.f.s.DefaultListableBeanFactory     : Returning cached instance of singleton bean 'autoConfigurationReport'
2026-03-05T10:42:53.880+05:30 TRACE 24928 --- [Java-SLF4J] [main] o.s.b.f.s.DefaultListableBeanFactory     : Returning cached instance of singleton bean 'autoConfigurationReport'
2026-03-05T10:42:53.880+05:30 TRACE 24928 --- [Java-SLF4J] [main] o.s.b.f.s.DefaultListableBeanFactory     : Returning cached instance of singleton bean 'autoConfigurationReport'
2026-03-05T10:42:53.880+05:30 TRACE 24928 --- [Java-SLF4J] [main] o.s.b.f.s.DefaultListableBeanFactory     : Returning cached instance of singleton bean 'autoConfigurationReport'
2026-03-05T10:42:53.880+05:30 TRACE 24928 --- [Java-SLF4J] [main] o.s.b.f.s.DefaultListableBeanFactory     : Returning cached instance of singleton bean 'autoConfigurationReport'
2026-03-05T10:42:53.881+05:30 TRACE 24928 --- [Java-SLF4J] [main] o.s.b.a.condition.OnClassCondition       : Condition OnClassCondition on org.springframework.boot.autoconfigure.task.TaskSchedulingAutoConfiguration matched due to @ConditionalOnClass found required class 'org.springframework.scheduling.concurrent.ThreadPoolTaskScheduler'
2026-03-05T10:42:53.881+05:30 TRACE 24928 --- [Java-SLF4J] [main] o.s.b.f.s.DefaultListableBeanFactory     : Returning cached instance of singleton bean 'autoConfigurationReport'
2026-03-05T10:42:53.881+05:30 TRACE 24928 --- [Java-SLF4J] [main] o.s.b.f.s.DefaultListableBeanFactory     : Returning cached instance of singleton bean 'autoConfigurationReport'
2026-03-05T10:42:53.881+05:30 TRACE 24928 --- [Java-SLF4J] [main] o.s.b.f.s.DefaultListableBeanFactory     : Returning cached instance of singleton bean 'autoConfigurationReport'
2026-03-05T10:42:53.881+05:30 TRACE 24928 --- [Java-SLF4J] [main] o.s.b.f.s.DefaultListableBeanFactory     : Returning cached instance of singleton bean 'autoConfigurationReport'
2026-03-05T10:42:53.882+05:30 TRACE 24928 --- [Java-SLF4J] [main] o.s.b.f.s.DefaultListableBeanFactory     : Returning cached instance of singleton bean 'autoConfigurationReport'
2026-03-05T10:42:53.882+05:30 TRACE 24928 --- [Java-SLF4J] [main] o.s.b.f.s.DefaultListableBeanFactory     : Returning cached instance of singleton bean 'autoConfigurationReport'
2026-03-05T10:42:53.882+05:30 TRACE 24928 --- [Java-SLF4J] [main] o.s.b.f.s.DefaultListableBeanFactory     : Returning cached instance of singleton bean 'autoConfigurationReport'
2026-03-05T10:42:53.882+05:30 TRACE 24928 --- [Java-SLF4J] [main] o.s.b.f.s.DefaultListableBeanFactory     : Returning cached instance of singleton bean 'autoConfigurationReport'
2026-03-05T10:42:53.882+05:30 TRACE 24928 --- [Java-SLF4J] [main] o.s.b.f.s.DefaultListableBeanFactory     : Returning cached instance of singleton bean 'autoConfigurationReport'
2026-03-05T10:42:53.882+05:30 TRACE 24928 --- [Java-SLF4J] [main] o.s.b.f.s.DefaultListableBeanFactory     : Returning cached instance of singleton bean 'autoConfigurationReport'
2026-03-05T10:42:53.882+05:30 TRACE 24928 --- [Java-SLF4J] [main] o.s.b.f.s.DefaultListableBeanFactory     : Returning cached instance of singleton bean 'autoConfigurationReport'
2026-03-05T10:42:53.882+05:30 TRACE 24928 --- [Java-SLF4J] [main] o.s.b.f.s.DefaultListableBeanFactory     : Returning cached instance of singleton bean 'autoConfigurationReport'
2026-03-05T10:42:53.882+05:30 TRACE 24928 --- [Java-SLF4J] [main] o.s.b.f.s.DefaultListableBeanFactory     : Returning cached instance of singleton bean 'autoConfigurationReport'
2026-03-05T10:42:53.883+05:30 TRACE 24928 --- [Java-SLF4J] [main] o.s.b.f.s.DefaultListableBeanFactory     : Returning cached instance of singleton bean 'autoConfigurationReport'
2026-03-05T10:42:53.883+05:30 TRACE 24928 --- [Java-SLF4J] [main] o.s.b.f.s.DefaultListableBeanFactory     : Returning cached instance of singleton bean 'autoConfigurationReport'
2026-03-05T10:42:53.883+05:30 TRACE 24928 --- [Java-SLF4J] [main] o.s.b.f.s.DefaultListableBeanFactory     : Returning cached instance of singleton bean 'autoConfigurationReport'
2026-03-05T10:42:53.883+05:30 TRACE 24928 --- [Java-SLF4J] [main] o.s.b.f.s.DefaultListableBeanFactory     : Returning cached instance of singleton bean 'autoConfigurationReport'
2026-03-05T10:42:53.883+05:30 TRACE 24928 --- [Java-SLF4J] [main] o.s.b.f.s.DefaultListableBeanFactory     : Returning cached instance of singleton bean 'autoConfigurationReport'
2026-03-05T10:42:53.883+05:30 TRACE 24928 --- [Java-SLF4J] [main] o.s.b.f.s.DefaultListableBeanFactory     : Returning cached instance of singleton bean 'autoConfigurationReport'
2026-03-05T10:42:53.884+05:30 TRACE 24928 --- [Java-SLF4J] [main] o.s.b.a.condition.OnClassCondition       : Condition OnClassCondition on org.springframework.boot.jackson.autoconfigure.JacksonAutoConfiguration matched due to @ConditionalOnClass found required class 'tools.jackson.databind.json.JsonMapper'
2026-03-05T10:42:53.884+05:30 TRACE 24928 --- [Java-SLF4J] [main] o.s.b.f.s.DefaultListableBeanFactory     : Returning cached instance of singleton bean 'autoConfigurationReport'
2026-03-05T10:42:53.884+05:30 TRACE 24928 --- [Java-SLF4J] [main] o.s.b.f.s.DefaultListableBeanFactory     : Returning cached instance of singleton bean 'autoConfigurationReport'
2026-03-05T10:42:53.884+05:30 TRACE 24928 --- [Java-SLF4J] [main] o.s.b.f.s.DefaultListableBeanFactory     : Returning cached instance of singleton bean 'autoConfigurationReport'
2026-03-05T10:42:53.884+05:30 TRACE 24928 --- [Java-SLF4J] [main] o.s.b.f.s.DefaultListableBeanFactory     : Returning cached instance of singleton bean 'autoConfigurationReport'
2026-03-05T10:42:53.885+05:30 TRACE 24928 --- [Java-SLF4J] [main] o.s.b.a.condition.OnClassCondition       : Condition OnClassCondition on org.springframework.boot.jackson.autoconfigure.JacksonAutoConfiguration$XmlConfiguration did not match due to @ConditionalOnClass did not find required class 'tools.jackson.dataformat.xml.XmlMapper'
2026-03-05T10:42:53.887+05:30 TRACE 24928 --- [Java-SLF4J] [main] o.s.b.f.s.DefaultListableBeanFactory     : Returning cached instance of singleton bean 'autoConfigurationReport'
2026-03-05T10:42:53.887+05:30 TRACE 24928 --- [Java-SLF4J] [main] o.s.b.a.condition.OnClassCondition       : Condition OnClassCondition on org.springframework.boot.jackson.autoconfigure.JacksonAutoConfiguration$CborConfiguration did not match due to @ConditionalOnClass did not find required class 'tools.jackson.dataformat.cbor.CBORMapper'
2026-03-05T10:42:53.887+05:30 TRACE 24928 --- [Java-SLF4J] [main] o.s.b.f.s.DefaultListableBeanFactory     : Returning cached instance of singleton bean 'autoConfigurationReport'
2026-03-05T10:42:53.887+05:30 TRACE 24928 --- [Java-SLF4J] [main] o.s.b.a.condition.OnClassCondition       : Condition OnClassCondition on org.springframework.boot.jackson.autoconfigure.JacksonAutoConfiguration$JsonProblemDetailsConfiguration matched due to @ConditionalOnClass found required class 'org.springframework.http.ProblemDetail'
2026-03-05T10:42:53.887+05:30 TRACE 24928 --- [Java-SLF4J] [main] o.s.b.f.s.DefaultListableBeanFactory     : Returning cached instance of singleton bean 'autoConfigurationReport'
2026-03-05T10:42:53.887+05:30 TRACE 24928 --- [Java-SLF4J] [main] o.s.b.f.s.DefaultListableBeanFactory     : Returning cached instance of singleton bean 'autoConfigurationReport'
2026-03-05T10:42:53.887+05:30 TRACE 24928 --- [Java-SLF4J] [main] o.s.b.f.s.DefaultListableBeanFactory     : Returning cached instance of singleton bean 'autoConfigurationReport'
2026-03-05T10:42:53.887+05:30 TRACE 24928 --- [Java-SLF4J] [main] o.s.b.f.s.DefaultListableBeanFactory     : Returning cached instance of singleton bean 'autoConfigurationReport'
2026-03-05T10:42:53.887+05:30 TRACE 24928 --- [Java-SLF4J] [main] o.s.b.f.s.DefaultListableBeanFactory     : Returning cached instance of singleton bean 'autoConfigurationReport'
2026-03-05T10:42:53.887+05:30 TRACE 24928 --- [Java-SLF4J] [main] o.s.b.f.s.DefaultListableBeanFactory     : Returning cached instance of singleton bean 'autoConfigurationReport'
2026-03-05T10:42:53.887+05:30 TRACE 24928 --- [Java-SLF4J] [main] o.s.b.f.s.DefaultListableBeanFactory     : Returning cached instance of singleton bean 'autoConfigurationReport'
2026-03-05T10:42:53.888+05:30 TRACE 24928 --- [Java-SLF4J] [main] o.s.b.f.s.DefaultListableBeanFactory     : Returning cached instance of singleton bean 'autoConfigurationReport'
2026-03-05T10:42:53.888+05:30 TRACE 24928 --- [Java-SLF4J] [main] o.s.b.f.s.DefaultListableBeanFactory     : Returning cached instance of singleton bean 'autoConfigurationReport'
2026-03-05T10:42:53.888+05:30 TRACE 24928 --- [Java-SLF4J] [main] o.s.b.f.s.DefaultListableBeanFactory     : Returning cached instance of singleton bean 'autoConfigurationReport'
2026-03-05T10:42:53.888+05:30 TRACE 24928 --- [Java-SLF4J] [main] o.s.b.f.s.DefaultListableBeanFactory     : Returning cached instance of singleton bean 'autoConfigurationReport'
2026-03-05T10:42:53.888+05:30 TRACE 24928 --- [Java-SLF4J] [main] o.s.b.f.s.DefaultListableBeanFactory     : Returning cached instance of singleton bean 'autoConfigurationReport'
2026-03-05T10:42:53.888+05:30 TRACE 24928 --- [Java-SLF4J] [main] o.s.b.f.s.DefaultListableBeanFactory     : Returning cached instance of singleton bean 'autoConfigurationReport'
2026-03-05T10:42:53.888+05:30 TRACE 24928 --- [Java-SLF4J] [main] o.s.b.f.s.DefaultListableBeanFactory     : Returning cached instance of singleton bean 'autoConfigurationReport'
2026-03-05T10:42:53.888+05:30 TRACE 24928 --- [Java-SLF4J] [main] o.s.b.f.s.DefaultListableBeanFactory     : Returning cached instance of singleton bean 'autoConfigurationReport'
2026-03-05T10:42:53.888+05:30 TRACE 24928 --- [Java-SLF4J] [main] o.s.b.f.s.DefaultListableBeanFactory     : Returning cached instance of singleton bean 'autoConfigurationReport'
2026-03-05T10:42:53.889+05:30 TRACE 24928 --- [Java-SLF4J] [main] o.s.b.a.condition.OnClassCondition       : Condition OnClassCondition on org.springframework.boot.http.converter.autoconfigure.HttpMessageConvertersAutoConfiguration matched due to @ConditionalOnClass found required class 'org.springframework.http.converter.HttpMessageConverter'
2026-03-05T10:42:53.889+05:30 TRACE 24928 --- [Java-SLF4J] [main] o.s.b.f.s.DefaultListableBeanFactory     : Returning cached instance of singleton bean 'autoConfigurationReport'
2026-03-05T10:42:53.898+05:30 TRACE 24928 --- [Java-SLF4J] [main] ation$NotReactiveWebApplicationCondition : Condition HttpMessageConvertersAutoConfiguration.NotReactiveWebApplicationCondition on org.springframework.boot.http.converter.autoconfigure.HttpMessageConvertersAutoConfiguration matched due to NoneNestedConditions 0 matched 1 did not; NestedCondition on HttpMessageConvertersAutoConfiguration.NotReactiveWebApplicationCondition.ReactiveWebApplication did not find reactive web application classes
2026-03-05T10:42:53.898+05:30 TRACE 24928 --- [Java-SLF4J] [main] o.s.b.f.s.DefaultListableBeanFactory     : Returning cached instance of singleton bean 'autoConfigurationReport'
2026-03-05T10:42:53.898+05:30 TRACE 24928 --- [Java-SLF4J] [main] o.s.b.f.s.DefaultListableBeanFactory     : Returning cached instance of singleton bean 'autoConfigurationReport'
2026-03-05T10:42:53.898+05:30 TRACE 24928 --- [Java-SLF4J] [main] o.s.b.f.s.DefaultListableBeanFactory     : Returning cached instance of singleton bean 'autoConfigurationReport'
2026-03-05T10:42:53.898+05:30 TRACE 24928 --- [Java-SLF4J] [main] o.s.b.f.s.DefaultListableBeanFactory     : Returning cached instance of singleton bean 'autoConfigurationReport'
2026-03-05T10:42:53.899+05:30 TRACE 24928 --- [Java-SLF4J] [main] o.s.b.f.s.DefaultListableBeanFactory     : Returning cached instance of singleton bean 'autoConfigurationReport'
2026-03-05T10:42:53.899+05:30 TRACE 24928 --- [Java-SLF4J] [main] o.s.b.f.s.DefaultListableBeanFactory     : Returning cached instance of singleton bean 'autoConfigurationReport'
2026-03-05T10:42:53.899+05:30 TRACE 24928 --- [Java-SLF4J] [main] o.s.b.f.s.DefaultListableBeanFactory     : Returning cached instance of singleton bean 'autoConfigurationReport'
2026-03-05T10:42:53.901+05:30 TRACE 24928 --- [Java-SLF4J] [main] o.s.b.f.s.DefaultListableBeanFactory     : Returning cached instance of singleton bean 'autoConfigurationReport'
2026-03-05T10:42:53.901+05:30 TRACE 24928 --- [Java-SLF4J] [main] o.s.b.f.s.DefaultListableBeanFactory     : Returning cached instance of singleton bean 'autoConfigurationReport'
2026-03-05T10:42:53.901+05:30 TRACE 24928 --- [Java-SLF4J] [main] o.s.b.f.s.DefaultListableBeanFactory     : Returning cached instance of singleton bean 'autoConfigurationReport'
2026-03-05T10:42:53.901+05:30 TRACE 24928 --- [Java-SLF4J] [main] o.s.b.a.condition.OnClassCondition       : Condition OnClassCondition on org.springframework.boot.http.converter.autoconfigure.JacksonHttpMessageConvertersConfiguration$JacksonXmlHttpMessageConverterConfiguration did not match due to @ConditionalOnClass did not find required class 'tools.jackson.dataformat.xml.XmlMapper'
2026-03-05T10:42:53.901+05:30 TRACE 24928 --- [Java-SLF4J] [main] o.s.b.f.s.DefaultListableBeanFactory     : Returning cached instance of singleton bean 'autoConfigurationReport'
2026-03-05T10:42:53.902+05:30 TRACE 24928 --- [Java-SLF4J] [main] o.s.b.a.condition.OnClassCondition       : Condition OnClassCondition on org.springframework.boot.http.converter.autoconfigure.JacksonHttpMessageConvertersConfiguration$JacksonJsonHttpMessageConverterConfiguration matched due to @ConditionalOnClass found required class 'tools.jackson.databind.json.JsonMapper'
2026-03-05T10:42:53.902+05:30 TRACE 24928 --- [Java-SLF4J] [main] o.s.b.f.s.DefaultListableBeanFactory     : Returning cached instance of singleton bean 'autoConfigurationReport'
2026-03-05T10:42:53.902+05:30 TRACE 24928 --- [Java-SLF4J] [main] o.s.b.a.condition.OnPropertyCondition    : Condition OnPropertyCondition on org.springframework.boot.http.converter.autoconfigure.JacksonHttpMessageConvertersConfiguration$JacksonJsonHttpMessageConverterConfiguration matched due to @ConditionalOnProperty (spring.http.converters.preferred-json-mapper=jackson) matched
2026-03-05T10:42:53.902+05:30 TRACE 24928 --- [Java-SLF4J] [main] o.s.b.f.s.DefaultListableBeanFactory     : Returning cached instance of singleton bean 'autoConfigurationReport'
2026-03-05T10:42:53.902+05:30 TRACE 24928 --- [Java-SLF4J] [main] o.s.b.f.s.DefaultListableBeanFactory     : Returning cached instance of singleton bean 'autoConfigurationReport'
2026-03-05T10:42:53.902+05:30 TRACE 24928 --- [Java-SLF4J] [main] o.s.b.f.s.DefaultListableBeanFactory     : Returning cached instance of singleton bean 'autoConfigurationReport'
2026-03-05T10:42:53.902+05:30 TRACE 24928 --- [Java-SLF4J] [main] o.s.b.f.s.DefaultListableBeanFactory     : Returning cached instance of singleton bean 'autoConfigurationReport'
2026-03-05T10:42:53.902+05:30 TRACE 24928 --- [Java-SLF4J] [main] o.s.b.f.s.DefaultListableBeanFactory     : Returning cached instance of singleton bean 'autoConfigurationReport'
2026-03-05T10:42:53.903+05:30 TRACE 24928 --- [Java-SLF4J] [main] o.s.b.f.s.DefaultListableBeanFactory     : Returning cached instance of singleton bean 'autoConfigurationReport'
2026-03-05T10:42:53.903+05:30 TRACE 24928 --- [Java-SLF4J] [main] o.s.b.f.s.DefaultListableBeanFactory     : Returning cached instance of singleton bean 'autoConfigurationReport'
2026-03-05T10:42:53.905+05:30 TRACE 24928 --- [Java-SLF4J] [main] o.s.b.a.condition.OnClassCondition       : Condition OnClassCondition on org.springframework.boot.http.converter.autoconfigure.Jackson2HttpMessageConvertersConfiguration$MappingJackson2XmlHttpMessageConverterConfiguration did not match due to @ConditionalOnClass did not find required class 'com.fasterxml.jackson.dataformat.xml.XmlMapper'
2026-03-05T10:42:53.905+05:30 TRACE 24928 --- [Java-SLF4J] [main] o.s.b.f.s.DefaultListableBeanFactory     : Returning cached instance of singleton bean 'autoConfigurationReport'
2026-03-05T10:42:53.905+05:30 TRACE 24928 --- [Java-SLF4J] [main] o.s.b.a.condition.OnClassCondition       : Condition OnClassCondition on org.springframework.boot.http.converter.autoconfigure.Jackson2HttpMessageConvertersConfiguration$MappingJackson2HttpMessageConverterConfiguration did not match due to @ConditionalOnClass did not find required class 'com.fasterxml.jackson.databind.ObjectMapper'
2026-03-05T10:42:53.906+05:30 TRACE 24928 --- [Java-SLF4J] [main] o.s.b.f.s.DefaultListableBeanFactory     : Returning cached instance of singleton bean 'autoConfigurationReport'
2026-03-05T10:42:53.906+05:30 TRACE 24928 --- [Java-SLF4J] [main] o.s.b.a.condition.OnClassCondition       : Condition OnClassCondition on org.springframework.boot.http.converter.autoconfigure.GsonHttpMessageConvertersConfiguration did not match due to @ConditionalOnClass did not find required class 'com.google.gson.Gson'
2026-03-05T10:42:53.906+05:30 TRACE 24928 --- [Java-SLF4J] [main] o.s.b.f.s.DefaultListableBeanFactory     : Returning cached instance of singleton bean 'autoConfigurationReport'
2026-03-05T10:42:53.906+05:30 TRACE 24928 --- [Java-SLF4J] [main] o.s.b.a.condition.OnClassCondition       : Condition OnClassCondition on org.springframework.boot.http.converter.autoconfigure.JsonbHttpMessageConvertersConfiguration did not match due to @ConditionalOnClass did not find required class 'jakarta.json.bind.Jsonb'
2026-03-05T10:42:53.906+05:30 TRACE 24928 --- [Java-SLF4J] [main] o.s.b.f.s.DefaultListableBeanFactory     : Returning cached instance of singleton bean 'autoConfigurationReport'
2026-03-05T10:42:53.906+05:30 TRACE 24928 --- [Java-SLF4J] [main] o.s.b.a.condition.OnClassCondition       : Condition OnClassCondition on org.springframework.boot.http.converter.autoconfigure.KotlinSerializationHttpMessageConvertersConfiguration did not match due to @ConditionalOnClass did not find required classes 'kotlinx.serialization.Serializable', 'kotlinx.serialization.json.Json'
2026-03-05T10:42:53.906+05:30 TRACE 24928 --- [Java-SLF4J] [main] o.s.b.f.s.DefaultListableBeanFactory     : Returning cached instance of singleton bean 'autoConfigurationReport'
2026-03-05T10:42:53.907+05:30 TRACE 24928 --- [Java-SLF4J] [main] o.s.b.f.s.DefaultListableBeanFactory     : Returning cached instance of singleton bean 'autoConfigurationReport'
2026-03-05T10:42:53.907+05:30 TRACE 24928 --- [Java-SLF4J] [main] o.s.b.f.s.DefaultListableBeanFactory     : Returning cached instance of singleton bean 'autoConfigurationReport'
2026-03-05T10:42:53.907+05:30 TRACE 24928 --- [Java-SLF4J] [main] o.s.b.f.s.DefaultListableBeanFactory     : Returning cached instance of singleton bean 'autoConfigurationReport'
2026-03-05T10:42:53.907+05:30 TRACE 24928 --- [Java-SLF4J] [main] o.s.b.f.s.DefaultListableBeanFactory     : Returning cached instance of singleton bean 'autoConfigurationReport'
2026-03-05T10:42:53.907+05:30 TRACE 24928 --- [Java-SLF4J] [main] o.s.b.f.s.DefaultListableBeanFactory     : Returning cached instance of singleton bean 'autoConfigurationReport'
2026-03-05T10:42:53.907+05:30 TRACE 24928 --- [Java-SLF4J] [main] o.s.b.f.s.DefaultListableBeanFactory     : Returning cached instance of singleton bean 'autoConfigurationReport'
2026-03-05T10:42:53.908+05:30 TRACE 24928 --- [Java-SLF4J] [main] o.s.b.a.condition.OnClassCondition       : Condition OnClassCondition on org.springframework.boot.servlet.autoconfigure.HttpEncodingAutoConfiguration matched due to @ConditionalOnClass found required class 'org.springframework.web.filter.CharacterEncodingFilter'
2026-03-05T10:42:53.908+05:30 TRACE 24928 --- [Java-SLF4J] [main] o.s.b.f.s.DefaultListableBeanFactory     : Returning cached instance of singleton bean 'autoConfigurationReport'
2026-03-05T10:42:53.908+05:30 TRACE 24928 --- [Java-SLF4J] [main] o.s.b.a.c.OnWebApplicationCondition      : Condition OnWebApplicationCondition on org.springframework.boot.servlet.autoconfigure.HttpEncodingAutoConfiguration matched due to found 'session' scope
2026-03-05T10:42:53.908+05:30 TRACE 24928 --- [Java-SLF4J] [main] o.s.b.f.s.DefaultListableBeanFactory     : Returning cached instance of singleton bean 'autoConfigurationReport'
2026-03-05T10:42:53.908+05:30 TRACE 24928 --- [Java-SLF4J] [main] o.s.b.a.condition.OnPropertyCondition    : Condition OnPropertyCondition on org.springframework.boot.servlet.autoconfigure.HttpEncodingAutoConfiguration matched due to @ConditionalOnBooleanProperty (spring.servlet.encoding.enabled=true) matched
2026-03-05T10:42:53.908+05:30 TRACE 24928 --- [Java-SLF4J] [main] o.s.b.f.s.DefaultListableBeanFactory     : Returning cached instance of singleton bean 'autoConfigurationReport'
2026-03-05T10:42:53.908+05:30 TRACE 24928 --- [Java-SLF4J] [main] o.s.b.f.s.DefaultListableBeanFactory     : Returning cached instance of singleton bean 'autoConfigurationReport'
2026-03-05T10:42:53.908+05:30 TRACE 24928 --- [Java-SLF4J] [main] o.s.b.f.s.DefaultListableBeanFactory     : Returning cached instance of singleton bean 'autoConfigurationReport'
2026-03-05T10:42:53.908+05:30 TRACE 24928 --- [Java-SLF4J] [main] o.s.b.f.s.DefaultListableBeanFactory     : Returning cached instance of singleton bean 'autoConfigurationReport'
2026-03-05T10:42:53.908+05:30 TRACE 24928 --- [Java-SLF4J] [main] o.s.b.f.s.DefaultListableBeanFactory     : Returning cached instance of singleton bean 'autoConfigurationReport'
2026-03-05T10:42:53.909+05:30 TRACE 24928 --- [Java-SLF4J] [main] o.s.b.f.s.DefaultListableBeanFactory     : Returning cached instance of singleton bean 'autoConfigurationReport'
2026-03-05T10:42:53.909+05:30 TRACE 24928 --- [Java-SLF4J] [main] o.s.b.f.s.DefaultListableBeanFactory     : Returning cached instance of singleton bean 'autoConfigurationReport'
2026-03-05T10:42:53.909+05:30 TRACE 24928 --- [Java-SLF4J] [main] o.s.b.f.s.DefaultListableBeanFactory     : Returning cached instance of singleton bean 'autoConfigurationReport'
2026-03-05T10:42:53.909+05:30 TRACE 24928 --- [Java-SLF4J] [main] o.s.b.f.s.DefaultListableBeanFactory     : Returning cached instance of singleton bean 'autoConfigurationReport'
2026-03-05T10:42:53.909+05:30 TRACE 24928 --- [Java-SLF4J] [main] o.s.b.f.s.DefaultListableBeanFactory     : Returning cached instance of singleton bean 'autoConfigurationReport'
2026-03-05T10:42:53.909+05:30 TRACE 24928 --- [Java-SLF4J] [main] o.s.b.a.condition.OnClassCondition       : Condition OnClassCondition on org.springframework.boot.servlet.autoconfigure.MultipartAutoConfiguration matched due to @ConditionalOnClass found required classes 'jakarta.servlet.Servlet', 'org.springframework.web.multipart.support.StandardServletMultipartResolver', 'jakarta.servlet.MultipartConfigElement'
2026-03-05T10:42:53.909+05:30 TRACE 24928 --- [Java-SLF4J] [main] o.s.b.f.s.DefaultListableBeanFactory     : Returning cached instance of singleton bean 'autoConfigurationReport'
2026-03-05T10:42:53.909+05:30 TRACE 24928 --- [Java-SLF4J] [main] o.s.b.a.c.OnWebApplicationCondition      : Condition OnWebApplicationCondition on org.springframework.boot.servlet.autoconfigure.MultipartAutoConfiguration matched due to found 'session' scope
2026-03-05T10:42:53.909+05:30 TRACE 24928 --- [Java-SLF4J] [main] o.s.b.f.s.DefaultListableBeanFactory     : Returning cached instance of singleton bean 'autoConfigurationReport'
2026-03-05T10:42:53.909+05:30 TRACE 24928 --- [Java-SLF4J] [main] o.s.b.a.condition.OnPropertyCondition    : Condition OnPropertyCondition on org.springframework.boot.servlet.autoconfigure.MultipartAutoConfiguration matched due to @ConditionalOnBooleanProperty (spring.servlet.multipart.enabled=true) matched
2026-03-05T10:42:53.910+05:30 TRACE 24928 --- [Java-SLF4J] [main] o.s.b.f.s.DefaultListableBeanFactory     : Returning cached instance of singleton bean 'autoConfigurationReport'
2026-03-05T10:42:53.910+05:30 TRACE 24928 --- [Java-SLF4J] [main] o.s.b.f.s.DefaultListableBeanFactory     : Returning cached instance of singleton bean 'autoConfigurationReport'
2026-03-05T10:42:53.910+05:30 TRACE 24928 --- [Java-SLF4J] [main] o.s.b.f.s.DefaultListableBeanFactory     : Returning cached instance of singleton bean 'autoConfigurationReport'
2026-03-05T10:42:53.910+05:30 TRACE 24928 --- [Java-SLF4J] [main] o.s.b.f.s.DefaultListableBeanFactory     : Returning cached instance of singleton bean 'autoConfigurationReport'
2026-03-05T10:42:53.910+05:30 TRACE 24928 --- [Java-SLF4J] [main] o.s.b.f.s.DefaultListableBeanFactory     : Returning cached instance of singleton bean 'autoConfigurationReport'
2026-03-05T10:42:53.910+05:30 TRACE 24928 --- [Java-SLF4J] [main] o.s.b.f.s.DefaultListableBeanFactory     : Returning cached instance of singleton bean 'autoConfigurationReport'
2026-03-05T10:42:53.910+05:30 TRACE 24928 --- [Java-SLF4J] [main] o.s.b.f.s.DefaultListableBeanFactory     : Returning cached instance of singleton bean 'autoConfigurationReport'
2026-03-05T10:42:53.910+05:30 TRACE 24928 --- [Java-SLF4J] [main] o.s.b.f.s.DefaultListableBeanFactory     : Returning cached instance of singleton bean 'autoConfigurationReport'
2026-03-05T10:42:53.910+05:30 TRACE 24928 --- [Java-SLF4J] [main] o.s.b.f.s.DefaultListableBeanFactory     : Returning cached instance of singleton bean 'autoConfigurationReport'
2026-03-05T10:42:53.910+05:30 TRACE 24928 --- [Java-SLF4J] [main] o.s.b.f.s.DefaultListableBeanFactory     : Returning cached instance of singleton bean 'autoConfigurationReport'
2026-03-05T10:42:53.911+05:30 TRACE 24928 --- [Java-SLF4J] [main] o.s.b.a.condition.OnClassCondition       : Condition OnClassCondition on org.springframework.boot.tomcat.autoconfigure.servlet.TomcatServletWebServerAutoConfiguration matched due to @ConditionalOnClass found required classes 'jakarta.servlet.ServletRequest', 'org.apache.catalina.startup.Tomcat', 'org.apache.coyote.UpgradeProtocol', 'org.springframework.boot.tomcat.servlet.TomcatServletWebServerFactory'
2026-03-05T10:42:53.911+05:30 TRACE 24928 --- [Java-SLF4J] [main] o.s.b.f.s.DefaultListableBeanFactory     : Returning cached instance of singleton bean 'autoConfigurationReport'
2026-03-05T10:42:53.911+05:30 TRACE 24928 --- [Java-SLF4J] [main] o.s.b.a.c.OnWebApplicationCondition      : Condition OnWebApplicationCondition on org.springframework.boot.tomcat.autoconfigure.servlet.TomcatServletWebServerAutoConfiguration matched due to found 'session' scope
2026-03-05T10:42:53.911+05:30 TRACE 24928 --- [Java-SLF4J] [main] o.s.b.f.s.DefaultListableBeanFactory     : Returning cached instance of singleton bean 'autoConfigurationReport'
2026-03-05T10:42:53.911+05:30 TRACE 24928 --- [Java-SLF4J] [main] o.s.b.f.s.DefaultListableBeanFactory     : Returning cached instance of singleton bean 'autoConfigurationReport'
2026-03-05T10:42:53.911+05:30 TRACE 24928 --- [Java-SLF4J] [main] o.s.b.f.s.DefaultListableBeanFactory     : Returning cached instance of singleton bean 'autoConfigurationReport'
2026-03-05T10:42:53.911+05:30 TRACE 24928 --- [Java-SLF4J] [main] o.s.b.f.s.DefaultListableBeanFactory     : Returning cached instance of singleton bean 'autoConfigurationReport'
2026-03-05T10:42:53.913+05:30 TRACE 24928 --- [Java-SLF4J] [main] o.s.b.f.s.DefaultListableBeanFactory     : Returning cached instance of singleton bean 'autoConfigurationReport'
2026-03-05T10:42:53.913+05:30 TRACE 24928 --- [Java-SLF4J] [main] o.s.b.f.s.DefaultListableBeanFactory     : Returning cached instance of singleton bean 'autoConfigurationReport'
2026-03-05T10:42:53.913+05:30 TRACE 24928 --- [Java-SLF4J] [main] o.s.b.f.s.DefaultListableBeanFactory     : Returning cached instance of singleton bean 'autoConfigurationReport'
2026-03-05T10:42:53.913+05:30 TRACE 24928 --- [Java-SLF4J] [main] o.s.b.a.c.OnWarDeploymentCondition       : Condition OnWarDeploymentCondition on org.springframework.boot.tomcat.autoconfigure.TomcatWebServerConfiguration matched due to @ConditionalOnWarDeployment the application is not deployed as a WAR file.
2026-03-05T10:42:53.914+05:30 TRACE 24928 --- [Java-SLF4J] [main] o.s.b.f.s.DefaultListableBeanFactory     : Returning cached instance of singleton bean 'autoConfigurationReport'
2026-03-05T10:42:53.914+05:30 TRACE 24928 --- [Java-SLF4J] [main] o.s.b.f.s.DefaultListableBeanFactory     : Returning cached instance of singleton bean 'autoConfigurationReport'
2026-03-05T10:42:53.914+05:30 TRACE 24928 --- [Java-SLF4J] [main] o.s.b.f.s.DefaultListableBeanFactory     : Returning cached instance of singleton bean 'autoConfigurationReport'
2026-03-05T10:42:53.914+05:30 TRACE 24928 --- [Java-SLF4J] [main] o.s.b.f.s.DefaultListableBeanFactory     : Returning cached instance of singleton bean 'autoConfigurationReport'
2026-03-05T10:42:53.915+05:30 TRACE 24928 --- [Java-SLF4J] [main] o.s.b.a.condition.OnClassCondition       : Condition OnClassCondition on org.springframework.boot.tomcat.autoconfigure.TomcatWebServerConfiguration$TomcatWebSocketConfiguration matched due to @ConditionalOnClass found required class 'org.apache.tomcat.websocket.server.WsSci'
2026-03-05T10:42:53.915+05:30 TRACE 24928 --- [Java-SLF4J] [main] o.s.b.f.s.DefaultListableBeanFactory     : Returning cached instance of singleton bean 'autoConfigurationReport'
2026-03-05T10:42:53.915+05:30 TRACE 24928 --- [Java-SLF4J] [main] o.s.b.f.s.DefaultListableBeanFactory     : Returning cached instance of singleton bean 'autoConfigurationReport'
2026-03-05T10:42:53.915+05:30 TRACE 24928 --- [Java-SLF4J] [main] o.s.b.f.s.DefaultListableBeanFactory     : Returning cached instance of singleton bean 'autoConfigurationReport'
2026-03-05T10:42:53.915+05:30 TRACE 24928 --- [Java-SLF4J] [main] o.s.b.f.s.DefaultListableBeanFactory     : Returning cached instance of singleton bean 'autoConfigurationReport'
2026-03-05T10:42:53.920+05:30 TRACE 24928 --- [Java-SLF4J] [main] a.ConfigurationClassBeanDefinitionReader : Registered bean definition for imported class 'org.springframework.boot.autoconfigure.context.PropertyPlaceholderAutoConfiguration'
2026-03-05T10:42:53.925+05:30 TRACE 24928 --- [Java-SLF4J] [main] o.s.b.a.condition.OnBeanCondition        : Condition OnBeanCondition on org.springframework.boot.autoconfigure.context.PropertyPlaceholderAutoConfiguration#propertySourcesPlaceholderConfigurer matched due to @ConditionalOnMissingBean (types: org.springframework.context.support.PropertySourcesPlaceholderConfigurer; SearchStrategy: current) did not find any beans
2026-03-05T10:42:53.925+05:30 TRACE 24928 --- [Java-SLF4J] [main] o.s.b.f.s.DefaultListableBeanFactory     : Returning cached instance of singleton bean 'autoConfigurationReport'
2026-03-05T10:42:53.926+05:30 TRACE 24928 --- [Java-SLF4J] [main] a.ConfigurationClassBeanDefinitionReader : Registering bean definition for @Bean method org.springframework.boot.autoconfigure.context.PropertyPlaceholderAutoConfiguration.propertySourcesPlaceholderConfigurer()
2026-03-05T10:42:53.926+05:30 TRACE 24928 --- [Java-SLF4J] [main] o.s.b.a.condition.OnClassCondition       : Condition OnClassCondition on org.springframework.boot.webmvc.autoconfigure.DispatcherServletAutoConfiguration matched due to @ConditionalOnClass found required class 'org.springframework.web.servlet.DispatcherServlet'
2026-03-05T10:42:53.926+05:30 TRACE 24928 --- [Java-SLF4J] [main] o.s.b.f.s.DefaultListableBeanFactory     : Returning cached instance of singleton bean 'autoConfigurationReport'
2026-03-05T10:42:53.926+05:30 TRACE 24928 --- [Java-SLF4J] [main] o.s.b.a.c.OnWebApplicationCondition      : Condition OnWebApplicationCondition on org.springframework.boot.webmvc.autoconfigure.DispatcherServletAutoConfiguration matched due to found 'session' scope
2026-03-05T10:42:53.926+05:30 TRACE 24928 --- [Java-SLF4J] [main] o.s.b.f.s.DefaultListableBeanFactory     : Returning cached instance of singleton bean 'autoConfigurationReport'
2026-03-05T10:42:53.927+05:30 TRACE 24928 --- [Java-SLF4J] [main] o.s.b.a.condition.OnClassCondition       : Condition OnClassCondition on org.springframework.boot.webmvc.autoconfigure.DispatcherServletAutoConfiguration$DispatcherServletRegistrationConfiguration matched due to @ConditionalOnClass found required class 'jakarta.servlet.ServletRegistration'
2026-03-05T10:42:53.927+05:30 TRACE 24928 --- [Java-SLF4J] [main] o.s.b.f.s.DefaultListableBeanFactory     : Returning cached instance of singleton bean 'autoConfigurationReport'
2026-03-05T10:42:53.929+05:30 TRACE 24928 --- [Java-SLF4J] [main] n$DispatcherServletRegistrationCondition : Condition DispatcherServletAutoConfiguration.DispatcherServletRegistrationCondition on org.springframework.boot.webmvc.autoconfigure.DispatcherServletAutoConfiguration$DispatcherServletRegistrationConfiguration matched due to DispatcherServlet Registration did not find servlet registration bean
2026-03-05T10:42:53.929+05:30 TRACE 24928 --- [Java-SLF4J] [main] o.s.b.f.s.DefaultListableBeanFactory     : Returning cached instance of singleton bean 'autoConfigurationReport'
2026-03-05T10:42:53.929+05:30 TRACE 24928 --- [Java-SLF4J] [main] o.s.b.a.condition.OnClassCondition       : Condition OnClassCondition on org.springframework.boot.webmvc.autoconfigure.DispatcherServletAutoConfiguration$DispatcherServletConfiguration matched due to @ConditionalOnClass found required class 'jakarta.servlet.ServletRegistration'
2026-03-05T10:42:53.929+05:30 TRACE 24928 --- [Java-SLF4J] [main] o.s.b.f.s.DefaultListableBeanFactory     : Returning cached instance of singleton bean 'autoConfigurationReport'
2026-03-05T10:42:53.929+05:30 TRACE 24928 --- [Java-SLF4J] [main] ration$DefaultDispatcherServletCondition : Condition DispatcherServletAutoConfiguration.DefaultDispatcherServletCondition on org.springframework.boot.webmvc.autoconfigure.DispatcherServletAutoConfiguration$DispatcherServletConfiguration matched due to Default DispatcherServlet did not find dispatcher servlet beans
2026-03-05T10:42:53.929+05:30 TRACE 24928 --- [Java-SLF4J] [main] o.s.b.f.s.DefaultListableBeanFactory     : Returning cached instance of singleton bean 'autoConfigurationReport'
2026-03-05T10:42:53.929+05:30 TRACE 24928 --- [Java-SLF4J] [main] a.ConfigurationClassBeanDefinitionReader : Registered bean definition for imported class 'org.springframework.boot.webmvc.autoconfigure.DispatcherServletAutoConfiguration$DispatcherServletConfiguration'
2026-03-05T10:42:53.930+05:30 TRACE 24928 --- [Java-SLF4J] [main] a.ConfigurationClassBeanDefinitionReader : Registering bean definition for @Bean method org.springframework.boot.webmvc.autoconfigure.DispatcherServletAutoConfiguration$DispatcherServletConfiguration.dispatcherServlet()
2026-03-05T10:42:53.930+05:30 TRACE 24928 --- [Java-SLF4J] [main] o.s.b.a.condition.OnBeanCondition        : Condition OnBeanCondition on org.springframework.boot.webmvc.autoconfigure.DispatcherServletAutoConfiguration$DispatcherServletConfiguration#multipartResolver did not match due to @ConditionalOnBean (types: org.springframework.web.multipart.MultipartResolver; SearchStrategy: all) did not find any beans of type org.springframework.web.multipart.MultipartResolver
2026-03-05T10:42:53.930+05:30 TRACE 24928 --- [Java-SLF4J] [main] o.s.b.f.s.DefaultListableBeanFactory     : Returning cached instance of singleton bean 'autoConfigurationReport'
2026-03-05T10:42:53.936+05:30 TRACE 24928 --- [Java-SLF4J] [main] a.ConfigurationClassBeanDefinitionReader : Registered bean definition for imported class 'org.springframework.boot.webmvc.autoconfigure.DispatcherServletAutoConfiguration$DispatcherServletRegistrationConfiguration'
2026-03-05T10:42:53.937+05:30 TRACE 24928 --- [Java-SLF4J] [main] o.s.b.a.condition.OnBeanCondition        : Condition OnBeanCondition on org.springframework.boot.webmvc.autoconfigure.DispatcherServletAutoConfiguration$DispatcherServletRegistrationConfiguration#dispatcherServletRegistration matched due to @ConditionalOnBean (names: dispatcherServlet types: org.springframework.web.servlet.DispatcherServlet; SearchStrategy: all) found bean 'dispatcherServlet'
2026-03-05T10:42:53.937+05:30 TRACE 24928 --- [Java-SLF4J] [main] o.s.b.f.s.DefaultListableBeanFactory     : Returning cached instance of singleton bean 'autoConfigurationReport'
2026-03-05T10:42:53.937+05:30 TRACE 24928 --- [Java-SLF4J] [main] a.ConfigurationClassBeanDefinitionReader : Registering bean definition for @Bean method org.springframework.boot.webmvc.autoconfigure.DispatcherServletAutoConfiguration$DispatcherServletRegistrationConfiguration.dispatcherServletRegistration()
2026-03-05T10:42:53.937+05:30 TRACE 24928 --- [Java-SLF4J] [main] a.ConfigurationClassBeanDefinitionReader : Registered bean definition for imported class 'org.springframework.boot.webmvc.autoconfigure.DispatcherServletAutoConfiguration'
2026-03-05T10:42:53.937+05:30 TRACE 24928 --- [Java-SLF4J] [main] o.s.b.a.condition.OnClassCondition       : Condition OnClassCondition on org.springframework.boot.autoconfigure.task.TaskExecutionAutoConfiguration matched due to @ConditionalOnClass found required class 'org.springframework.scheduling.concurrent.ThreadPoolTaskExecutor'
2026-03-05T10:42:53.937+05:30 TRACE 24928 --- [Java-SLF4J] [main] o.s.b.f.s.DefaultListableBeanFactory     : Returning cached instance of singleton bean 'autoConfigurationReport'
2026-03-05T10:42:53.937+05:30 TRACE 24928 --- [Java-SLF4J] [main] a.ConfigurationClassBeanDefinitionReader : Registered bean definition for imported class 'org.springframework.boot.autoconfigure.task.TaskExecutorConfigurations$ThreadPoolTaskExecutorBuilderConfiguration'
2026-03-05T10:42:53.940+05:30 TRACE 24928 --- [Java-SLF4J] [main] o.s.b.a.condition.OnBeanCondition        : Condition OnBeanCondition on org.springframework.boot.autoconfigure.task.TaskExecutorConfigurations$ThreadPoolTaskExecutorBuilderConfiguration#threadPoolTaskExecutorBuilder matched due to @ConditionalOnMissingBean (types: org.springframework.boot.task.ThreadPoolTaskExecutorBuilder; SearchStrategy: all) did not find any beans
2026-03-05T10:42:53.940+05:30 TRACE 24928 --- [Java-SLF4J] [main] o.s.b.f.s.DefaultListableBeanFactory     : Returning cached instance of singleton bean 'autoConfigurationReport'
2026-03-05T10:42:53.940+05:30 TRACE 24928 --- [Java-SLF4J] [main] a.ConfigurationClassBeanDefinitionReader : Registering bean definition for @Bean method org.springframework.boot.autoconfigure.task.TaskExecutorConfigurations$ThreadPoolTaskExecutorBuilderConfiguration.threadPoolTaskExecutorBuilder()
2026-03-05T10:42:53.940+05:30 TRACE 24928 --- [Java-SLF4J] [main] a.ConfigurationClassBeanDefinitionReader : Registered bean definition for imported class 'org.springframework.boot.autoconfigure.task.TaskExecutorConfigurations$SimpleAsyncTaskExecutorBuilderConfiguration'
2026-03-05T10:42:53.940+05:30 TRACE 24928 --- [Java-SLF4J] [main] o.s.b.a.condition.OnThreadingCondition   : Condition OnThreadingCondition on org.springframework.boot.autoconfigure.task.TaskExecutorConfigurations$SimpleAsyncTaskExecutorBuilderConfiguration#simpleAsyncTaskExecutorBuilder matched due to @ConditionalOnThreading found PLATFORM
2026-03-05T10:42:53.940+05:30 TRACE 24928 --- [Java-SLF4J] [main] o.s.b.f.s.DefaultListableBeanFactory     : Returning cached instance of singleton bean 'autoConfigurationReport'
2026-03-05T10:42:53.942+05:30 TRACE 24928 --- [Java-SLF4J] [main] o.s.b.a.condition.OnBeanCondition        : Condition OnBeanCondition on org.springframework.boot.autoconfigure.task.TaskExecutorConfigurations$SimpleAsyncTaskExecutorBuilderConfiguration#simpleAsyncTaskExecutorBuilder matched due to @ConditionalOnMissingBean (types: org.springframework.boot.task.SimpleAsyncTaskExecutorBuilder; SearchStrategy: all) did not find any beans
2026-03-05T10:42:53.942+05:30 TRACE 24928 --- [Java-SLF4J] [main] o.s.b.f.s.DefaultListableBeanFactory     : Returning cached instance of singleton bean 'autoConfigurationReport'
2026-03-05T10:42:53.942+05:30 TRACE 24928 --- [Java-SLF4J] [main] a.ConfigurationClassBeanDefinitionReader : Registering bean definition for @Bean method org.springframework.boot.autoconfigure.task.TaskExecutorConfigurations$SimpleAsyncTaskExecutorBuilderConfiguration.simpleAsyncTaskExecutorBuilder()
2026-03-05T10:42:53.943+05:30 TRACE 24928 --- [Java-SLF4J] [main] o.s.b.a.condition.OnBeanCondition        : Condition OnBeanCondition on org.springframework.boot.autoconfigure.task.TaskExecutorConfigurations$SimpleAsyncTaskExecutorBuilderConfiguration#simpleAsyncTaskExecutorBuilderVirtualThreads did not match due to @ConditionalOnMissingBean (types: org.springframework.boot.task.SimpleAsyncTaskExecutorBuilder; SearchStrategy: all) found beans of type 'org.springframework.boot.task.SimpleAsyncTaskExecutorBuilder' simpleAsyncTaskExecutorBuilder
2026-03-05T10:42:53.943+05:30 TRACE 24928 --- [Java-SLF4J] [main] o.s.b.f.s.DefaultListableBeanFactory     : Returning cached instance of singleton bean 'autoConfigurationReport'
2026-03-05T10:42:53.944+05:30 TRACE 24928 --- [Java-SLF4J] [main] ecutorConfigurations$OnExecutorCondition : Condition TaskExecutorConfigurations.OnExecutorCondition on org.springframework.boot.autoconfigure.task.TaskExecutorConfigurations$TaskExecutorConfiguration matched due to AnyNestedCondition 1 matched 1 did not; NestedCondition on TaskExecutorConfigurations.OnExecutorCondition.ModelCondition @ConditionalOnProperty (spring.task.execution.mode=force) did not find property 'spring.task.execution.mode'; NestedCondition on TaskExecutorConfigurations.OnExecutorCondition.ExecutorBeanCondition @ConditionalOnMissingBean (types: java.util.concurrent.Executor; SearchStrategy: all) did not find any beans
2026-03-05T10:42:53.944+05:30 TRACE 24928 --- [Java-SLF4J] [main] o.s.b.f.s.DefaultListableBeanFactory     : Returning cached instance of singleton bean 'autoConfigurationReport'
2026-03-05T10:42:53.944+05:30 TRACE 24928 --- [Java-SLF4J] [main] o.s.b.a.condition.OnBeanCondition        : Condition OnBeanCondition on org.springframework.boot.autoconfigure.task.TaskExecutorConfigurations$AsyncConfigurerWrapperConfiguration did not match due to @ConditionalOnBean (types: org.springframework.scheduling.annotation.AsyncConfigurer; SearchStrategy: all) did not find any beans of type org.springframework.scheduling.annotation.AsyncConfigurer
2026-03-05T10:42:53.945+05:30 TRACE 24928 --- [Java-SLF4J] [main] o.s.b.f.s.DefaultListableBeanFactory     : Returning cached instance of singleton bean 'autoConfigurationReport'
2026-03-05T10:42:53.945+05:30 TRACE 24928 --- [Java-SLF4J] [main] o.s.b.a.condition.OnBeanCondition        : Condition OnBeanCondition on org.springframework.boot.autoconfigure.task.TaskExecutorConfigurations$AsyncConfigurerConfiguration matched due to @ConditionalOnMissingBean (types: org.springframework.scheduling.annotation.AsyncConfigurer; SearchStrategy: all) did not find any beans
2026-03-05T10:42:53.945+05:30 TRACE 24928 --- [Java-SLF4J] [main] o.s.b.f.s.DefaultListableBeanFactory     : Returning cached instance of singleton bean 'autoConfigurationReport'
2026-03-05T10:42:53.945+05:30 TRACE 24928 --- [Java-SLF4J] [main] a.ConfigurationClassBeanDefinitionReader : Registered bean definition for imported class 'org.springframework.boot.autoconfigure.task.TaskExecutorConfigurations$AsyncConfigurerConfiguration'
2026-03-05T10:42:53.945+05:30 TRACE 24928 --- [Java-SLF4J] [main] a.ConfigurationClassBeanDefinitionReader : Registering bean definition for @Bean method org.springframework.boot.autoconfigure.task.TaskExecutorConfigurations$AsyncConfigurerConfiguration.applicationTaskExecutorAsyncConfigurer()
2026-03-05T10:42:53.945+05:30 TRACE 24928 --- [Java-SLF4J] [main] a.ConfigurationClassBeanDefinitionReader : Registered bean definition for imported class 'org.springframework.boot.autoconfigure.task.TaskExecutorConfigurations$TaskExecutorConfiguration'
2026-03-05T10:42:53.946+05:30 TRACE 24928 --- [Java-SLF4J] [main] o.s.b.a.condition.OnThreadingCondition   : Condition OnThreadingCondition on org.springframework.boot.autoconfigure.task.TaskExecutorConfigurations$TaskExecutorConfiguration#applicationTaskExecutorVirtualThreads did not match due to @ConditionalOnThreading did not find VIRTUAL
2026-03-05T10:42:53.946+05:30 TRACE 24928 --- [Java-SLF4J] [main] o.s.b.f.s.DefaultListableBeanFactory     : Returning cached instance of singleton bean 'autoConfigurationReport'
2026-03-05T10:42:53.946+05:30 TRACE 24928 --- [Java-SLF4J] [main] o.s.b.a.condition.OnThreadingCondition   : Condition OnThreadingCondition on org.springframework.boot.autoconfigure.task.TaskExecutorConfigurations$TaskExecutorConfiguration#applicationTaskExecutor matched due to @ConditionalOnThreading found PLATFORM
2026-03-05T10:42:53.946+05:30 TRACE 24928 --- [Java-SLF4J] [main] o.s.b.f.s.DefaultListableBeanFactory     : Returning cached instance of singleton bean 'autoConfigurationReport'
2026-03-05T10:42:53.946+05:30 TRACE 24928 --- [Java-SLF4J] [main] a.ConfigurationClassBeanDefinitionReader : Registering bean definition for @Bean method org.springframework.boot.autoconfigure.task.TaskExecutorConfigurations$TaskExecutorConfiguration.applicationTaskExecutor()
2026-03-05T10:42:53.946+05:30 TRACE 24928 --- [Java-SLF4J] [main] a.ConfigurationClassBeanDefinitionReader : Registered bean definition for imported class 'org.springframework.boot.autoconfigure.task.TaskExecutorConfigurations$BootstrapExecutorConfiguration'
2026-03-05T10:42:53.946+05:30 TRACE 24928 --- [Java-SLF4J] [main] a.ConfigurationClassBeanDefinitionReader : Registering bean definition for @Bean method org.springframework.boot.autoconfigure.task.TaskExecutorConfigurations$BootstrapExecutorConfiguration.bootstrapExecutorAliasPostProcessor()
2026-03-05T10:42:53.946+05:30 TRACE 24928 --- [Java-SLF4J] [main] a.ConfigurationClassBeanDefinitionReader : Registered bean definition for imported class 'org.springframework.boot.autoconfigure.task.TaskExecutionAutoConfiguration'
2026-03-05T10:42:53.947+05:30 TRACE 24928 --- [Java-SLF4J] [main] o.s.b.a.condition.OnClassCondition       : Condition OnClassCondition on org.springframework.boot.webmvc.autoconfigure.error.ErrorMvcAutoConfiguration matched due to @ConditionalOnClass found required classes 'jakarta.servlet.Servlet', 'org.springframework.web.servlet.DispatcherServlet'
2026-03-05T10:42:53.947+05:30 TRACE 24928 --- [Java-SLF4J] [main] o.s.b.f.s.DefaultListableBeanFactory     : Returning cached instance of singleton bean 'autoConfigurationReport'
2026-03-05T10:42:53.947+05:30 TRACE 24928 --- [Java-SLF4J] [main] o.s.b.a.c.OnWebApplicationCondition      : Condition OnWebApplicationCondition on org.springframework.boot.webmvc.autoconfigure.error.ErrorMvcAutoConfiguration matched due to found 'session' scope
2026-03-05T10:42:53.947+05:30 TRACE 24928 --- [Java-SLF4J] [main] o.s.b.f.s.DefaultListableBeanFactory     : Returning cached instance of singleton bean 'autoConfigurationReport'
2026-03-05T10:42:53.947+05:30 TRACE 24928 --- [Java-SLF4J] [main] o.s.b.a.condition.OnPropertyCondition    : Condition OnPropertyCondition on org.springframework.boot.webmvc.autoconfigure.error.ErrorMvcAutoConfiguration$WhitelabelErrorViewConfiguration matched due to @ConditionalOnBooleanProperty (spring.web.error.whitelabel.enabled=true) matched
2026-03-05T10:42:53.948+05:30 TRACE 24928 --- [Java-SLF4J] [main] o.s.b.f.s.DefaultListableBeanFactory     : Returning cached instance of singleton bean 'autoConfigurationReport'
2026-03-05T10:42:53.948+05:30 TRACE 24928 --- [Java-SLF4J] [main] o.s.c.io.support.SpringFactoriesLoader   : Loaded [org.springframework.boot.autoconfigure.template.TemplateAvailabilityProvider] names: [org.springframework.boot.webmvc.autoconfigure.JspTemplateAvailabilityProvider]
2026-03-05T10:42:53.948+05:30 TRACE 24928 --- [Java-SLF4J] [main] figuration$ErrorTemplateMissingCondition : Condition ErrorMvcAutoConfiguration.ErrorTemplateMissingCondition on org.springframework.boot.webmvc.autoconfigure.error.ErrorMvcAutoConfiguration$WhitelabelErrorViewConfiguration matched due to ErrorTemplate Missing did not find error template view
2026-03-05T10:42:53.948+05:30 TRACE 24928 --- [Java-SLF4J] [main] o.s.b.f.s.DefaultListableBeanFactory     : Returning cached instance of singleton bean 'autoConfigurationReport'
2026-03-05T10:42:53.948+05:30 TRACE 24928 --- [Java-SLF4J] [main] a.ConfigurationClassBeanDefinitionReader : Registered bean definition for imported class 'org.springframework.boot.webmvc.autoconfigure.error.ErrorMvcAutoConfiguration$WhitelabelErrorViewConfiguration'
2026-03-05T10:42:53.948+05:30 TRACE 24928 --- [Java-SLF4J] [main] o.s.b.a.condition.OnBeanCondition        : Condition OnBeanCondition on org.springframework.boot.webmvc.autoconfigure.error.ErrorMvcAutoConfiguration$WhitelabelErrorViewConfiguration#defaultErrorView matched due to @ConditionalOnMissingBean (names: error; SearchStrategy: all) did not find any beans
2026-03-05T10:42:53.948+05:30 TRACE 24928 --- [Java-SLF4J] [main] o.s.b.f.s.DefaultListableBeanFactory     : Returning cached instance of singleton bean 'autoConfigurationReport'
2026-03-05T10:42:53.948+05:30 TRACE 24928 --- [Java-SLF4J] [main] a.ConfigurationClassBeanDefinitionReader : Registering bean definition for @Bean method org.springframework.boot.webmvc.autoconfigure.error.ErrorMvcAutoConfiguration$WhitelabelErrorViewConfiguration.error()
2026-03-05T10:42:53.953+05:30 TRACE 24928 --- [Java-SLF4J] [main] o.s.b.a.condition.OnBeanCondition        : Condition OnBeanCondition on org.springframework.boot.webmvc.autoconfigure.error.ErrorMvcAutoConfiguration$WhitelabelErrorViewConfiguration#beanNameViewResolver matched due to @ConditionalOnMissingBean (types: org.springframework.web.servlet.view.BeanNameViewResolver; SearchStrategy: all) did not find any beans
2026-03-05T10:42:53.953+05:30 TRACE 24928 --- [Java-SLF4J] [main] o.s.b.f.s.DefaultListableBeanFactory     : Returning cached instance of singleton bean 'autoConfigurationReport'
2026-03-05T10:42:53.953+05:30 TRACE 24928 --- [Java-SLF4J] [main] a.ConfigurationClassBeanDefinitionReader : Registering bean definition for @Bean method org.springframework.boot.webmvc.autoconfigure.error.ErrorMvcAutoConfiguration$WhitelabelErrorViewConfiguration.beanNameViewResolver()
2026-03-05T10:42:53.953+05:30 TRACE 24928 --- [Java-SLF4J] [main] a.ConfigurationClassBeanDefinitionReader : Registered bean definition for imported class 'org.springframework.boot.webmvc.autoconfigure.error.ErrorMvcAutoConfiguration$DefaultErrorViewResolverConfiguration'
2026-03-05T10:42:53.954+05:30 TRACE 24928 --- [Java-SLF4J] [main] o.s.b.a.condition.OnBeanCondition        : Condition OnBeanCondition on org.springframework.boot.webmvc.autoconfigure.error.ErrorMvcAutoConfiguration$DefaultErrorViewResolverConfiguration#conventionErrorViewResolver matched due to @ConditionalOnBean (types: org.springframework.web.servlet.DispatcherServlet; SearchStrategy: all) found bean 'dispatcherServlet'; @ConditionalOnMissingBean (types: org.springframework.boot.webmvc.autoconfigure.error.ErrorViewResolver; SearchStrategy: all) did not find any beans
2026-03-05T10:42:53.954+05:30 TRACE 24928 --- [Java-SLF4J] [main] o.s.b.f.s.DefaultListableBeanFactory     : Returning cached instance of singleton bean 'autoConfigurationReport'
2026-03-05T10:42:53.954+05:30 TRACE 24928 --- [Java-SLF4J] [main] o.s.b.a.condition.OnBeanCondition        : Condition OnBeanCondition on org.springframework.boot.webmvc.autoconfigure.error.ErrorMvcAutoConfiguration$DefaultErrorViewResolverConfiguration#conventionErrorViewResolver matched due to @ConditionalOnBean (types: org.springframework.web.servlet.DispatcherServlet; SearchStrategy: all) found bean 'dispatcherServlet'; @ConditionalOnMissingBean (types: org.springframework.boot.webmvc.autoconfigure.error.ErrorViewResolver; SearchStrategy: all) did not find any beans
2026-03-05T10:42:53.954+05:30 TRACE 24928 --- [Java-SLF4J] [main] o.s.b.f.s.DefaultListableBeanFactory     : Returning cached instance of singleton bean 'autoConfigurationReport'
2026-03-05T10:42:53.954+05:30 TRACE 24928 --- [Java-SLF4J] [main] a.ConfigurationClassBeanDefinitionReader : Registering bean definition for @Bean method org.springframework.boot.webmvc.autoconfigure.error.ErrorMvcAutoConfiguration$DefaultErrorViewResolverConfiguration.conventionErrorViewResolver()
2026-03-05T10:42:53.955+05:30 TRACE 24928 --- [Java-SLF4J] [main] a.ConfigurationClassBeanDefinitionReader : Registered bean definition for imported class 'org.springframework.boot.webmvc.autoconfigure.error.ErrorMvcAutoConfiguration'
2026-03-05T10:42:53.955+05:30 TRACE 24928 --- [Java-SLF4J] [main] o.s.b.a.condition.OnBeanCondition        : Condition OnBeanCondition on org.springframework.boot.webmvc.autoconfigure.error.ErrorMvcAutoConfiguration#errorAttributes matched due to @ConditionalOnMissingBean (types: org.springframework.boot.webmvc.error.ErrorAttributes; SearchStrategy: current) did not find any beans
2026-03-05T10:42:53.955+05:30 TRACE 24928 --- [Java-SLF4J] [main] o.s.b.f.s.DefaultListableBeanFactory     : Returning cached instance of singleton bean 'autoConfigurationReport'
2026-03-05T10:42:53.955+05:30 TRACE 24928 --- [Java-SLF4J] [main] a.ConfigurationClassBeanDefinitionReader : Registering bean definition for @Bean method org.springframework.boot.webmvc.autoconfigure.error.ErrorMvcAutoConfiguration.errorAttributes()
2026-03-05T10:42:53.957+05:30 TRACE 24928 --- [Java-SLF4J] [main] o.s.b.a.condition.OnBeanCondition        : Condition OnBeanCondition on org.springframework.boot.webmvc.autoconfigure.error.ErrorMvcAutoConfiguration#basicErrorController matched due to @ConditionalOnMissingBean (types: org.springframework.boot.webmvc.error.ErrorController; SearchStrategy: current) did not find any beans
2026-03-05T10:42:53.957+05:30 TRACE 24928 --- [Java-SLF4J] [main] o.s.b.f.s.DefaultListableBeanFactory     : Returning cached instance of singleton bean 'autoConfigurationReport'
2026-03-05T10:42:53.957+05:30 TRACE 24928 --- [Java-SLF4J] [main] a.ConfigurationClassBeanDefinitionReader : Registering bean definition for @Bean method org.springframework.boot.webmvc.autoconfigure.error.ErrorMvcAutoConfiguration.basicErrorController()
2026-03-05T10:42:53.957+05:30 TRACE 24928 --- [Java-SLF4J] [main] a.ConfigurationClassBeanDefinitionReader : Registering bean definition for @Bean method org.springframework.boot.webmvc.autoconfigure.error.ErrorMvcAutoConfiguration.errorPageCustomizer()
2026-03-05T10:42:53.957+05:30 TRACE 24928 --- [Java-SLF4J] [main] a.ConfigurationClassBeanDefinitionReader : Registering bean definition for @Bean method org.springframework.boot.webmvc.autoconfigure.error.ErrorMvcAutoConfiguration.preserveErrorControllerTargetClassPostProcessor()
2026-03-05T10:42:53.958+05:30 TRACE 24928 --- [Java-SLF4J] [main] o.s.b.a.condition.OnClassCondition       : Condition OnClassCondition on org.springframework.boot.webmvc.autoconfigure.WebMvcAutoConfiguration matched due to @ConditionalOnClass found required classes 'jakarta.servlet.Servlet', 'org.springframework.web.servlet.DispatcherServlet', 'org.springframework.web.servlet.config.annotation.WebMvcConfigurer'
2026-03-05T10:42:53.958+05:30 TRACE 24928 --- [Java-SLF4J] [main] o.s.b.f.s.DefaultListableBeanFactory     : Returning cached instance of singleton bean 'autoConfigurationReport'
2026-03-05T10:42:53.958+05:30 TRACE 24928 --- [Java-SLF4J] [main] o.s.b.a.c.OnWebApplicationCondition      : Condition OnWebApplicationCondition on org.springframework.boot.webmvc.autoconfigure.WebMvcAutoConfiguration matched due to found 'session' scope
2026-03-05T10:42:53.958+05:30 TRACE 24928 --- [Java-SLF4J] [main] o.s.b.f.s.DefaultListableBeanFactory     : Returning cached instance of singleton bean 'autoConfigurationReport'
2026-03-05T10:42:53.960+05:30 TRACE 24928 --- [Java-SLF4J] [main] o.s.b.a.condition.OnBeanCondition        : Condition OnBeanCondition on org.springframework.boot.webmvc.autoconfigure.WebMvcAutoConfiguration matched due to @ConditionalOnMissingBean (types: org.springframework.web.servlet.config.annotation.WebMvcConfigurationSupport; SearchStrategy: all) did not find any beans
2026-03-05T10:42:53.960+05:30 TRACE 24928 --- [Java-SLF4J] [main] o.s.b.f.s.DefaultListableBeanFactory     : Returning cached instance of singleton bean 'autoConfigurationReport'
2026-03-05T10:42:53.961+05:30 TRACE 24928 --- [Java-SLF4J] [main] a.ConfigurationClassBeanDefinitionReader : Registered bean definition for imported class 'org.springframework.boot.webmvc.autoconfigure.WebMvcAutoConfiguration$EnableWebMvcConfiguration'
2026-03-05T10:42:53.961+05:30 TRACE 24928 --- [Java-SLF4J] [main] a.ConfigurationClassBeanDefinitionReader : Registering bean definition for @Bean method org.springframework.boot.webmvc.autoconfigure.WebMvcAutoConfiguration$EnableWebMvcConfiguration.welcomePageHandlerMapping()
2026-03-05T10:42:53.961+05:30 TRACE 24928 --- [Java-SLF4J] [main] a.ConfigurationClassBeanDefinitionReader : Registering bean definition for @Bean method org.springframework.boot.webmvc.autoconfigure.WebMvcAutoConfiguration$EnableWebMvcConfiguration.welcomePageNotAcceptableHandlerMapping()
2026-03-05T10:42:53.961+05:30 TRACE 24928 --- [Java-SLF4J] [main] o.s.b.a.condition.OnBeanCondition        : Condition OnBeanCondition on org.springframework.boot.webmvc.autoconfigure.WebMvcAutoConfiguration$EnableWebMvcConfiguration#localeResolver matched due to @ConditionalOnMissingBean (names: localeResolver; SearchStrategy: all) did not find any beans
2026-03-05T10:42:53.961+05:30 TRACE 24928 --- [Java-SLF4J] [main] o.s.b.f.s.DefaultListableBeanFactory     : Returning cached instance of singleton bean 'autoConfigurationReport'
2026-03-05T10:42:53.961+05:30 TRACE 24928 --- [Java-SLF4J] [main] a.ConfigurationClassBeanDefinitionReader : Registering bean definition for @Bean method org.springframework.boot.webmvc.autoconfigure.WebMvcAutoConfiguration$EnableWebMvcConfiguration.localeResolver()
2026-03-05T10:42:53.961+05:30 TRACE 24928 --- [Java-SLF4J] [main] o.s.b.a.condition.OnBeanCondition        : Condition OnBeanCondition on org.springframework.boot.webmvc.autoconfigure.WebMvcAutoConfiguration$EnableWebMvcConfiguration#flashMapManager matched due to @ConditionalOnMissingBean (names: flashMapManager; SearchStrategy: all) did not find any beans
2026-03-05T10:42:53.961+05:30 TRACE 24928 --- [Java-SLF4J] [main] o.s.b.f.s.DefaultListableBeanFactory     : Returning cached instance of singleton bean 'autoConfigurationReport'
2026-03-05T10:42:53.961+05:30 TRACE 24928 --- [Java-SLF4J] [main] a.ConfigurationClassBeanDefinitionReader : Registering bean definition for @Bean method org.springframework.boot.webmvc.autoconfigure.WebMvcAutoConfiguration$EnableWebMvcConfiguration.flashMapManager()
2026-03-05T10:42:53.961+05:30 TRACE 24928 --- [Java-SLF4J] [main] o.s.b.a.condition.OnBeanCondition        : Condition OnBeanCondition on org.springframework.boot.webmvc.autoconfigure.WebMvcAutoConfiguration$EnableWebMvcConfiguration#viewNameTranslator matched due to @ConditionalOnMissingBean (names: viewNameTranslator; SearchStrategy: all) did not find any beans
2026-03-05T10:42:53.961+05:30 TRACE 24928 --- [Java-SLF4J] [main] o.s.b.f.s.DefaultListableBeanFactory     : Returning cached instance of singleton bean 'autoConfigurationReport'
2026-03-05T10:42:53.961+05:30 TRACE 24928 --- [Java-SLF4J] [main] a.ConfigurationClassBeanDefinitionReader : Registering bean definition for @Bean method org.springframework.boot.webmvc.autoconfigure.WebMvcAutoConfiguration$EnableWebMvcConfiguration.viewNameTranslator()
2026-03-05T10:42:53.961+05:30 TRACE 24928 --- [Java-SLF4J] [main] a.ConfigurationClassBeanDefinitionReader : Registering bean definition for @Bean method org.springframework.boot.webmvc.autoconfigure.WebMvcAutoConfiguration$EnableWebMvcConfiguration.mvcConversionService()
2026-03-05T10:42:53.961+05:30 TRACE 24928 --- [Java-SLF4J] [main] a.ConfigurationClassBeanDefinitionReader : Registering bean definition for @Bean method org.springframework.boot.webmvc.autoconfigure.WebMvcAutoConfiguration$EnableWebMvcConfiguration.mvcValidator()
2026-03-05T10:42:53.961+05:30 TRACE 24928 --- [Java-SLF4J] [main] a.ConfigurationClassBeanDefinitionReader : Registering bean definition for @Bean method org.springframework.boot.webmvc.autoconfigure.WebMvcAutoConfiguration$EnableWebMvcConfiguration.requestMappingHandlerMapping()
2026-03-05T10:42:53.962+05:30 TRACE 24928 --- [Java-SLF4J] [main] a.ConfigurationClassBeanDefinitionReader : Registering bean definition for @Bean method org.springframework.boot.webmvc.autoconfigure.WebMvcAutoConfiguration$EnableWebMvcConfiguration.mvcPatternParser()
2026-03-05T10:42:53.962+05:30 TRACE 24928 --- [Java-SLF4J] [main] a.ConfigurationClassBeanDefinitionReader : Registering bean definition for @Bean method org.springframework.boot.webmvc.autoconfigure.WebMvcAutoConfiguration$EnableWebMvcConfiguration.mvcUrlPathHelper()
2026-03-05T10:42:53.962+05:30 TRACE 24928 --- [Java-SLF4J] [main] a.ConfigurationClassBeanDefinitionReader : Registering bean definition for @Bean method org.springframework.boot.webmvc.autoconfigure.WebMvcAutoConfiguration$EnableWebMvcConfiguration.mvcPathMatcher()
2026-03-05T10:42:53.962+05:30 TRACE 24928 --- [Java-SLF4J] [main] a.ConfigurationClassBeanDefinitionReader : Registering bean definition for @Bean method org.springframework.boot.webmvc.autoconfigure.WebMvcAutoConfiguration$EnableWebMvcConfiguration.mvcContentNegotiationManager()
2026-03-05T10:42:53.962+05:30 TRACE 24928 --- [Java-SLF4J] [main] a.ConfigurationClassBeanDefinitionReader : Registering bean definition for @Bean method org.springframework.boot.webmvc.autoconfigure.WebMvcAutoConfiguration$EnableWebMvcConfiguration.mvcApiVersionStrategy()
2026-03-05T10:42:53.962+05:30 TRACE 24928 --- [Java-SLF4J] [main] a.ConfigurationClassBeanDefinitionReader : Registering bean definition for @Bean method org.springframework.boot.webmvc.autoconfigure.WebMvcAutoConfiguration$EnableWebMvcConfiguration.viewControllerHandlerMapping()
2026-03-05T10:42:53.962+05:30 TRACE 24928 --- [Java-SLF4J] [main] a.ConfigurationClassBeanDefinitionReader : Registering bean definition for @Bean method org.springframework.boot.webmvc.autoconfigure.WebMvcAutoConfiguration$EnableWebMvcConfiguration.beanNameHandlerMapping()
2026-03-05T10:42:53.962+05:30 TRACE 24928 --- [Java-SLF4J] [main] a.ConfigurationClassBeanDefinitionReader : Registering bean definition for @Bean method org.springframework.boot.webmvc.autoconfigure.WebMvcAutoConfiguration$EnableWebMvcConfiguration.routerFunctionMapping()
2026-03-05T10:42:53.962+05:30 TRACE 24928 --- [Java-SLF4J] [main] a.ConfigurationClassBeanDefinitionReader : Registering bean definition for @Bean method org.springframework.boot.webmvc.autoconfigure.WebMvcAutoConfiguration$EnableWebMvcConfiguration.resourceHandlerMapping()
2026-03-05T10:42:53.962+05:30 TRACE 24928 --- [Java-SLF4J] [main] a.ConfigurationClassBeanDefinitionReader : Registering bean definition for @Bean method org.springframework.boot.webmvc.autoconfigure.WebMvcAutoConfiguration$EnableWebMvcConfiguration.mvcResourceUrlProvider()
2026-03-05T10:42:53.962+05:30 TRACE 24928 --- [Java-SLF4J] [main] a.ConfigurationClassBeanDefinitionReader : Registering bean definition for @Bean method org.springframework.boot.webmvc.autoconfigure.WebMvcAutoConfiguration$EnableWebMvcConfiguration.defaultServletHandlerMapping()
2026-03-05T10:42:53.962+05:30 TRACE 24928 --- [Java-SLF4J] [main] a.ConfigurationClassBeanDefinitionReader : Registering bean definition for @Bean method org.springframework.boot.webmvc.autoconfigure.WebMvcAutoConfiguration$EnableWebMvcConfiguration.requestMappingHandlerAdapter()
2026-03-05T10:42:53.962+05:30 TRACE 24928 --- [Java-SLF4J] [main] a.ConfigurationClassBeanDefinitionReader : Registering bean definition for @Bean method org.springframework.boot.webmvc.autoconfigure.WebMvcAutoConfiguration$EnableWebMvcConfiguration.handlerFunctionAdapter()
2026-03-05T10:42:53.962+05:30 TRACE 24928 --- [Java-SLF4J] [main] a.ConfigurationClassBeanDefinitionReader : Registering bean definition for @Bean method org.springframework.boot.webmvc.autoconfigure.WebMvcAutoConfiguration$EnableWebMvcConfiguration.mvcUriComponentsContributor()
2026-03-05T10:42:53.962+05:30 TRACE 24928 --- [Java-SLF4J] [main] a.ConfigurationClassBeanDefinitionReader : Registering bean definition for @Bean method org.springframework.boot.webmvc.autoconfigure.WebMvcAutoConfiguration$EnableWebMvcConfiguration.httpRequestHandlerAdapter()
2026-03-05T10:42:53.962+05:30 TRACE 24928 --- [Java-SLF4J] [main] a.ConfigurationClassBeanDefinitionReader : Registering bean definition for @Bean method org.springframework.boot.webmvc.autoconfigure.WebMvcAutoConfiguration$EnableWebMvcConfiguration.simpleControllerHandlerAdapter()
2026-03-05T10:42:53.962+05:30 TRACE 24928 --- [Java-SLF4J] [main] a.ConfigurationClassBeanDefinitionReader : Registering bean definition for @Bean method org.springframework.boot.webmvc.autoconfigure.WebMvcAutoConfiguration$EnableWebMvcConfiguration.handlerExceptionResolver()
2026-03-05T10:42:53.962+05:30 TRACE 24928 --- [Java-SLF4J] [main] a.ConfigurationClassBeanDefinitionReader : Registering bean definition for @Bean method org.springframework.boot.webmvc.autoconfigure.WebMvcAutoConfiguration$EnableWebMvcConfiguration.mvcViewResolver()
2026-03-05T10:42:53.962+05:30 TRACE 24928 --- [Java-SLF4J] [main] a.ConfigurationClassBeanDefinitionReader : Registering bean definition for @Bean method org.springframework.boot.webmvc.autoconfigure.WebMvcAutoConfiguration$EnableWebMvcConfiguration.mvcHandlerMappingIntrospector()
2026-03-05T10:42:53.963+05:30 TRACE 24928 --- [Java-SLF4J] [main] a.ConfigurationClassBeanDefinitionReader : Registered bean definition for imported class 'org.springframework.boot.webmvc.autoconfigure.WebMvcAutoConfiguration$WebMvcAutoConfigurationAdapter'
2026-03-05T10:42:53.989+05:30 TRACE 24928 --- [Java-SLF4J] [main] o.s.b.a.condition.OnBeanCondition        : Condition OnBeanCondition on org.springframework.boot.webmvc.autoconfigure.WebMvcAutoConfiguration$WebMvcAutoConfigurationAdapter#defaultViewResolver matched due to @ConditionalOnMissingBean (types: org.springframework.web.servlet.view.InternalResourceViewResolver; SearchStrategy: all) did not find any beans
2026-03-05T10:42:53.989+05:30 TRACE 24928 --- [Java-SLF4J] [main] o.s.b.f.s.DefaultListableBeanFactory     : Returning cached instance of singleton bean 'autoConfigurationReport'
2026-03-05T10:42:53.989+05:30 TRACE 24928 --- [Java-SLF4J] [main] a.ConfigurationClassBeanDefinitionReader : Registering bean definition for @Bean method org.springframework.boot.webmvc.autoconfigure.WebMvcAutoConfiguration$WebMvcAutoConfigurationAdapter.defaultViewResolver()
2026-03-05T10:42:53.990+05:30 TRACE 24928 --- [Java-SLF4J] [main] o.s.b.a.condition.OnBeanCondition        : Condition OnBeanCondition on org.springframework.boot.webmvc.autoconfigure.WebMvcAutoConfiguration$WebMvcAutoConfigurationAdapter#beanNameViewResolver did not match due to @ConditionalOnMissingBean (types: org.springframework.web.servlet.view.BeanNameViewResolver; SearchStrategy: all) found beans of type 'org.springframework.web.servlet.view.BeanNameViewResolver' beanNameViewResolver
2026-03-05T10:42:53.990+05:30 TRACE 24928 --- [Java-SLF4J] [main] o.s.b.f.s.DefaultListableBeanFactory     : Returning cached instance of singleton bean 'autoConfigurationReport'
2026-03-05T10:42:53.990+05:30 TRACE 24928 --- [Java-SLF4J] [main] o.s.b.a.condition.OnBeanCondition        : Condition OnBeanCondition on org.springframework.boot.webmvc.autoconfigure.WebMvcAutoConfiguration$WebMvcAutoConfigurationAdapter#viewResolver matched due to @ConditionalOnBean (types: org.springframework.web.servlet.ViewResolver; SearchStrategy: all) found beans 'defaultViewResolver', 'beanNameViewResolver', 'mvcViewResolver'; @ConditionalOnMissingBean (names: viewResolver types: org.springframework.web.servlet.view.ContentNegotiatingViewResolver; SearchStrategy: all) did not find any beans
2026-03-05T10:42:53.990+05:30 TRACE 24928 --- [Java-SLF4J] [main] o.s.b.f.s.DefaultListableBeanFactory     : Returning cached instance of singleton bean 'autoConfigurationReport'
2026-03-05T10:42:53.991+05:30 TRACE 24928 --- [Java-SLF4J] [main] o.s.b.a.condition.OnBeanCondition        : Condition OnBeanCondition on org.springframework.boot.webmvc.autoconfigure.WebMvcAutoConfiguration$WebMvcAutoConfigurationAdapter#viewResolver matched due to @ConditionalOnBean (types: org.springframework.web.servlet.ViewResolver; SearchStrategy: all) found beans 'defaultViewResolver', 'beanNameViewResolver', 'mvcViewResolver'; @ConditionalOnMissingBean (names: viewResolver types: org.springframework.web.servlet.view.ContentNegotiatingViewResolver; SearchStrategy: all) did not find any beans
2026-03-05T10:42:53.991+05:30 TRACE 24928 --- [Java-SLF4J] [main] o.s.b.f.s.DefaultListableBeanFactory     : Returning cached instance of singleton bean 'autoConfigurationReport'
2026-03-05T10:42:53.991+05:30 TRACE 24928 --- [Java-SLF4J] [main] a.ConfigurationClassBeanDefinitionReader : Registering bean definition for @Bean method org.springframework.boot.webmvc.autoconfigure.WebMvcAutoConfiguration$WebMvcAutoConfigurationAdapter.viewResolver()
2026-03-05T10:42:53.992+05:30 TRACE 24928 --- [Java-SLF4J] [main] o.s.b.a.condition.OnBeanCondition        : Condition OnBeanCondition on org.springframework.boot.webmvc.autoconfigure.WebMvcAutoConfiguration$WebMvcAutoConfigurationAdapter#requestContextFilter matched due to @ConditionalOnMissingBean (types: org.springframework.web.context.request.RequestContextListener,org.springframework.web.filter.RequestContextFilter; SearchStrategy: all) did not find any beans
2026-03-05T10:42:53.992+05:30 TRACE 24928 --- [Java-SLF4J] [main] o.s.b.f.s.DefaultListableBeanFactory     : Returning cached instance of singleton bean 'autoConfigurationReport'
2026-03-05T10:42:53.993+05:30 TRACE 24928 --- [Java-SLF4J] [main] o.s.b.a.condition.OnBeanCondition        : Condition OnBeanCondition on org.springframework.boot.webmvc.autoconfigure.WebMvcAutoConfiguration$WebMvcAutoConfigurationAdapter#requestContextFilter matched due to @ConditionalOnMissingBean (types: org.springframework.web.context.request.RequestContextListener,org.springframework.web.filter.RequestContextFilter; SearchStrategy: all) did not find any beans
2026-03-05T10:42:53.993+05:30 TRACE 24928 --- [Java-SLF4J] [main] o.s.b.f.s.DefaultListableBeanFactory     : Returning cached instance of singleton bean 'autoConfigurationReport'
2026-03-05T10:42:53.993+05:30 TRACE 24928 --- [Java-SLF4J] [main] a.ConfigurationClassBeanDefinitionReader : Registering bean definition for @Bean method org.springframework.boot.webmvc.autoconfigure.WebMvcAutoConfiguration$WebMvcAutoConfigurationAdapter.requestContextFilter()
2026-03-05T10:42:53.993+05:30 TRACE 24928 --- [Java-SLF4J] [main] a.ConfigurationClassBeanDefinitionReader : Registered bean definition for imported class 'org.springframework.boot.webmvc.autoconfigure.WebMvcAutoConfiguration'
2026-03-05T10:42:53.993+05:30 TRACE 24928 --- [Java-SLF4J] [main] o.s.b.a.condition.OnPropertyCondition    : Condition OnPropertyCondition on org.springframework.boot.webmvc.autoconfigure.WebMvcAutoConfiguration#hiddenHttpMethodFilter did not match due to @ConditionalOnBooleanProperty (spring.mvc.hiddenmethod.filter.enabled=true) did not find property 'spring.mvc.hiddenmethod.filter.enabled'
2026-03-05T10:42:53.993+05:30 TRACE 24928 --- [Java-SLF4J] [main] o.s.b.f.s.DefaultListableBeanFactory     : Returning cached instance of singleton bean 'autoConfigurationReport'
2026-03-05T10:42:53.994+05:30 TRACE 24928 --- [Java-SLF4J] [main] o.s.b.a.condition.OnPropertyCondition    : Condition OnPropertyCondition on org.springframework.boot.webmvc.autoconfigure.WebMvcAutoConfiguration#formContentFilter matched due to @ConditionalOnBooleanProperty (spring.mvc.formcontent.filter.enabled=true) matched
2026-03-05T10:42:53.994+05:30 TRACE 24928 --- [Java-SLF4J] [main] o.s.b.f.s.DefaultListableBeanFactory     : Returning cached instance of singleton bean 'autoConfigurationReport'
2026-03-05T10:42:53.995+05:30 TRACE 24928 --- [Java-SLF4J] [main] o.s.b.a.condition.OnBeanCondition        : Condition OnBeanCondition on org.springframework.boot.webmvc.autoconfigure.WebMvcAutoConfiguration#formContentFilter matched due to @ConditionalOnMissingBean (types: org.springframework.web.filter.FormContentFilter; SearchStrategy: all) did not find any beans
2026-03-05T10:42:53.995+05:30 TRACE 24928 --- [Java-SLF4J] [main] o.s.b.f.s.DefaultListableBeanFactory     : Returning cached instance of singleton bean 'autoConfigurationReport'
2026-03-05T10:42:53.996+05:30 TRACE 24928 --- [Java-SLF4J] [main] a.ConfigurationClassBeanDefinitionReader : Registering bean definition for @Bean method org.springframework.boot.webmvc.autoconfigure.WebMvcAutoConfiguration.formContentFilter()
2026-03-05T10:42:53.996+05:30 TRACE 24928 --- [Java-SLF4J] [main] o.s.b.a.condition.OnPropertyCondition    : Condition OnPropertyCondition on org.springframework.boot.autoconfigure.aop.AopAutoConfiguration matched due to @ConditionalOnBooleanProperty (spring.aop.auto=true) matched
2026-03-05T10:42:53.996+05:30 TRACE 24928 --- [Java-SLF4J] [main] o.s.b.f.s.DefaultListableBeanFactory     : Returning cached instance of singleton bean 'autoConfigurationReport'
2026-03-05T10:42:53.996+05:30 TRACE 24928 --- [Java-SLF4J] [main] o.s.b.a.condition.OnClassCondition       : Condition OnClassCondition on org.springframework.boot.autoconfigure.aop.AopAutoConfiguration$ClassProxyingConfiguration matched due to @ConditionalOnMissingClass did not find unwanted class 'org.aspectj.weaver.Advice'
2026-03-05T10:42:53.996+05:30 TRACE 24928 --- [Java-SLF4J] [main] o.s.b.f.s.DefaultListableBeanFactory     : Returning cached instance of singleton bean 'autoConfigurationReport'
2026-03-05T10:42:53.996+05:30 TRACE 24928 --- [Java-SLF4J] [main] o.s.b.a.condition.OnPropertyCondition    : Condition OnPropertyCondition on org.springframework.boot.autoconfigure.aop.AopAutoConfiguration$ClassProxyingConfiguration matched due to @ConditionalOnBooleanProperty (spring.aop.proxy-target-class=true) matched
2026-03-05T10:42:53.996+05:30 TRACE 24928 --- [Java-SLF4J] [main] o.s.b.f.s.DefaultListableBeanFactory     : Returning cached instance of singleton bean 'autoConfigurationReport'
2026-03-05T10:42:53.996+05:30 TRACE 24928 --- [Java-SLF4J] [main] a.ConfigurationClassBeanDefinitionReader : Registered bean definition for imported class 'org.springframework.boot.autoconfigure.aop.AopAutoConfiguration$ClassProxyingConfiguration'
2026-03-05T10:42:53.996+05:30 TRACE 24928 --- [Java-SLF4J] [main] a.ConfigurationClassBeanDefinitionReader : Registering bean definition for @Bean method org.springframework.boot.autoconfigure.aop.AopAutoConfiguration$ClassProxyingConfiguration.forceAutoProxyCreatorToUseClassProxying()
2026-03-05T10:42:53.996+05:30 TRACE 24928 --- [Java-SLF4J] [main] a.ConfigurationClassBeanDefinitionReader : Registered bean definition for imported class 'org.springframework.boot.autoconfigure.aop.AopAutoConfiguration'
2026-03-05T10:42:53.997+05:30 TRACE 24928 --- [Java-SLF4J] [main] a.ConfigurationClassBeanDefinitionReader : Registered bean definition for imported class 'org.springframework.boot.autoconfigure.availability.ApplicationAvailabilityAutoConfiguration'
2026-03-05T10:42:53.999+05:30 TRACE 24928 --- [Java-SLF4J] [main] o.s.b.a.condition.OnBeanCondition        : Condition OnBeanCondition on org.springframework.boot.autoconfigure.availability.ApplicationAvailabilityAutoConfiguration#applicationAvailability matched due to @ConditionalOnMissingBean (types: org.springframework.boot.availability.ApplicationAvailability; SearchStrategy: all) did not find any beans
2026-03-05T10:42:53.999+05:30 TRACE 24928 --- [Java-SLF4J] [main] o.s.b.f.s.DefaultListableBeanFactory     : Returning cached instance of singleton bean 'autoConfigurationReport'
2026-03-05T10:42:53.999+05:30 TRACE 24928 --- [Java-SLF4J] [main] a.ConfigurationClassBeanDefinitionReader : Registering bean definition for @Bean method org.springframework.boot.autoconfigure.availability.ApplicationAvailabilityAutoConfiguration.applicationAvailability()
2026-03-05T10:42:53.999+05:30 TRACE 24928 --- [Java-SLF4J] [main] a.ConfigurationClassBeanDefinitionReader : Registered bean definition for imported class 'org.springframework.boot.autoconfigure.context.ConfigurationPropertiesAutoConfiguration'
2026-03-05T10:42:54.000+05:30 TRACE 24928 --- [Java-SLF4J] [main] a.ConfigurationClassBeanDefinitionReader : Registered bean definition for imported class 'org.springframework.boot.autoconfigure.context.LifecycleAutoConfiguration'
2026-03-05T10:42:54.000+05:30 TRACE 24928 --- [Java-SLF4J] [main] o.s.b.a.condition.OnBeanCondition        : Condition OnBeanCondition on org.springframework.boot.autoconfigure.context.LifecycleAutoConfiguration#defaultLifecycleProcessor matched due to @ConditionalOnMissingBean (names: lifecycleProcessor; SearchStrategy: current) did not find any beans
2026-03-05T10:42:54.000+05:30 TRACE 24928 --- [Java-SLF4J] [main] o.s.b.f.s.DefaultListableBeanFactory     : Returning cached instance of singleton bean 'autoConfigurationReport'
2026-03-05T10:42:54.000+05:30 TRACE 24928 --- [Java-SLF4J] [main] a.ConfigurationClassBeanDefinitionReader : Registering bean definition for @Bean method org.springframework.boot.autoconfigure.context.LifecycleAutoConfiguration.lifecycleProcessor()
2026-03-05T10:42:54.000+05:30 TRACE 24928 --- [Java-SLF4J] [main] a.ConfigurationClassBeanDefinitionReader : Registered bean definition for imported class 'org.springframework.boot.autoconfigure.info.ProjectInfoAutoConfiguration'
2026-03-05T10:42:54.001+05:30 TRACE 24928 --- [Java-SLF4J] [main] figuration$GitResourceAvailableCondition : Condition ProjectInfoAutoConfiguration.GitResourceAvailableCondition on org.springframework.boot.autoconfigure.info.ProjectInfoAutoConfiguration#gitProperties did not match due to GitResource did not find git info at classpath:git.properties
2026-03-05T10:42:54.001+05:30 TRACE 24928 --- [Java-SLF4J] [main] o.s.b.f.s.DefaultListableBeanFactory     : Returning cached instance of singleton bean 'autoConfigurationReport'
2026-03-05T10:42:54.003+05:30 TRACE 24928 --- [Java-SLF4J] [main] ySourcesPropertyResolver$DefaultResolver : Searching for key 'spring.info.build.location:classpath:META-INF/build-info.properties' in PropertySource 'configurationProperties'
2026-03-05T10:42:54.003+05:30 TRACE 24928 --- [Java-SLF4J] [main] ySourcesPropertyResolver$DefaultResolver : Searching for key 'spring.info.build.location:classpath:META-INF/build-info.properties' in PropertySource 'servletConfigInitParams'
2026-03-05T10:42:54.003+05:30 TRACE 24928 --- [Java-SLF4J] [main] ySourcesPropertyResolver$DefaultResolver : Searching for key 'spring.info.build.location:classpath:META-INF/build-info.properties' in PropertySource 'servletContextInitParams'
2026-03-05T10:42:54.003+05:30 TRACE 24928 --- [Java-SLF4J] [main] ySourcesPropertyResolver$DefaultResolver : Searching for key 'spring.info.build.location:classpath:META-INF/build-info.properties' in PropertySource 'systemProperties'
2026-03-05T10:42:54.003+05:30 TRACE 24928 --- [Java-SLF4J] [main] ySourcesPropertyResolver$DefaultResolver : Searching for key 'spring.info.build.location:classpath:META-INF/build-info.properties' in PropertySource 'systemEnvironment'
2026-03-05T10:42:54.003+05:30 TRACE 24928 --- [Java-SLF4J] [main] ySourcesPropertyResolver$DefaultResolver : Searching for key 'spring.info.build.location:classpath:META-INF/build-info.properties' in PropertySource 'random'
2026-03-05T10:42:54.003+05:30 TRACE 24928 --- [Java-SLF4J] [main] ySourcesPropertyResolver$DefaultResolver : Searching for key 'spring.info.build.location:classpath:META-INF/build-info.properties' in PropertySource 'Config resource 'class path resource [application.properties]' via location 'optional:classpath:/''
2026-03-05T10:42:54.003+05:30 TRACE 24928 --- [Java-SLF4J] [main] ySourcesPropertyResolver$DefaultResolver : Searching for key 'spring.info.build.location:classpath:META-INF/build-info.properties' in PropertySource 'applicationInfo'
2026-03-05T10:42:54.003+05:30 TRACE 24928 --- [Java-SLF4J] [main] ySourcesPropertyResolver$DefaultResolver : Could not find key 'spring.info.build.location:classpath:META-INF/build-info.properties' in any property source
2026-03-05T10:42:54.003+05:30 TRACE 24928 --- [Java-SLF4J] [main] o.s.b.a.condition.OnResourceCondition    : Condition OnResourceCondition on org.springframework.boot.autoconfigure.info.ProjectInfoAutoConfiguration#buildProperties did not match due to @ConditionalOnResource did not find resource '${spring.info.build.location:classpath:META-INF/build-info.properties}'
2026-03-05T10:42:54.003+05:30 TRACE 24928 --- [Java-SLF4J] [main] o.s.b.f.s.DefaultListableBeanFactory     : Returning cached instance of singleton bean 'autoConfigurationReport'
2026-03-05T10:42:54.005+05:30 TRACE 24928 --- [Java-SLF4J] [main] a.ConfigurationClassBeanDefinitionReader : Registered bean definition for imported class 'org.springframework.boot.autoconfigure.ssl.SslAutoConfiguration'
2026-03-05T10:42:54.005+05:30 TRACE 24928 --- [Java-SLF4J] [main] a.ConfigurationClassBeanDefinitionReader : Registering bean definition for @Bean method org.springframework.boot.autoconfigure.ssl.SslAutoConfiguration.fileWatcher()
2026-03-05T10:42:54.005+05:30 TRACE 24928 --- [Java-SLF4J] [main] a.ConfigurationClassBeanDefinitionReader : Registering bean definition for @Bean method org.springframework.boot.autoconfigure.ssl.SslAutoConfiguration.sslPropertiesSslBundleRegistrar()
2026-03-05T10:42:54.009+05:30 TRACE 24928 --- [Java-SLF4J] [main] o.s.b.a.condition.OnBeanCondition        : Condition OnBeanCondition on org.springframework.boot.autoconfigure.ssl.SslAutoConfiguration#sslBundleRegistry matched due to @ConditionalOnMissingBean (types: org.springframework.boot.ssl.SslBundleRegistry,org.springframework.boot.ssl.SslBundles; SearchStrategy: all) did not find any beans
2026-03-05T10:42:54.009+05:30 TRACE 24928 --- [Java-SLF4J] [main] o.s.b.f.s.DefaultListableBeanFactory     : Returning cached instance of singleton bean 'autoConfigurationReport'
2026-03-05T10:42:54.009+05:30 TRACE 24928 --- [Java-SLF4J] [main] a.ConfigurationClassBeanDefinitionReader : Registering bean definition for @Bean method org.springframework.boot.autoconfigure.ssl.SslAutoConfiguration.sslBundleRegistry()
2026-03-05T10:42:54.009+05:30 TRACE 24928 --- [Java-SLF4J] [main] o.s.b.a.condition.OnClassCondition       : Condition OnClassCondition on org.springframework.boot.autoconfigure.task.TaskSchedulingAutoConfiguration matched due to @ConditionalOnClass found required class 'org.springframework.scheduling.concurrent.ThreadPoolTaskScheduler'
2026-03-05T10:42:54.010+05:30 TRACE 24928 --- [Java-SLF4J] [main] o.s.b.f.s.DefaultListableBeanFactory     : Returning cached instance of singleton bean 'autoConfigurationReport'
2026-03-05T10:42:54.010+05:30 TRACE 24928 --- [Java-SLF4J] [main] a.ConfigurationClassBeanDefinitionReader : Registered bean definition for imported class 'org.springframework.boot.autoconfigure.task.TaskSchedulingConfigurations$ThreadPoolTaskSchedulerBuilderConfiguration'
2026-03-05T10:42:54.011+05:30 TRACE 24928 --- [Java-SLF4J] [main] o.s.b.a.condition.OnBeanCondition        : Condition OnBeanCondition on org.springframework.boot.autoconfigure.task.TaskSchedulingConfigurations$ThreadPoolTaskSchedulerBuilderConfiguration#threadPoolTaskSchedulerBuilder matched due to @ConditionalOnMissingBean (types: org.springframework.boot.task.ThreadPoolTaskSchedulerBuilder; SearchStrategy: all) did not find any beans
2026-03-05T10:42:54.011+05:30 TRACE 24928 --- [Java-SLF4J] [main] o.s.b.f.s.DefaultListableBeanFactory     : Returning cached instance of singleton bean 'autoConfigurationReport'
2026-03-05T10:42:54.011+05:30 TRACE 24928 --- [Java-SLF4J] [main] a.ConfigurationClassBeanDefinitionReader : Registering bean definition for @Bean method org.springframework.boot.autoconfigure.task.TaskSchedulingConfigurations$ThreadPoolTaskSchedulerBuilderConfiguration.threadPoolTaskSchedulerBuilder()
2026-03-05T10:42:54.011+05:30 TRACE 24928 --- [Java-SLF4J] [main] a.ConfigurationClassBeanDefinitionReader : Registered bean definition for imported class 'org.springframework.boot.autoconfigure.task.TaskSchedulingConfigurations$SimpleAsyncTaskSchedulerBuilderConfiguration'
2026-03-05T10:42:54.011+05:30 TRACE 24928 --- [Java-SLF4J] [main] o.s.b.a.condition.OnThreadingCondition   : Condition OnThreadingCondition on org.springframework.boot.autoconfigure.task.TaskSchedulingConfigurations$SimpleAsyncTaskSchedulerBuilderConfiguration#simpleAsyncTaskSchedulerBuilder matched due to @ConditionalOnThreading found PLATFORM
2026-03-05T10:42:54.011+05:30 TRACE 24928 --- [Java-SLF4J] [main] o.s.b.f.s.DefaultListableBeanFactory     : Returning cached instance of singleton bean 'autoConfigurationReport'
2026-03-05T10:42:54.012+05:30 TRACE 24928 --- [Java-SLF4J] [main] o.s.b.a.condition.OnBeanCondition        : Condition OnBeanCondition on org.springframework.boot.autoconfigure.task.TaskSchedulingConfigurations$SimpleAsyncTaskSchedulerBuilderConfiguration#simpleAsyncTaskSchedulerBuilder matched due to @ConditionalOnMissingBean (types: org.springframework.boot.task.SimpleAsyncTaskSchedulerBuilder; SearchStrategy: all) did not find any beans
2026-03-05T10:42:54.012+05:30 TRACE 24928 --- [Java-SLF4J] [main] o.s.b.f.s.DefaultListableBeanFactory     : Returning cached instance of singleton bean 'autoConfigurationReport'
2026-03-05T10:42:54.012+05:30 TRACE 24928 --- [Java-SLF4J] [main] a.ConfigurationClassBeanDefinitionReader : Registering bean definition for @Bean method org.springframework.boot.autoconfigure.task.TaskSchedulingConfigurations$SimpleAsyncTaskSchedulerBuilderConfiguration.simpleAsyncTaskSchedulerBuilder()
2026-03-05T10:42:54.012+05:30 TRACE 24928 --- [Java-SLF4J] [main] o.s.b.a.condition.OnThreadingCondition   : Condition OnThreadingCondition on org.springframework.boot.autoconfigure.task.TaskSchedulingConfigurations$SimpleAsyncTaskSchedulerBuilderConfiguration#simpleAsyncTaskSchedulerBuilderVirtualThreads did not match due to @ConditionalOnThreading did not find VIRTUAL
2026-03-05T10:42:54.012+05:30 TRACE 24928 --- [Java-SLF4J] [main] o.s.b.f.s.DefaultListableBeanFactory     : Returning cached instance of singleton bean 'autoConfigurationReport'
2026-03-05T10:42:54.013+05:30 TRACE 24928 --- [Java-SLF4J] [main] o.s.b.a.condition.OnBeanCondition        : Condition OnBeanCondition on org.springframework.boot.autoconfigure.task.TaskSchedulingConfigurations$TaskSchedulerConfiguration did not match due to @ConditionalOnBean (names: org.springframework.scheduling.config.internalScheduledAnnotationProcessor; SearchStrategy: all) did not find any beans named org.springframework.scheduling.config.internalScheduledAnnotationProcessor
2026-03-05T10:42:54.013+05:30 TRACE 24928 --- [Java-SLF4J] [main] o.s.b.f.s.DefaultListableBeanFactory     : Returning cached instance of singleton bean 'autoConfigurationReport'
2026-03-05T10:42:54.013+05:30 TRACE 24928 --- [Java-SLF4J] [main] a.ConfigurationClassBeanDefinitionReader : Registered bean definition for imported class 'org.springframework.boot.autoconfigure.task.TaskSchedulingAutoConfiguration'
2026-03-05T10:42:54.013+05:30 TRACE 24928 --- [Java-SLF4J] [main] o.s.b.a.condition.OnBeanCondition        : Condition OnBeanCondition on org.springframework.boot.autoconfigure.task.TaskSchedulingAutoConfiguration#scheduledBeanLazyInitializationExcludeFilter did not match due to @ConditionalOnBean (names: org.springframework.scheduling.config.internalScheduledAnnotationProcessor; SearchStrategy: all) did not find any beans named org.springframework.scheduling.config.internalScheduledAnnotationProcessor
2026-03-05T10:42:54.013+05:30 TRACE 24928 --- [Java-SLF4J] [main] o.s.b.f.s.DefaultListableBeanFactory     : Returning cached instance of singleton bean 'autoConfigurationReport'
2026-03-05T10:42:54.013+05:30 TRACE 24928 --- [Java-SLF4J] [main] o.s.b.a.condition.OnClassCondition       : Condition OnClassCondition on org.springframework.boot.jackson.autoconfigure.JacksonAutoConfiguration matched due to @ConditionalOnClass found required class 'tools.jackson.databind.json.JsonMapper'
2026-03-05T10:42:54.013+05:30 TRACE 24928 --- [Java-SLF4J] [main] o.s.b.f.s.DefaultListableBeanFactory     : Returning cached instance of singleton bean 'autoConfigurationReport'
2026-03-05T10:42:54.013+05:30 TRACE 24928 --- [Java-SLF4J] [main] o.s.b.a.condition.OnClassCondition       : Condition OnClassCondition on org.springframework.boot.jackson.autoconfigure.JacksonAutoConfiguration$JsonProblemDetailsConfiguration matched due to @ConditionalOnClass found required class 'org.springframework.http.ProblemDetail'
2026-03-05T10:42:54.014+05:30 TRACE 24928 --- [Java-SLF4J] [main] o.s.b.f.s.DefaultListableBeanFactory     : Returning cached instance of singleton bean 'autoConfigurationReport'
2026-03-05T10:42:54.014+05:30 TRACE 24928 --- [Java-SLF4J] [main] a.ConfigurationClassBeanDefinitionReader : Registered bean definition for imported class 'org.springframework.boot.jackson.autoconfigure.JacksonAutoConfiguration$JsonProblemDetailsConfiguration'
2026-03-05T10:42:54.014+05:30 TRACE 24928 --- [Java-SLF4J] [main] a.ConfigurationClassBeanDefinitionReader : Registering bean definition for @Bean method org.springframework.boot.jackson.autoconfigure.JacksonAutoConfiguration$JsonProblemDetailsConfiguration.problemDetailJsonMapperBuilderCustomizer()
2026-03-05T10:42:54.014+05:30 TRACE 24928 --- [Java-SLF4J] [main] a.ConfigurationClassBeanDefinitionReader : Registered bean definition for imported class 'org.springframework.boot.jackson.autoconfigure.JacksonAutoConfiguration$JacksonJsonMapperBuilderCustomizerConfiguration'
2026-03-05T10:42:54.014+05:30 TRACE 24928 --- [Java-SLF4J] [main] a.ConfigurationClassBeanDefinitionReader : Registering bean definition for @Bean method org.springframework.boot.jackson.autoconfigure.JacksonAutoConfiguration$JacksonJsonMapperBuilderCustomizerConfiguration.standardJsonMapperBuilderCustomizer()
2026-03-05T10:42:54.015+05:30 TRACE 24928 --- [Java-SLF4J] [main] a.ConfigurationClassBeanDefinitionReader : Registered bean definition for imported class 'org.springframework.boot.jackson.autoconfigure.JacksonAutoConfiguration$JacksonMixinConfiguration'
2026-03-05T10:42:54.015+05:30 TRACE 24928 --- [Java-SLF4J] [main] a.ConfigurationClassBeanDefinitionReader : Registering bean definition for @Bean method org.springframework.boot.jackson.autoconfigure.JacksonAutoConfiguration$JacksonMixinConfiguration.jacksonMixinModuleEntries()
2026-03-05T10:42:54.015+05:30 TRACE 24928 --- [Java-SLF4J] [main] a.ConfigurationClassBeanDefinitionReader : Registering bean definition for @Bean method org.springframework.boot.jackson.autoconfigure.JacksonAutoConfiguration$JacksonMixinConfiguration.jacksonMixinModule()
2026-03-05T10:42:54.015+05:30 TRACE 24928 --- [Java-SLF4J] [main] a.ConfigurationClassBeanDefinitionReader : Registered bean definition for imported class 'org.springframework.boot.jackson.autoconfigure.JacksonAutoConfiguration'
2026-03-05T10:42:54.015+05:30 TRACE 24928 --- [Java-SLF4J] [main] a.ConfigurationClassBeanDefinitionReader : Registering bean definition for @Bean method org.springframework.boot.jackson.autoconfigure.JacksonAutoConfiguration.jsonComponentModule()
2026-03-05T10:42:54.019+05:30 TRACE 24928 --- [Java-SLF4J] [main] o.s.b.a.condition.OnBeanCondition        : Condition OnBeanCondition on org.springframework.boot.jackson.autoconfigure.JacksonAutoConfiguration#jsonMapperBuilder matched due to @ConditionalOnMissingBean (types: tools.jackson.databind.json.JsonMapper$Builder; SearchStrategy: all) did not find any beans
2026-03-05T10:42:54.019+05:30 TRACE 24928 --- [Java-SLF4J] [main] o.s.b.f.s.DefaultListableBeanFactory     : Returning cached instance of singleton bean 'autoConfigurationReport'
2026-03-05T10:42:54.019+05:30 TRACE 24928 --- [Java-SLF4J] [main] a.ConfigurationClassBeanDefinitionReader : Registering bean definition for @Bean method org.springframework.boot.jackson.autoconfigure.JacksonAutoConfiguration.jsonMapperBuilder()
2026-03-05T10:42:54.020+05:30 TRACE 24928 --- [Java-SLF4J] [main] o.s.b.a.condition.OnBeanCondition        : Condition OnBeanCondition on org.springframework.boot.jackson.autoconfigure.JacksonAutoConfiguration#jacksonJsonMapper matched due to @ConditionalOnMissingBean (types: tools.jackson.databind.json.JsonMapper; SearchStrategy: all) did not find any beans
2026-03-05T10:42:54.020+05:30 TRACE 24928 --- [Java-SLF4J] [main] o.s.b.f.s.DefaultListableBeanFactory     : Returning cached instance of singleton bean 'autoConfigurationReport'
2026-03-05T10:42:54.020+05:30 TRACE 24928 --- [Java-SLF4J] [main] a.ConfigurationClassBeanDefinitionReader : Registering bean definition for @Bean method org.springframework.boot.jackson.autoconfigure.JacksonAutoConfiguration.jacksonJsonMapper()
2026-03-05T10:42:54.021+05:30 TRACE 24928 --- [Java-SLF4J] [main] o.s.b.a.condition.OnClassCondition       : Condition OnClassCondition on org.springframework.boot.http.converter.autoconfigure.HttpMessageConvertersAutoConfiguration matched due to @ConditionalOnClass found required class 'org.springframework.http.converter.HttpMessageConverter'
2026-03-05T10:42:54.021+05:30 TRACE 24928 --- [Java-SLF4J] [main] o.s.b.f.s.DefaultListableBeanFactory     : Returning cached instance of singleton bean 'autoConfigurationReport'
2026-03-05T10:42:54.021+05:30 TRACE 24928 --- [Java-SLF4J] [main] a.ConfigurationClassBeanDefinitionReader : Registered bean definition for imported class 'org.springframework.boot.http.converter.autoconfigure.HttpMessageConvertersAutoConfiguration$StringHttpMessageConverterConfiguration'
2026-03-05T10:42:54.022+05:30 TRACE 24928 --- [Java-SLF4J] [main] o.s.b.a.condition.OnBeanCondition        : Condition OnBeanCondition on org.springframework.boot.http.converter.autoconfigure.HttpMessageConvertersAutoConfiguration$StringHttpMessageConverterConfiguration#stringHttpMessageConvertersCustomizer matched due to @ConditionalOnMissingBean (types: org.springframework.http.converter.StringHttpMessageConverter; SearchStrategy: all) did not find any beans
2026-03-05T10:42:54.022+05:30 TRACE 24928 --- [Java-SLF4J] [main] o.s.b.f.s.DefaultListableBeanFactory     : Returning cached instance of singleton bean 'autoConfigurationReport'
2026-03-05T10:42:54.022+05:30 TRACE 24928 --- [Java-SLF4J] [main] a.ConfigurationClassBeanDefinitionReader : Registering bean definition for @Bean method org.springframework.boot.http.converter.autoconfigure.HttpMessageConvertersAutoConfiguration$StringHttpMessageConverterConfiguration.stringHttpMessageConvertersCustomizer()
2026-03-05T10:42:54.023+05:30 TRACE 24928 --- [Java-SLF4J] [main] o.s.b.a.condition.OnClassCondition       : Condition OnClassCondition on org.springframework.boot.http.converter.autoconfigure.JacksonHttpMessageConvertersConfiguration$JacksonJsonHttpMessageConverterConfiguration matched due to @ConditionalOnClass found required class 'tools.jackson.databind.json.JsonMapper'
2026-03-05T10:42:54.023+05:30 TRACE 24928 --- [Java-SLF4J] [main] o.s.b.f.s.DefaultListableBeanFactory     : Returning cached instance of singleton bean 'autoConfigurationReport'
2026-03-05T10:42:54.023+05:30 TRACE 24928 --- [Java-SLF4J] [main] o.s.b.a.condition.OnPropertyCondition    : Condition OnPropertyCondition on org.springframework.boot.http.converter.autoconfigure.JacksonHttpMessageConvertersConfiguration$JacksonJsonHttpMessageConverterConfiguration matched due to @ConditionalOnProperty (spring.http.converters.preferred-json-mapper=jackson) matched
2026-03-05T10:42:54.023+05:30 TRACE 24928 --- [Java-SLF4J] [main] o.s.b.f.s.DefaultListableBeanFactory     : Returning cached instance of singleton bean 'autoConfigurationReport'
2026-03-05T10:42:54.023+05:30 TRACE 24928 --- [Java-SLF4J] [main] o.s.b.a.condition.OnBeanCondition        : Condition OnBeanCondition on org.springframework.boot.http.converter.autoconfigure.JacksonHttpMessageConvertersConfiguration$JacksonJsonHttpMessageConverterConfiguration matched due to @ConditionalOnBean (types: tools.jackson.databind.json.JsonMapper; SearchStrategy: all) found bean 'jacksonJsonMapper'
2026-03-05T10:42:54.023+05:30 TRACE 24928 --- [Java-SLF4J] [main] o.s.b.f.s.DefaultListableBeanFactory     : Returning cached instance of singleton bean 'autoConfigurationReport'
2026-03-05T10:42:54.023+05:30 TRACE 24928 --- [Java-SLF4J] [main] a.ConfigurationClassBeanDefinitionReader : Registered bean definition for imported class 'org.springframework.boot.http.converter.autoconfigure.JacksonHttpMessageConvertersConfiguration$JacksonJsonHttpMessageConverterConfiguration'
2026-03-05T10:42:54.024+05:30 TRACE 24928 --- [Java-SLF4J] [main] o.s.b.a.condition.OnBeanCondition        : Condition OnBeanCondition on org.springframework.boot.http.converter.autoconfigure.JacksonHttpMessageConvertersConfiguration$JacksonJsonHttpMessageConverterConfiguration#jacksonJsonHttpMessageConvertersCustomizer matched due to @ConditionalOnMissingBean (types: org.springframework.http.converter.json.JacksonJsonHttpMessageConverter ignored: org.springframework.hateoas.server.mvc.TypeConstrainedJacksonJsonHttpMessageConverter,org.springframework.data.rest.webmvc.alps.AlpsJacksonJsonHttpMessageConverter; SearchStrategy: all) did not find any beans
2026-03-05T10:42:54.024+05:30 TRACE 24928 --- [Java-SLF4J] [main] o.s.b.f.s.DefaultListableBeanFactory     : Returning cached instance of singleton bean 'autoConfigurationReport'
2026-03-05T10:42:54.024+05:30 TRACE 24928 --- [Java-SLF4J] [main] a.ConfigurationClassBeanDefinitionReader : Registering bean definition for @Bean method org.springframework.boot.http.converter.autoconfigure.JacksonHttpMessageConvertersConfiguration$JacksonJsonHttpMessageConverterConfiguration.jacksonJsonHttpMessageConvertersCustomizer()
2026-03-05T10:42:54.024+05:30 TRACE 24928 --- [Java-SLF4J] [main] a.ConfigurationClassBeanDefinitionReader : Registered bean definition for imported class 'org.springframework.boot.http.converter.autoconfigure.JacksonHttpMessageConvertersConfiguration'
2026-03-05T10:42:54.024+05:30 TRACE 24928 --- [Java-SLF4J] [main] a.ConfigurationClassBeanDefinitionReader : Registered bean definition for imported class 'org.springframework.boot.http.converter.autoconfigure.Jackson2HttpMessageConvertersConfiguration'
2026-03-05T10:42:54.026+05:30 TRACE 24928 --- [Java-SLF4J] [main] a.ConfigurationClassBeanDefinitionReader : Registered bean definition for imported class 'org.springframework.boot.http.converter.autoconfigure.HttpMessageConvertersAutoConfiguration'
2026-03-05T10:42:54.026+05:30 TRACE 24928 --- [Java-SLF4J] [main] a.ConfigurationClassBeanDefinitionReader : Registering bean definition for @Bean method org.springframework.boot.http.converter.autoconfigure.HttpMessageConvertersAutoConfiguration.clientConvertersCustomizer()
2026-03-05T10:42:54.026+05:30 TRACE 24928 --- [Java-SLF4J] [main] a.ConfigurationClassBeanDefinitionReader : Registering bean definition for @Bean method org.springframework.boot.http.converter.autoconfigure.HttpMessageConvertersAutoConfiguration.serverConvertersCustomizer()
2026-03-05T10:42:54.026+05:30 TRACE 24928 --- [Java-SLF4J] [main] o.s.b.a.condition.OnClassCondition       : Condition OnClassCondition on org.springframework.boot.servlet.autoconfigure.HttpEncodingAutoConfiguration matched due to @ConditionalOnClass found required class 'org.springframework.web.filter.CharacterEncodingFilter'
2026-03-05T10:42:54.026+05:30 TRACE 24928 --- [Java-SLF4J] [main] o.s.b.f.s.DefaultListableBeanFactory     : Returning cached instance of singleton bean 'autoConfigurationReport'
2026-03-05T10:42:54.026+05:30 TRACE 24928 --- [Java-SLF4J] [main] o.s.b.a.c.OnWebApplicationCondition      : Condition OnWebApplicationCondition on org.springframework.boot.servlet.autoconfigure.HttpEncodingAutoConfiguration matched due to found 'session' scope
2026-03-05T10:42:54.026+05:30 TRACE 24928 --- [Java-SLF4J] [main] o.s.b.f.s.DefaultListableBeanFactory     : Returning cached instance of singleton bean 'autoConfigurationReport'
2026-03-05T10:42:54.026+05:30 TRACE 24928 --- [Java-SLF4J] [main] o.s.b.a.condition.OnPropertyCondition    : Condition OnPropertyCondition on org.springframework.boot.servlet.autoconfigure.HttpEncodingAutoConfiguration matched due to @ConditionalOnBooleanProperty (spring.servlet.encoding.enabled=true) matched
2026-03-05T10:42:54.026+05:30 TRACE 24928 --- [Java-SLF4J] [main] o.s.b.f.s.DefaultListableBeanFactory     : Returning cached instance of singleton bean 'autoConfigurationReport'
2026-03-05T10:42:54.026+05:30 TRACE 24928 --- [Java-SLF4J] [main] a.ConfigurationClassBeanDefinitionReader : Registered bean definition for imported class 'org.springframework.boot.servlet.autoconfigure.HttpEncodingAutoConfiguration'
2026-03-05T10:42:54.028+05:30 TRACE 24928 --- [Java-SLF4J] [main] o.s.b.a.condition.OnBeanCondition        : Condition OnBeanCondition on org.springframework.boot.servlet.autoconfigure.HttpEncodingAutoConfiguration#characterEncodingFilter matched due to @ConditionalOnMissingBean (types: org.springframework.web.filter.CharacterEncodingFilter; SearchStrategy: all) did not find any beans
2026-03-05T10:42:54.028+05:30 TRACE 24928 --- [Java-SLF4J] [main] o.s.b.f.s.DefaultListableBeanFactory     : Returning cached instance of singleton bean 'autoConfigurationReport'
2026-03-05T10:42:54.028+05:30 TRACE 24928 --- [Java-SLF4J] [main] a.ConfigurationClassBeanDefinitionReader : Registering bean definition for @Bean method org.springframework.boot.servlet.autoconfigure.HttpEncodingAutoConfiguration.characterEncodingFilter()
2026-03-05T10:42:54.028+05:30 TRACE 24928 --- [Java-SLF4J] [main] o.s.b.a.condition.OnClassCondition       : Condition OnClassCondition on org.springframework.boot.servlet.autoconfigure.MultipartAutoConfiguration matched due to @ConditionalOnClass found required classes 'jakarta.servlet.Servlet', 'org.springframework.web.multipart.support.StandardServletMultipartResolver', 'jakarta.servlet.MultipartConfigElement'
2026-03-05T10:42:54.028+05:30 TRACE 24928 --- [Java-SLF4J] [main] o.s.b.f.s.DefaultListableBeanFactory     : Returning cached instance of singleton bean 'autoConfigurationReport'
2026-03-05T10:42:54.028+05:30 TRACE 24928 --- [Java-SLF4J] [main] o.s.b.a.c.OnWebApplicationCondition      : Condition OnWebApplicationCondition on org.springframework.boot.servlet.autoconfigure.MultipartAutoConfiguration matched due to found 'session' scope
2026-03-05T10:42:54.028+05:30 TRACE 24928 --- [Java-SLF4J] [main] o.s.b.f.s.DefaultListableBeanFactory     : Returning cached instance of singleton bean 'autoConfigurationReport'
2026-03-05T10:42:54.028+05:30 TRACE 24928 --- [Java-SLF4J] [main] o.s.b.a.condition.OnPropertyCondition    : Condition OnPropertyCondition on org.springframework.boot.servlet.autoconfigure.MultipartAutoConfiguration matched due to @ConditionalOnBooleanProperty (spring.servlet.multipart.enabled=true) matched
2026-03-05T10:42:54.029+05:30 TRACE 24928 --- [Java-SLF4J] [main] o.s.b.f.s.DefaultListableBeanFactory     : Returning cached instance of singleton bean 'autoConfigurationReport'
2026-03-05T10:42:54.029+05:30 TRACE 24928 --- [Java-SLF4J] [main] a.ConfigurationClassBeanDefinitionReader : Registered bean definition for imported class 'org.springframework.boot.servlet.autoconfigure.MultipartAutoConfiguration'
2026-03-05T10:42:54.030+05:30 TRACE 24928 --- [Java-SLF4J] [main] o.s.b.a.condition.OnBeanCondition        : Condition OnBeanCondition on org.springframework.boot.servlet.autoconfigure.MultipartAutoConfiguration#multipartConfigElement matched due to @ConditionalOnMissingBean (types: jakarta.servlet.MultipartConfigElement; SearchStrategy: all) did not find any beans
2026-03-05T10:42:54.030+05:30 TRACE 24928 --- [Java-SLF4J] [main] o.s.b.f.s.DefaultListableBeanFactory     : Returning cached instance of singleton bean 'autoConfigurationReport'
2026-03-05T10:42:54.030+05:30 TRACE 24928 --- [Java-SLF4J] [main] a.ConfigurationClassBeanDefinitionReader : Registering bean definition for @Bean method org.springframework.boot.servlet.autoconfigure.MultipartAutoConfiguration.multipartConfigElement()
2026-03-05T10:42:54.030+05:30 TRACE 24928 --- [Java-SLF4J] [main] o.s.b.a.condition.OnBeanCondition        : Condition OnBeanCondition on org.springframework.boot.servlet.autoconfigure.MultipartAutoConfiguration#multipartResolver matched due to @ConditionalOnMissingBean (types: org.springframework.web.multipart.MultipartResolver; SearchStrategy: all) did not find any beans
2026-03-05T10:42:54.030+05:30 TRACE 24928 --- [Java-SLF4J] [main] o.s.b.f.s.DefaultListableBeanFactory     : Returning cached instance of singleton bean 'autoConfigurationReport'
2026-03-05T10:42:54.030+05:30 TRACE 24928 --- [Java-SLF4J] [main] a.ConfigurationClassBeanDefinitionReader : Registering bean definition for @Bean method org.springframework.boot.servlet.autoconfigure.MultipartAutoConfiguration.multipartResolver()
2026-03-05T10:42:54.032+05:30 TRACE 24928 --- [Java-SLF4J] [main] o.s.b.a.condition.OnClassCondition       : Condition OnClassCondition on org.springframework.boot.tomcat.autoconfigure.servlet.TomcatServletWebServerAutoConfiguration matched due to @ConditionalOnClass found required classes 'jakarta.servlet.ServletRequest', 'org.apache.catalina.startup.Tomcat', 'org.apache.coyote.UpgradeProtocol', 'org.springframework.boot.tomcat.servlet.TomcatServletWebServerFactory'
2026-03-05T10:42:54.032+05:30 TRACE 24928 --- [Java-SLF4J] [main] o.s.b.f.s.DefaultListableBeanFactory     : Returning cached instance of singleton bean 'autoConfigurationReport'
2026-03-05T10:42:54.032+05:30 TRACE 24928 --- [Java-SLF4J] [main] o.s.b.a.c.OnWebApplicationCondition      : Condition OnWebApplicationCondition on org.springframework.boot.tomcat.autoconfigure.servlet.TomcatServletWebServerAutoConfiguration matched due to found 'session' scope
2026-03-05T10:42:54.032+05:30 TRACE 24928 --- [Java-SLF4J] [main] o.s.b.f.s.DefaultListableBeanFactory     : Returning cached instance of singleton bean 'autoConfigurationReport'
2026-03-05T10:42:54.032+05:30 TRACE 24928 --- [Java-SLF4J] [main] a.ConfigurationClassBeanDefinitionReader : Registered bean definition for imported class 'org.springframework.boot.web.server.autoconfigure.servlet.ServletWebServerConfiguration'
2026-03-05T10:42:54.033+05:30 TRACE 24928 --- [Java-SLF4J] [main] a.ConfigurationClassBeanDefinitionReader : Registering bean definition for @Bean method org.springframework.boot.web.server.autoconfigure.servlet.ServletWebServerConfiguration.servletWebServerFactoryCustomizer()
2026-03-05T10:42:54.033+05:30 TRACE 24928 --- [Java-SLF4J] [main] o.s.b.a.condition.OnPropertyCondition    : Condition OnPropertyCondition on org.springframework.boot.web.server.autoconfigure.servlet.ServletWebServerConfiguration#forwardedHeaderFilter did not match due to @ConditionalOnProperty (server.forward-headers-strategy=framework) did not find property 'server.forward-headers-strategy'
2026-03-05T10:42:54.033+05:30 TRACE 24928 --- [Java-SLF4J] [main] o.s.b.f.s.DefaultListableBeanFactory     : Returning cached instance of singleton bean 'autoConfigurationReport'
2026-03-05T10:42:54.036+05:30 TRACE 24928 --- [Java-SLF4J] [main] o.s.b.a.c.OnWarDeploymentCondition       : Condition OnWarDeploymentCondition on org.springframework.boot.tomcat.autoconfigure.TomcatWebServerConfiguration matched due to @ConditionalOnWarDeployment the application is not deployed as a WAR file.
2026-03-05T10:42:54.037+05:30 TRACE 24928 --- [Java-SLF4J] [main] o.s.b.f.s.DefaultListableBeanFactory     : Returning cached instance of singleton bean 'autoConfigurationReport'
2026-03-05T10:42:54.037+05:30 TRACE 24928 --- [Java-SLF4J] [main] o.s.b.a.condition.OnClassCondition       : Condition OnClassCondition on org.springframework.boot.tomcat.autoconfigure.TomcatWebServerConfiguration$TomcatWebSocketConfiguration matched due to @ConditionalOnClass found required class 'org.apache.tomcat.websocket.server.WsSci'
2026-03-05T10:42:54.037+05:30 TRACE 24928 --- [Java-SLF4J] [main] o.s.b.f.s.DefaultListableBeanFactory     : Returning cached instance of singleton bean 'autoConfigurationReport'
2026-03-05T10:42:54.037+05:30 TRACE 24928 --- [Java-SLF4J] [main] a.ConfigurationClassBeanDefinitionReader : Registered bean definition for imported class 'org.springframework.boot.tomcat.autoconfigure.TomcatWebServerConfiguration$TomcatWebSocketConfiguration'
2026-03-05T10:42:54.037+05:30 TRACE 24928 --- [Java-SLF4J] [main] a.ConfigurationClassBeanDefinitionReader : Registering bean definition for @Bean method org.springframework.boot.tomcat.autoconfigure.TomcatWebServerConfiguration$TomcatWebSocketConfiguration.webSocketWebServerCustomizer()
2026-03-05T10:42:54.037+05:30 TRACE 24928 --- [Java-SLF4J] [main] a.ConfigurationClassBeanDefinitionReader : Registered bean definition for imported class 'org.springframework.boot.tomcat.autoconfigure.TomcatWebServerConfiguration'
2026-03-05T10:42:54.037+05:30 TRACE 24928 --- [Java-SLF4J] [main] a.ConfigurationClassBeanDefinitionReader : Registering bean definition for @Bean method org.springframework.boot.tomcat.autoconfigure.TomcatWebServerConfiguration.tomcatWebServerFactoryCustomizer()
2026-03-05T10:42:54.037+05:30 TRACE 24928 --- [Java-SLF4J] [main] o.s.b.a.condition.OnThreadingCondition   : Condition OnThreadingCondition on org.springframework.boot.tomcat.autoconfigure.TomcatWebServerConfiguration#tomcatVirtualThreadsProtocolHandlerCustomizer did not match due to @ConditionalOnThreading did not find VIRTUAL
2026-03-05T10:42:54.037+05:30 TRACE 24928 --- [Java-SLF4J] [main] o.s.b.f.s.DefaultListableBeanFactory     : Returning cached instance of singleton bean 'autoConfigurationReport'
2026-03-05T10:42:54.038+05:30 TRACE 24928 --- [Java-SLF4J] [main] a.ConfigurationClassBeanDefinitionReader : Registered bean definition for imported class 'org.springframework.boot.tomcat.autoconfigure.servlet.TomcatServletWebServerAutoConfiguration'
2026-03-05T10:42:54.040+05:30 TRACE 24928 --- [Java-SLF4J] [main] o.s.b.a.condition.OnBeanCondition        : Condition OnBeanCondition on org.springframework.boot.tomcat.autoconfigure.servlet.TomcatServletWebServerAutoConfiguration#tomcatServletWebServerFactory matched due to @ConditionalOnMissingBean (types: org.springframework.boot.web.server.servlet.ServletWebServerFactory; SearchStrategy: current) did not find any beans
2026-03-05T10:42:54.040+05:30 TRACE 24928 --- [Java-SLF4J] [main] o.s.b.f.s.DefaultListableBeanFactory     : Returning cached instance of singleton bean 'autoConfigurationReport'
2026-03-05T10:42:54.041+05:30 TRACE 24928 --- [Java-SLF4J] [main] a.ConfigurationClassBeanDefinitionReader : Registering bean definition for @Bean method org.springframework.boot.tomcat.autoconfigure.servlet.TomcatServletWebServerAutoConfiguration.tomcatServletWebServerFactory()
2026-03-05T10:42:54.041+05:30 TRACE 24928 --- [Java-SLF4J] [main] a.ConfigurationClassBeanDefinitionReader : Registering bean definition for @Bean method org.springframework.boot.tomcat.autoconfigure.servlet.TomcatServletWebServerAutoConfiguration.tomcatServletWebServerFactoryCustomizer()
2026-03-05T10:42:54.041+05:30 TRACE 24928 --- [Java-SLF4J] [main] o.s.b.a.condition.OnPropertyCondition    : Condition OnPropertyCondition on org.springframework.boot.tomcat.autoconfigure.servlet.TomcatServletWebServerAutoConfiguration#tomcatForwardedHeaderFilterCustomizer did not match due to @ConditionalOnProperty (server.forward-headers-strategy=framework) did not find property 'server.forward-headers-strategy'
2026-03-05T10:42:54.041+05:30 TRACE 24928 --- [Java-SLF4J] [main] o.s.b.f.s.DefaultListableBeanFactory     : Returning cached instance of singleton bean 'autoConfigurationReport'
2026-03-05T10:42:54.046+05:30 DEBUG 24928 --- [Java-SLF4J] [main] o.s.b.f.s.DefaultListableBeanFactory     : Creating shared instance of singleton bean 'propertySourcesPlaceholderConfigurer'
2026-03-05T10:42:54.046+05:30 TRACE 24928 --- [Java-SLF4J] [main] o.s.b.f.s.DefaultListableBeanFactory     : Creating instance of bean 'propertySourcesPlaceholderConfigurer'
2026-03-05T10:42:54.050+05:30 TRACE 24928 --- [Java-SLF4J] [main] o.s.b.f.s.DefaultListableBeanFactory     : Finished creating instance of bean 'propertySourcesPlaceholderConfigurer'
2026-03-05T10:42:54.051+05:30 DEBUG 24928 --- [Java-SLF4J] [main] o.s.b.f.s.DefaultListableBeanFactory     : Creating shared instance of singleton bean 'org.springframework.context.event.internalEventListenerProcessor'
2026-03-05T10:42:54.051+05:30 TRACE 24928 --- [Java-SLF4J] [main] o.s.b.f.s.DefaultListableBeanFactory     : Creating instance of bean 'org.springframework.context.event.internalEventListenerProcessor'
2026-03-05T10:42:54.053+05:30 TRACE 24928 --- [Java-SLF4J] [main] o.s.b.f.s.DefaultListableBeanFactory     : Finished creating instance of bean 'org.springframework.context.event.internalEventListenerProcessor'
2026-03-05T10:42:54.053+05:30 DEBUG 24928 --- [Java-SLF4J] [main] o.s.b.f.s.DefaultListableBeanFactory     : Creating shared instance of singleton bean 'bootstrapExecutorAliasPostProcessor'
2026-03-05T10:42:54.053+05:30 TRACE 24928 --- [Java-SLF4J] [main] o.s.b.f.s.DefaultListableBeanFactory     : Creating instance of bean 'bootstrapExecutorAliasPostProcessor'
2026-03-05T10:42:54.053+05:30 TRACE 24928 --- [Java-SLF4J] [main] o.s.b.f.s.DefaultListableBeanFactory     : Finished creating instance of bean 'bootstrapExecutorAliasPostProcessor'
2026-03-05T10:42:54.053+05:30 DEBUG 24928 --- [Java-SLF4J] [main] o.s.b.f.s.DefaultListableBeanFactory     : Creating shared instance of singleton bean 'preserveErrorControllerTargetClassPostProcessor'
2026-03-05T10:42:54.053+05:30 TRACE 24928 --- [Java-SLF4J] [main] o.s.b.f.s.DefaultListableBeanFactory     : Creating instance of bean 'preserveErrorControllerTargetClassPostProcessor'
2026-03-05T10:42:54.053+05:30 TRACE 24928 --- [Java-SLF4J] [main] o.s.b.f.s.DefaultListableBeanFactory     : Finished creating instance of bean 'preserveErrorControllerTargetClassPostProcessor'
2026-03-05T10:42:54.053+05:30 DEBUG 24928 --- [Java-SLF4J] [main] o.s.b.f.s.DefaultListableBeanFactory     : Creating shared instance of singleton bean 'forceAutoProxyCreatorToUseClassProxying'
2026-03-05T10:42:54.053+05:30 TRACE 24928 --- [Java-SLF4J] [main] o.s.b.f.s.DefaultListableBeanFactory     : Creating instance of bean 'forceAutoProxyCreatorToUseClassProxying'
2026-03-05T10:42:54.053+05:30 TRACE 24928 --- [Java-SLF4J] [main] o.s.b.f.s.DefaultListableBeanFactory     : Finished creating instance of bean 'forceAutoProxyCreatorToUseClassProxying'
2026-03-05T10:42:54.053+05:30 DEBUG 24928 --- [Java-SLF4J] [main] o.s.b.f.s.DefaultListableBeanFactory     : Creating shared instance of singleton bean 'org.springframework.context.event.internalEventListenerFactory'
2026-03-05T10:42:54.053+05:30 TRACE 24928 --- [Java-SLF4J] [main] o.s.b.f.s.DefaultListableBeanFactory     : Creating instance of bean 'org.springframework.context.event.internalEventListenerFactory'
2026-03-05T10:42:54.053+05:30 TRACE 24928 --- [Java-SLF4J] [main] o.s.b.f.s.DefaultListableBeanFactory     : Finished creating instance of bean 'org.springframework.context.event.internalEventListenerFactory'
2026-03-05T10:42:54.053+05:30 TRACE 24928 --- [Java-SLF4J] [main] o.s.b.f.s.DefaultListableBeanFactory     : Alias definition 'bootstrapExecutor' registered for name 'applicationTaskExecutor'
2026-03-05T10:42:54.059+05:30 DEBUG 24928 --- [Java-SLF4J] [main] o.s.b.f.s.DefaultListableBeanFactory     : Creating shared instance of singleton bean 'org.springframework.context.annotation.internalAutowiredAnnotationProcessor'
2026-03-05T10:42:54.059+05:30 TRACE 24928 --- [Java-SLF4J] [main] o.s.b.f.s.DefaultListableBeanFactory     : Creating instance of bean 'org.springframework.context.annotation.internalAutowiredAnnotationProcessor'
2026-03-05T10:42:54.060+05:30 TRACE 24928 --- [Java-SLF4J] [main] o.s.b.f.s.DefaultListableBeanFactory     : Finished creating instance of bean 'org.springframework.context.annotation.internalAutowiredAnnotationProcessor'
2026-03-05T10:42:54.060+05:30 DEBUG 24928 --- [Java-SLF4J] [main] o.s.b.f.s.DefaultListableBeanFactory     : Creating shared instance of singleton bean 'org.springframework.context.annotation.internalCommonAnnotationProcessor'
2026-03-05T10:42:54.060+05:30 TRACE 24928 --- [Java-SLF4J] [main] o.s.b.f.s.DefaultListableBeanFactory     : Creating instance of bean 'org.springframework.context.annotation.internalCommonAnnotationProcessor'
2026-03-05T10:42:54.061+05:30 TRACE 24928 --- [Java-SLF4J] [main] o.s.b.f.s.DefaultListableBeanFactory     : Finished creating instance of bean 'org.springframework.context.annotation.internalCommonAnnotationProcessor'
2026-03-05T10:42:54.062+05:30 DEBUG 24928 --- [Java-SLF4J] [main] o.s.b.f.s.DefaultListableBeanFactory     : Creating shared instance of singleton bean 'org.springframework.boot.context.properties.ConfigurationPropertiesBindingPostProcessor'
2026-03-05T10:42:54.062+05:30 TRACE 24928 --- [Java-SLF4J] [main] o.s.b.f.s.DefaultListableBeanFactory     : Creating instance of bean 'org.springframework.boot.context.properties.ConfigurationPropertiesBindingPostProcessor'
2026-03-05T10:42:54.062+05:30 TRACE 24928 --- [Java-SLF4J] [main] o.s.b.f.s.DefaultListableBeanFactory     : Invoking afterPropertiesSet() on bean with name 'org.springframework.boot.context.properties.ConfigurationPropertiesBindingPostProcessor'
2026-03-05T10:42:54.062+05:30 DEBUG 24928 --- [Java-SLF4J] [main] o.s.b.f.s.DefaultListableBeanFactory     : Creating shared instance of singleton bean 'org.springframework.boot.context.internalConfigurationPropertiesBinder'
2026-03-05T10:42:54.062+05:30 TRACE 24928 --- [Java-SLF4J] [main] o.s.b.f.s.DefaultListableBeanFactory     : Creating instance of bean 'org.springframework.boot.context.internalConfigurationPropertiesBinder'
2026-03-05T10:42:54.062+05:30 TRACE 24928 --- [Java-SLF4J] [main] o.s.b.f.s.DefaultListableBeanFactory     : Returning cached instance of singleton bean 'propertySourcesPlaceholderConfigurer'
2026-03-05T10:42:54.063+05:30 TRACE 24928 --- [Java-SLF4J] [main] o.s.b.f.s.DefaultListableBeanFactory     : Finished creating instance of bean 'org.springframework.boot.context.internalConfigurationPropertiesBinder'
2026-03-05T10:42:54.063+05:30 TRACE 24928 --- [Java-SLF4J] [main] o.s.b.f.s.DefaultListableBeanFactory     : Finished creating instance of bean 'org.springframework.boot.context.properties.ConfigurationPropertiesBindingPostProcessor'
2026-03-05T10:42:54.063+05:30 DEBUG 24928 --- [Java-SLF4J] [main] o.s.b.f.s.DefaultListableBeanFactory     : Creating shared instance of singleton bean 'org.springframework.aop.config.internalAutoProxyCreator'
2026-03-05T10:42:54.063+05:30 TRACE 24928 --- [Java-SLF4J] [main] o.s.b.f.s.DefaultListableBeanFactory     : Creating instance of bean 'org.springframework.aop.config.internalAutoProxyCreator'
2026-03-05T10:42:54.071+05:30 TRACE 24928 --- [Java-SLF4J] [main] o.s.beans.CachedIntrospectionResults     : Getting BeanInfo for class [org.springframework.aop.framework.autoproxy.InfrastructureAdvisorAutoProxyCreator]
2026-03-05T10:42:54.071+05:30 TRACE 24928 --- [Java-SLF4J] [main] o.s.beans.CachedIntrospectionResults     : Caching PropertyDescriptors for class [org.springframework.aop.framework.autoproxy.InfrastructureAdvisorAutoProxyCreator]
2026-03-05T10:42:54.071+05:30 TRACE 24928 --- [Java-SLF4J] [main] o.s.beans.CachedIntrospectionResults     : Found bean property 'advisorAdapterRegistry' of type [org.springframework.aop.framework.adapter.AdvisorAdapterRegistry]
2026-03-05T10:42:54.071+05:30 TRACE 24928 --- [Java-SLF4J] [main] o.s.beans.CachedIntrospectionResults     : Found bean property 'applyCommonInterceptorsFirst' of type [boolean]
2026-03-05T10:42:54.071+05:30 TRACE 24928 --- [Java-SLF4J] [main] o.s.beans.CachedIntrospectionResults     : Found bean property 'beanClassLoader' of type [java.lang.ClassLoader]
2026-03-05T10:42:54.071+05:30 TRACE 24928 --- [Java-SLF4J] [main] o.s.beans.CachedIntrospectionResults     : Found bean property 'beanFactory' of type [org.springframework.beans.factory.BeanFactory]
2026-03-05T10:42:54.071+05:30 TRACE 24928 --- [Java-SLF4J] [main] o.s.beans.CachedIntrospectionResults     : Found bean property 'class' of type [java.lang.Class]
2026-03-05T10:42:54.071+05:30 TRACE 24928 --- [Java-SLF4J] [main] o.s.beans.CachedIntrospectionResults     : Found bean property 'customTargetSourceCreators' of type [[Lorg.springframework.aop.framework.autoproxy.TargetSourceCreator;]
2026-03-05T10:42:54.071+05:30 TRACE 24928 --- [Java-SLF4J] [main] o.s.beans.CachedIntrospectionResults     : Found bean property 'exposeProxy' of type [boolean]
2026-03-05T10:42:54.071+05:30 TRACE 24928 --- [Java-SLF4J] [main] o.s.beans.CachedIntrospectionResults     : Found bean property 'frozen' of type [boolean]
2026-03-05T10:42:54.071+05:30 TRACE 24928 --- [Java-SLF4J] [main] o.s.beans.CachedIntrospectionResults     : Found bean property 'interceptorNames' of type [[Ljava.lang.String;]
2026-03-05T10:42:54.071+05:30 TRACE 24928 --- [Java-SLF4J] [main] o.s.beans.CachedIntrospectionResults     : Found bean property 'opaque' of type [boolean]
2026-03-05T10:42:54.071+05:30 TRACE 24928 --- [Java-SLF4J] [main] o.s.beans.CachedIntrospectionResults     : Found bean property 'optimize' of type [boolean]
2026-03-05T10:42:54.071+05:30 TRACE 24928 --- [Java-SLF4J] [main] o.s.beans.CachedIntrospectionResults     : Found bean property 'order' of type [int]
2026-03-05T10:42:54.071+05:30 TRACE 24928 --- [Java-SLF4J] [main] o.s.beans.CachedIntrospectionResults     : Found bean property 'proxyClassLoader' of type [java.lang.ClassLoader]
2026-03-05T10:42:54.071+05:30 TRACE 24928 --- [Java-SLF4J] [main] o.s.beans.CachedIntrospectionResults     : Found bean property 'proxyTargetClass' of type [boolean]
2026-03-05T10:42:54.075+05:30 DEBUG 24928 --- [Java-SLF4J] [main] o.s.b.f.s.DefaultListableBeanFactory     : Creating shared instance of singleton bean 'org.springframework.aop.framework.autoproxy.defaultProxyConfig'
2026-03-05T10:42:54.075+05:30 TRACE 24928 --- [Java-SLF4J] [main] o.s.b.f.s.DefaultListableBeanFactory     : Creating instance of bean 'org.springframework.aop.framework.autoproxy.defaultProxyConfig'
2026-03-05T10:42:54.075+05:30 TRACE 24928 --- [Java-SLF4J] [main] o.s.beans.CachedIntrospectionResults     : Getting BeanInfo for class [org.springframework.aop.framework.ProxyConfig]
2026-03-05T10:42:54.075+05:30 TRACE 24928 --- [Java-SLF4J] [main] o.s.beans.CachedIntrospectionResults     : Caching PropertyDescriptors for class [org.springframework.aop.framework.ProxyConfig]
2026-03-05T10:42:54.075+05:30 TRACE 24928 --- [Java-SLF4J] [main] o.s.beans.CachedIntrospectionResults     : Found bean property 'class' of type [java.lang.Class]
2026-03-05T10:42:54.075+05:30 TRACE 24928 --- [Java-SLF4J] [main] o.s.beans.CachedIntrospectionResults     : Found bean property 'exposeProxy' of type [boolean]
2026-03-05T10:42:54.075+05:30 TRACE 24928 --- [Java-SLF4J] [main] o.s.beans.CachedIntrospectionResults     : Found bean property 'frozen' of type [boolean]
2026-03-05T10:42:54.075+05:30 TRACE 24928 --- [Java-SLF4J] [main] o.s.beans.CachedIntrospectionResults     : Found bean property 'opaque' of type [boolean]
2026-03-05T10:42:54.075+05:30 TRACE 24928 --- [Java-SLF4J] [main] o.s.beans.CachedIntrospectionResults     : Found bean property 'optimize' of type [boolean]
2026-03-05T10:42:54.075+05:30 TRACE 24928 --- [Java-SLF4J] [main] o.s.beans.CachedIntrospectionResults     : Found bean property 'proxyTargetClass' of type [boolean]
2026-03-05T10:42:54.076+05:30 TRACE 24928 --- [Java-SLF4J] [main] o.s.b.f.s.DefaultListableBeanFactory     : Finished creating instance of bean 'org.springframework.aop.framework.autoproxy.defaultProxyConfig'
2026-03-05T10:42:54.076+05:30 TRACE 24928 --- [Java-SLF4J] [main] o.s.b.f.s.DefaultListableBeanFactory     : Finished creating instance of bean 'org.springframework.aop.config.internalAutoProxyCreator'
2026-03-05T10:42:54.076+05:30 DEBUG 24928 --- [Java-SLF4J] [main] o.s.b.f.s.DefaultListableBeanFactory     : Creating shared instance of singleton bean 'webServerFactoryCustomizerBeanPostProcessor'
2026-03-05T10:42:54.076+05:30 TRACE 24928 --- [Java-SLF4J] [main] o.s.b.f.s.DefaultListableBeanFactory     : Creating instance of bean 'webServerFactoryCustomizerBeanPostProcessor'
2026-03-05T10:42:54.077+05:30 TRACE 24928 --- [Java-SLF4J] [main] o.s.b.f.s.DefaultListableBeanFactory     : Finished creating instance of bean 'webServerFactoryCustomizerBeanPostProcessor'
2026-03-05T10:42:54.077+05:30 DEBUG 24928 --- [Java-SLF4J] [main] o.s.b.f.s.DefaultListableBeanFactory     : Creating shared instance of singleton bean 'errorPageRegistrarBeanPostProcessor'
2026-03-05T10:42:54.077+05:30 TRACE 24928 --- [Java-SLF4J] [main] o.s.b.f.s.DefaultListableBeanFactory     : Creating instance of bean 'errorPageRegistrarBeanPostProcessor'
2026-03-05T10:42:54.077+05:30 TRACE 24928 --- [Java-SLF4J] [main] o.s.b.f.s.DefaultListableBeanFactory     : Finished creating instance of bean 'errorPageRegistrarBeanPostProcessor'
2026-03-05T10:42:54.078+05:30 TRACE 24928 --- [Java-SLF4J] [main] ConfigServletWebServerApplicationContext : No 'messageSource' bean, using [Empty MessageSource]
2026-03-05T10:42:54.078+05:30 TRACE 24928 --- [Java-SLF4J] [main] ConfigServletWebServerApplicationContext : No 'applicationEventMulticaster' bean, using [SimpleApplicationEventMulticaster]
2026-03-05T10:42:54.078+05:30 DEBUG 24928 --- [Java-SLF4J] [main] o.s.b.f.s.DefaultListableBeanFactory     : Creating shared instance of singleton bean 'tomcatServletWebServerFactory'
2026-03-05T10:42:54.078+05:30 TRACE 24928 --- [Java-SLF4J] [main] o.s.b.f.s.DefaultListableBeanFactory     : Creating instance of bean 'tomcatServletWebServerFactory'
2026-03-05T10:42:54.078+05:30 DEBUG 24928 --- [Java-SLF4J] [main] o.s.b.f.s.DefaultListableBeanFactory     : Creating shared instance of singleton bean 'org.springframework.boot.tomcat.autoconfigure.servlet.TomcatServletWebServerAutoConfiguration'
2026-03-05T10:42:54.078+05:30 TRACE 24928 --- [Java-SLF4J] [main] o.s.b.f.s.DefaultListableBeanFactory     : Creating instance of bean 'org.springframework.boot.tomcat.autoconfigure.servlet.TomcatServletWebServerAutoConfiguration'
2026-03-05T10:42:54.081+05:30 DEBUG 24928 --- [Java-SLF4J] [main] o.s.b.f.s.DefaultListableBeanFactory     : Creating shared instance of singleton bean 'server.tomcat-org.springframework.boot.tomcat.autoconfigure.TomcatServerProperties'
2026-03-05T10:42:54.081+05:30 TRACE 24928 --- [Java-SLF4J] [main] o.s.b.f.s.DefaultListableBeanFactory     : Creating instance of bean 'server.tomcat-org.springframework.boot.tomcat.autoconfigure.TomcatServerProperties'
2026-03-05T10:42:54.083+05:30 DEBUG 24928 --- [Java-SLF4J] [main] o.s.b.f.s.DefaultListableBeanFactory     : Creating shared instance of singleton bean 'org.springframework.boot.context.properties.BoundConfigurationProperties'
2026-03-05T10:42:54.083+05:30 TRACE 24928 --- [Java-SLF4J] [main] o.s.b.f.s.DefaultListableBeanFactory     : Creating instance of bean 'org.springframework.boot.context.properties.BoundConfigurationProperties'
2026-03-05T10:42:54.083+05:30 TRACE 24928 --- [Java-SLF4J] [main] o.s.b.f.s.DefaultListableBeanFactory     : Finished creating instance of bean 'org.springframework.boot.context.properties.BoundConfigurationProperties'
2026-03-05T10:42:54.090+05:30 TRACE 24928 --- [Java-SLF4J] [main] o.s.b.f.s.DefaultListableBeanFactory     : Finished creating instance of bean 'server.tomcat-org.springframework.boot.tomcat.autoconfigure.TomcatServerProperties'
2026-03-05T10:42:54.090+05:30 DEBUG 24928 --- [Java-SLF4J] [main] o.s.b.f.s.DefaultListableBeanFactory     : Autowiring by type from bean name 'org.springframework.boot.tomcat.autoconfigure.servlet.TomcatServletWebServerAutoConfiguration' via constructor to bean named 'server.tomcat-org.springframework.boot.tomcat.autoconfigure.TomcatServerProperties'
2026-03-05T10:42:54.092+05:30 TRACE 24928 --- [Java-SLF4J] [main] o.s.b.f.s.DefaultListableBeanFactory     : Finished creating instance of bean 'org.springframework.boot.tomcat.autoconfigure.servlet.TomcatServletWebServerAutoConfiguration'
2026-03-05T10:42:54.111+05:30 DEBUG 24928 --- [Java-SLF4J] [main] o.s.b.f.s.DefaultListableBeanFactory     : Creating shared instance of singleton bean 'servletWebServerFactoryCustomizer'
2026-03-05T10:42:54.111+05:30 TRACE 24928 --- [Java-SLF4J] [main] o.s.b.f.s.DefaultListableBeanFactory     : Creating instance of bean 'servletWebServerFactoryCustomizer'
2026-03-05T10:42:54.111+05:30 DEBUG 24928 --- [Java-SLF4J] [main] o.s.b.f.s.DefaultListableBeanFactory     : Creating shared instance of singleton bean 'org.springframework.boot.web.server.autoconfigure.servlet.ServletWebServerConfiguration'
2026-03-05T10:42:54.111+05:30 TRACE 24928 --- [Java-SLF4J] [main] o.s.b.f.s.DefaultListableBeanFactory     : Creating instance of bean 'org.springframework.boot.web.server.autoconfigure.servlet.ServletWebServerConfiguration'
2026-03-05T10:42:54.113+05:30 TRACE 24928 --- [Java-SLF4J] [main] o.s.b.f.s.DefaultListableBeanFactory     : Finished creating instance of bean 'org.springframework.boot.web.server.autoconfigure.servlet.ServletWebServerConfiguration'
2026-03-05T10:42:54.113+05:30 DEBUG 24928 --- [Java-SLF4J] [main] o.s.b.f.s.DefaultListableBeanFactory     : Creating shared instance of singleton bean 'server-org.springframework.boot.web.server.autoconfigure.ServerProperties'
2026-03-05T10:42:54.113+05:30 TRACE 24928 --- [Java-SLF4J] [main] o.s.b.f.s.DefaultListableBeanFactory     : Creating instance of bean 'server-org.springframework.boot.web.server.autoconfigure.ServerProperties'
2026-03-05T10:42:54.116+05:30 TRACE 24928 --- [Java-SLF4J] [main] o.s.b.f.s.DefaultListableBeanFactory     : Returning cached instance of singleton bean 'org.springframework.boot.context.properties.BoundConfigurationProperties'
2026-03-05T10:42:54.117+05:30 TRACE 24928 --- [Java-SLF4J] [main] o.s.b.f.s.DefaultListableBeanFactory     : Finished creating instance of bean 'server-org.springframework.boot.web.server.autoconfigure.ServerProperties'
2026-03-05T10:42:54.117+05:30 DEBUG 24928 --- [Java-SLF4J] [main] o.s.b.f.s.DefaultListableBeanFactory     : Autowiring by type from bean name 'servletWebServerFactoryCustomizer' via factory method to bean named 'server-org.springframework.boot.web.server.autoconfigure.ServerProperties'
2026-03-05T10:42:54.121+05:30 DEBUG 24928 --- [Java-SLF4J] [main] o.s.b.f.s.DefaultListableBeanFactory     : Creating shared instance of singleton bean 'sslBundleRegistry'
2026-03-05T10:42:54.121+05:30 TRACE 24928 --- [Java-SLF4J] [main] o.s.b.f.s.DefaultListableBeanFactory     : Creating instance of bean 'sslBundleRegistry'
2026-03-05T10:42:54.121+05:30 DEBUG 24928 --- [Java-SLF4J] [main] o.s.b.f.s.DefaultListableBeanFactory     : Creating shared instance of singleton bean 'org.springframework.boot.autoconfigure.ssl.SslAutoConfiguration'
2026-03-05T10:42:54.121+05:30 TRACE 24928 --- [Java-SLF4J] [main] o.s.b.f.s.DefaultListableBeanFactory     : Creating instance of bean 'org.springframework.boot.autoconfigure.ssl.SslAutoConfiguration'
2026-03-05T10:42:54.121+05:30 DEBUG 24928 --- [Java-SLF4J] [main] o.s.b.f.s.DefaultListableBeanFactory     : Creating shared instance of singleton bean 'spring.ssl-org.springframework.boot.autoconfigure.ssl.SslProperties'
2026-03-05T10:42:54.121+05:30 TRACE 24928 --- [Java-SLF4J] [main] o.s.b.f.s.DefaultListableBeanFactory     : Creating instance of bean 'spring.ssl-org.springframework.boot.autoconfigure.ssl.SslProperties'
2026-03-05T10:42:54.121+05:30 TRACE 24928 --- [Java-SLF4J] [main] o.s.b.f.s.DefaultListableBeanFactory     : Returning cached instance of singleton bean 'org.springframework.boot.context.properties.BoundConfigurationProperties'
2026-03-05T10:42:54.121+05:30 TRACE 24928 --- [Java-SLF4J] [main] o.s.b.f.s.DefaultListableBeanFactory     : Finished creating instance of bean 'spring.ssl-org.springframework.boot.autoconfigure.ssl.SslProperties'
2026-03-05T10:42:54.121+05:30 DEBUG 24928 --- [Java-SLF4J] [main] o.s.b.f.s.DefaultListableBeanFactory     : Autowiring by type from bean name 'org.springframework.boot.autoconfigure.ssl.SslAutoConfiguration' via constructor to bean named 'org.springframework.boot.web.server.servlet.context.AnnotationConfigServletWebServerApplicationContext@7aaca91a'
2026-03-05T10:42:54.122+05:30 DEBUG 24928 --- [Java-SLF4J] [main] o.s.b.f.s.DefaultListableBeanFactory     : Autowiring by type from bean name 'org.springframework.boot.autoconfigure.ssl.SslAutoConfiguration' via constructor to bean named 'spring.ssl-org.springframework.boot.autoconfigure.ssl.SslProperties'
2026-03-05T10:42:54.122+05:30 TRACE 24928 --- [Java-SLF4J] [main] o.s.c.io.support.SpringFactoriesLoader   : Loaded [org.springframework.core.io.ProtocolResolver] names: [org.springframework.boot.io.Base64ProtocolResolver]
2026-03-05T10:42:54.122+05:30 TRACE 24928 --- [Java-SLF4J] [main] o.s.c.io.support.SpringFactoriesLoader   : Loaded [org.springframework.boot.io.ApplicationResourceLoader$FilePathResolver] names: [org.springframework.boot.io.ClassPathResourceFilePathResolver, org.springframework.boot.web.context.reactive.FilteredReactiveWebContextResourceFilePathResolver, org.springframework.boot.web.context.servlet.ServletContextResourceFilePathResolver]
2026-03-05T10:42:54.123+05:30 TRACE 24928 --- [Java-SLF4J] [main] o.s.b.f.s.DefaultListableBeanFactory     : Finished creating instance of bean 'org.springframework.boot.autoconfigure.ssl.SslAutoConfiguration'
2026-03-05T10:42:54.123+05:30 DEBUG 24928 --- [Java-SLF4J] [main] o.s.b.f.s.DefaultListableBeanFactory     : Creating shared instance of singleton bean 'sslPropertiesSslBundleRegistrar'
2026-03-05T10:42:54.123+05:30 TRACE 24928 --- [Java-SLF4J] [main] o.s.b.f.s.DefaultListableBeanFactory     : Creating instance of bean 'sslPropertiesSslBundleRegistrar'
2026-03-05T10:42:54.123+05:30 TRACE 24928 --- [Java-SLF4J] [main] o.s.b.f.s.DefaultListableBeanFactory     : Returning cached instance of singleton bean 'org.springframework.boot.autoconfigure.ssl.SslAutoConfiguration'
2026-03-05T10:42:54.123+05:30 DEBUG 24928 --- [Java-SLF4J] [main] o.s.b.f.s.DefaultListableBeanFactory     : Creating shared instance of singleton bean 'fileWatcher'
2026-03-05T10:42:54.123+05:30 TRACE 24928 --- [Java-SLF4J] [main] o.s.b.f.s.DefaultListableBeanFactory     : Creating instance of bean 'fileWatcher'
2026-03-05T10:42:54.123+05:30 TRACE 24928 --- [Java-SLF4J] [main] o.s.b.f.s.DefaultListableBeanFactory     : Returning cached instance of singleton bean 'org.springframework.boot.autoconfigure.ssl.SslAutoConfiguration'
2026-03-05T10:42:54.124+05:30 TRACE 24928 --- [Java-SLF4J] [main] o.s.b.f.s.DefaultListableBeanFactory     : Finished creating instance of bean 'fileWatcher'
2026-03-05T10:42:54.124+05:30 DEBUG 24928 --- [Java-SLF4J] [main] o.s.b.f.s.DefaultListableBeanFactory     : Autowiring by type from bean name 'sslPropertiesSslBundleRegistrar' via factory method to bean named 'fileWatcher'
2026-03-05T10:42:54.124+05:30 TRACE 24928 --- [Java-SLF4J] [main] o.s.b.f.s.DefaultListableBeanFactory     : Finished creating instance of bean 'sslPropertiesSslBundleRegistrar'
2026-03-05T10:42:54.126+05:30 TRACE 24928 --- [Java-SLF4J] [main] o.s.b.f.s.DefaultListableBeanFactory     : Returning cached instance of singleton bean 'sslPropertiesSslBundleRegistrar'
2026-03-05T10:42:54.128+05:30 TRACE 24928 --- [Java-SLF4J] [main] o.s.b.f.s.DefaultListableBeanFactory     : Finished creating instance of bean 'sslBundleRegistry'
2026-03-05T10:42:54.128+05:30 TRACE 24928 --- [Java-SLF4J] [main] o.s.b.f.s.DefaultListableBeanFactory     : Finished creating instance of bean 'servletWebServerFactoryCustomizer'
2026-03-05T10:42:54.128+05:30 DEBUG 24928 --- [Java-SLF4J] [main] o.s.b.f.s.DefaultListableBeanFactory     : Creating shared instance of singleton bean 'webSocketWebServerCustomizer'
2026-03-05T10:42:54.128+05:30 TRACE 24928 --- [Java-SLF4J] [main] o.s.b.f.s.DefaultListableBeanFactory     : Creating instance of bean 'webSocketWebServerCustomizer'
2026-03-05T10:42:54.128+05:30 DEBUG 24928 --- [Java-SLF4J] [main] o.s.b.f.s.DefaultListableBeanFactory     : Creating shared instance of singleton bean 'org.springframework.boot.tomcat.autoconfigure.TomcatWebServerConfiguration$TomcatWebSocketConfiguration'
2026-03-05T10:42:54.128+05:30 TRACE 24928 --- [Java-SLF4J] [main] o.s.b.f.s.DefaultListableBeanFactory     : Creating instance of bean 'org.springframework.boot.tomcat.autoconfigure.TomcatWebServerConfiguration$TomcatWebSocketConfiguration'
2026-03-05T10:42:54.129+05:30 TRACE 24928 --- [Java-SLF4J] [main] o.s.b.f.s.DefaultListableBeanFactory     : Finished creating instance of bean 'org.springframework.boot.tomcat.autoconfigure.TomcatWebServerConfiguration$TomcatWebSocketConfiguration'
2026-03-05T10:42:54.129+05:30 TRACE 24928 --- [Java-SLF4J] [main] o.s.b.f.s.DefaultListableBeanFactory     : Finished creating instance of bean 'webSocketWebServerCustomizer'
2026-03-05T10:42:54.129+05:30 DEBUG 24928 --- [Java-SLF4J] [main] o.s.b.f.s.DefaultListableBeanFactory     : Creating shared instance of singleton bean 'tomcatWebServerFactoryCustomizer'
2026-03-05T10:42:54.129+05:30 TRACE 24928 --- [Java-SLF4J] [main] o.s.b.f.s.DefaultListableBeanFactory     : Creating instance of bean 'tomcatWebServerFactoryCustomizer'
2026-03-05T10:42:54.129+05:30 DEBUG 24928 --- [Java-SLF4J] [main] o.s.b.f.s.DefaultListableBeanFactory     : Creating shared instance of singleton bean 'org.springframework.boot.tomcat.autoconfigure.TomcatWebServerConfiguration'
2026-03-05T10:42:54.129+05:30 TRACE 24928 --- [Java-SLF4J] [main] o.s.b.f.s.DefaultListableBeanFactory     : Creating instance of bean 'org.springframework.boot.tomcat.autoconfigure.TomcatWebServerConfiguration'
2026-03-05T10:42:54.129+05:30 TRACE 24928 --- [Java-SLF4J] [main] o.s.b.f.s.DefaultListableBeanFactory     : Finished creating instance of bean 'org.springframework.boot.tomcat.autoconfigure.TomcatWebServerConfiguration'
2026-03-05T10:42:54.130+05:30 TRACE 24928 --- [Java-SLF4J] [main] o.s.b.f.s.DefaultListableBeanFactory     : Returning cached instance of singleton bean 'environment'
2026-03-05T10:42:54.130+05:30 TRACE 24928 --- [Java-SLF4J] [main] o.s.b.f.s.DefaultListableBeanFactory     : Returning cached instance of singleton bean 'server-org.springframework.boot.web.server.autoconfigure.ServerProperties'
2026-03-05T10:42:54.130+05:30 TRACE 24928 --- [Java-SLF4J] [main] o.s.b.f.s.DefaultListableBeanFactory     : Returning cached instance of singleton bean 'server.tomcat-org.springframework.boot.tomcat.autoconfigure.TomcatServerProperties'
2026-03-05T10:42:54.130+05:30 DEBUG 24928 --- [Java-SLF4J] [main] o.s.b.f.s.DefaultListableBeanFactory     : Creating shared instance of singleton bean 'spring.web-org.springframework.boot.autoconfigure.web.WebProperties'
2026-03-05T10:42:54.130+05:30 TRACE 24928 --- [Java-SLF4J] [main] o.s.b.f.s.DefaultListableBeanFactory     : Creating instance of bean 'spring.web-org.springframework.boot.autoconfigure.web.WebProperties'
2026-03-05T10:42:54.131+05:30 TRACE 24928 --- [Java-SLF4J] [main] o.s.b.f.s.DefaultListableBeanFactory     : Returning cached instance of singleton bean 'org.springframework.boot.context.properties.BoundConfigurationProperties'
2026-03-05T10:42:54.131+05:30 TRACE 24928 --- [Java-SLF4J] [main] o.s.b.f.s.DefaultListableBeanFactory     : Finished creating instance of bean 'spring.web-org.springframework.boot.autoconfigure.web.WebProperties'
2026-03-05T10:42:54.131+05:30 DEBUG 24928 --- [Java-SLF4J] [main] o.s.b.f.s.DefaultListableBeanFactory     : Autowiring by type from bean name 'tomcatWebServerFactoryCustomizer' via factory method to bean named 'environment'
2026-03-05T10:42:54.131+05:30 DEBUG 24928 --- [Java-SLF4J] [main] o.s.b.f.s.DefaultListableBeanFactory     : Autowiring by type from bean name 'tomcatWebServerFactoryCustomizer' via factory method to bean named 'server-org.springframework.boot.web.server.autoconfigure.ServerProperties'
2026-03-05T10:42:54.131+05:30 DEBUG 24928 --- [Java-SLF4J] [main] o.s.b.f.s.DefaultListableBeanFactory     : Autowiring by type from bean name 'tomcatWebServerFactoryCustomizer' via factory method to bean named 'server.tomcat-org.springframework.boot.tomcat.autoconfigure.TomcatServerProperties'
2026-03-05T10:42:54.131+05:30 DEBUG 24928 --- [Java-SLF4J] [main] o.s.b.f.s.DefaultListableBeanFactory     : Autowiring by type from bean name 'tomcatWebServerFactoryCustomizer' via factory method to bean named 'spring.web-org.springframework.boot.autoconfigure.web.WebProperties'
2026-03-05T10:42:54.134+05:30 TRACE 24928 --- [Java-SLF4J] [main] o.s.b.f.s.DefaultListableBeanFactory     : Finished creating instance of bean 'tomcatWebServerFactoryCustomizer'
2026-03-05T10:42:54.134+05:30 DEBUG 24928 --- [Java-SLF4J] [main] o.s.b.f.s.DefaultListableBeanFactory     : Creating shared instance of singleton bean 'tomcatServletWebServerFactoryCustomizer'
2026-03-05T10:42:54.134+05:30 TRACE 24928 --- [Java-SLF4J] [main] o.s.b.f.s.DefaultListableBeanFactory     : Creating instance of bean 'tomcatServletWebServerFactoryCustomizer'
2026-03-05T10:42:54.134+05:30 TRACE 24928 --- [Java-SLF4J] [main] o.s.b.f.s.DefaultListableBeanFactory     : Returning cached instance of singleton bean 'org.springframework.boot.tomcat.autoconfigure.servlet.TomcatServletWebServerAutoConfiguration'
2026-03-05T10:42:54.134+05:30 TRACE 24928 --- [Java-SLF4J] [main] o.s.b.f.s.DefaultListableBeanFactory     : Returning cached instance of singleton bean 'server.tomcat-org.springframework.boot.tomcat.autoconfigure.TomcatServerProperties'
2026-03-05T10:42:54.134+05:30 DEBUG 24928 --- [Java-SLF4J] [main] o.s.b.f.s.DefaultListableBeanFactory     : Autowiring by type from bean name 'tomcatServletWebServerFactoryCustomizer' via factory method to bean named 'server.tomcat-org.springframework.boot.tomcat.autoconfigure.TomcatServerProperties'
2026-03-05T10:42:54.134+05:30 TRACE 24928 --- [Java-SLF4J] [main] o.s.b.f.s.DefaultListableBeanFactory     : Finished creating instance of bean 'tomcatServletWebServerFactoryCustomizer'
2026-03-05T10:42:54.144+05:30 TRACE 24928 --- [Java-SLF4J] [main] ySourcesPropertyResolver$DefaultResolver : Searching for key 'AWS_EXECUTION_ENV' in PropertySource 'configurationProperties'
2026-03-05T10:42:54.144+05:30 TRACE 24928 --- [Java-SLF4J] [main] ySourcesPropertyResolver$DefaultResolver : Searching for key 'AWS_EXECUTION_ENV' in PropertySource 'servletConfigInitParams'
2026-03-05T10:42:54.144+05:30 TRACE 24928 --- [Java-SLF4J] [main] ySourcesPropertyResolver$DefaultResolver : Searching for key 'AWS_EXECUTION_ENV' in PropertySource 'servletContextInitParams'
2026-03-05T10:42:54.144+05:30 TRACE 24928 --- [Java-SLF4J] [main] ySourcesPropertyResolver$DefaultResolver : Searching for key 'AWS_EXECUTION_ENV' in PropertySource 'systemProperties'
2026-03-05T10:42:54.144+05:30 TRACE 24928 --- [Java-SLF4J] [main] ySourcesPropertyResolver$DefaultResolver : Searching for key 'AWS_EXECUTION_ENV' in PropertySource 'systemEnvironment'
2026-03-05T10:42:54.144+05:30 TRACE 24928 --- [Java-SLF4J] [main] ySourcesPropertyResolver$DefaultResolver : Searching for key 'AWS_EXECUTION_ENV' in PropertySource 'random'
2026-03-05T10:42:54.144+05:30 TRACE 24928 --- [Java-SLF4J] [main] ySourcesPropertyResolver$DefaultResolver : Searching for key 'AWS_EXECUTION_ENV' in PropertySource 'Config resource 'class path resource [application.properties]' via location 'optional:classpath:/''
2026-03-05T10:42:54.144+05:30 TRACE 24928 --- [Java-SLF4J] [main] ySourcesPropertyResolver$DefaultResolver : Searching for key 'AWS_EXECUTION_ENV' in PropertySource 'applicationInfo'
2026-03-05T10:42:54.144+05:30 TRACE 24928 --- [Java-SLF4J] [main] ySourcesPropertyResolver$DefaultResolver : Could not find key 'AWS_EXECUTION_ENV' in any property source
2026-03-05T10:42:54.155+05:30 DEBUG 24928 --- [Java-SLF4J] [main] o.s.b.f.s.DefaultListableBeanFactory     : Creating shared instance of singleton bean 'errorPageCustomizer'
2026-03-05T10:42:54.155+05:30 TRACE 24928 --- [Java-SLF4J] [main] o.s.b.f.s.DefaultListableBeanFactory     : Creating instance of bean 'errorPageCustomizer'
2026-03-05T10:42:54.155+05:30 DEBUG 24928 --- [Java-SLF4J] [main] o.s.b.f.s.DefaultListableBeanFactory     : Creating shared instance of singleton bean 'org.springframework.boot.webmvc.autoconfigure.error.ErrorMvcAutoConfiguration'
2026-03-05T10:42:54.156+05:30 TRACE 24928 --- [Java-SLF4J] [main] o.s.b.f.s.DefaultListableBeanFactory     : Creating instance of bean 'org.springframework.boot.webmvc.autoconfigure.error.ErrorMvcAutoConfiguration'
2026-03-05T10:42:54.156+05:30 TRACE 24928 --- [Java-SLF4J] [main] o.s.b.f.s.DefaultListableBeanFactory     : Returning cached instance of singleton bean 'spring.web-org.springframework.boot.autoconfigure.web.WebProperties'
2026-03-05T10:42:54.156+05:30 DEBUG 24928 --- [Java-SLF4J] [main] o.s.b.f.s.DefaultListableBeanFactory     : Autowiring by type from bean name 'org.springframework.boot.webmvc.autoconfigure.error.ErrorMvcAutoConfiguration' via constructor to bean named 'spring.web-org.springframework.boot.autoconfigure.web.WebProperties'
2026-03-05T10:42:54.156+05:30 TRACE 24928 --- [Java-SLF4J] [main] o.s.b.f.s.DefaultListableBeanFactory     : Finished creating instance of bean 'org.springframework.boot.webmvc.autoconfigure.error.ErrorMvcAutoConfiguration'
2026-03-05T10:42:54.156+05:30 DEBUG 24928 --- [Java-SLF4J] [main] o.s.b.f.s.DefaultListableBeanFactory     : Creating shared instance of singleton bean 'dispatcherServletRegistration'
2026-03-05T10:42:54.156+05:30 TRACE 24928 --- [Java-SLF4J] [main] o.s.b.f.s.DefaultListableBeanFactory     : Creating instance of bean 'dispatcherServletRegistration'
2026-03-05T10:42:54.156+05:30 DEBUG 24928 --- [Java-SLF4J] [main] o.s.b.f.s.DefaultListableBeanFactory     : Creating shared instance of singleton bean 'org.springframework.boot.webmvc.autoconfigure.DispatcherServletAutoConfiguration$DispatcherServletRegistrationConfiguration'
2026-03-05T10:42:54.156+05:30 TRACE 24928 --- [Java-SLF4J] [main] o.s.b.f.s.DefaultListableBeanFactory     : Creating instance of bean 'org.springframework.boot.webmvc.autoconfigure.DispatcherServletAutoConfiguration$DispatcherServletRegistrationConfiguration'
2026-03-05T10:42:54.157+05:30 TRACE 24928 --- [Java-SLF4J] [main] o.s.b.f.s.DefaultListableBeanFactory     : Finished creating instance of bean 'org.springframework.boot.webmvc.autoconfigure.DispatcherServletAutoConfiguration$DispatcherServletRegistrationConfiguration'
2026-03-05T10:42:54.157+05:30 DEBUG 24928 --- [Java-SLF4J] [main] o.s.b.f.s.DefaultListableBeanFactory     : Creating shared instance of singleton bean 'dispatcherServlet'
2026-03-05T10:42:54.157+05:30 TRACE 24928 --- [Java-SLF4J] [main] o.s.b.f.s.DefaultListableBeanFactory     : Creating instance of bean 'dispatcherServlet'
2026-03-05T10:42:54.157+05:30 DEBUG 24928 --- [Java-SLF4J] [main] o.s.b.f.s.DefaultListableBeanFactory     : Creating shared instance of singleton bean 'org.springframework.boot.webmvc.autoconfigure.DispatcherServletAutoConfiguration$DispatcherServletConfiguration'
2026-03-05T10:42:54.157+05:30 TRACE 24928 --- [Java-SLF4J] [main] o.s.b.f.s.DefaultListableBeanFactory     : Creating instance of bean 'org.springframework.boot.webmvc.autoconfigure.DispatcherServletAutoConfiguration$DispatcherServletConfiguration'
2026-03-05T10:42:54.157+05:30 TRACE 24928 --- [Java-SLF4J] [main] o.s.b.f.s.DefaultListableBeanFactory     : Finished creating instance of bean 'org.springframework.boot.webmvc.autoconfigure.DispatcherServletAutoConfiguration$DispatcherServletConfiguration'
2026-03-05T10:42:54.157+05:30 DEBUG 24928 --- [Java-SLF4J] [main] o.s.b.f.s.DefaultListableBeanFactory     : Creating shared instance of singleton bean 'spring.mvc-org.springframework.boot.webmvc.autoconfigure.WebMvcProperties'
2026-03-05T10:42:54.157+05:30 TRACE 24928 --- [Java-SLF4J] [main] o.s.b.f.s.DefaultListableBeanFactory     : Creating instance of bean 'spring.mvc-org.springframework.boot.webmvc.autoconfigure.WebMvcProperties'
2026-03-05T10:42:54.159+05:30 TRACE 24928 --- [Java-SLF4J] [main] o.s.b.f.s.DefaultListableBeanFactory     : Returning cached instance of singleton bean 'org.springframework.boot.context.properties.BoundConfigurationProperties'
2026-03-05T10:42:54.160+05:30 TRACE 24928 --- [Java-SLF4J] [main] o.s.b.f.s.DefaultListableBeanFactory     : Finished creating instance of bean 'spring.mvc-org.springframework.boot.webmvc.autoconfigure.WebMvcProperties'
2026-03-05T10:42:54.160+05:30 DEBUG 24928 --- [Java-SLF4J] [main] o.s.b.f.s.DefaultListableBeanFactory     : Autowiring by type from bean name 'dispatcherServlet' via factory method to bean named 'spring.mvc-org.springframework.boot.webmvc.autoconfigure.WebMvcProperties'
2026-03-05T10:42:54.167+05:30 TRACE 24928 --- [Java-SLF4J] [main] o.s.b.f.s.DefaultListableBeanFactory     : Finished creating instance of bean 'dispatcherServlet'
2026-03-05T10:42:54.167+05:30 TRACE 24928 --- [Java-SLF4J] [main] o.s.b.f.s.DefaultListableBeanFactory     : Returning cached instance of singleton bean 'spring.mvc-org.springframework.boot.webmvc.autoconfigure.WebMvcProperties'
2026-03-05T10:42:54.168+05:30 DEBUG 24928 --- [Java-SLF4J] [main] o.s.b.f.s.DefaultListableBeanFactory     : Autowiring by type from bean name 'dispatcherServletRegistration' via factory method to bean named 'dispatcherServlet'
2026-03-05T10:42:54.168+05:30 DEBUG 24928 --- [Java-SLF4J] [main] o.s.b.f.s.DefaultListableBeanFactory     : Autowiring by type from bean name 'dispatcherServletRegistration' via factory method to bean named 'spring.mvc-org.springframework.boot.webmvc.autoconfigure.WebMvcProperties'
2026-03-05T10:42:54.170+05:30 DEBUG 24928 --- [Java-SLF4J] [main] o.s.b.f.s.DefaultListableBeanFactory     : Creating shared instance of singleton bean 'multipartConfigElement'
2026-03-05T10:42:54.170+05:30 TRACE 24928 --- [Java-SLF4J] [main] o.s.b.f.s.DefaultListableBeanFactory     : Creating instance of bean 'multipartConfigElement'
2026-03-05T10:42:54.170+05:30 DEBUG 24928 --- [Java-SLF4J] [main] o.s.b.f.s.DefaultListableBeanFactory     : Creating shared instance of singleton bean 'org.springframework.boot.servlet.autoconfigure.MultipartAutoConfiguration'
2026-03-05T10:42:54.170+05:30 TRACE 24928 --- [Java-SLF4J] [main] o.s.b.f.s.DefaultListableBeanFactory     : Creating instance of bean 'org.springframework.boot.servlet.autoconfigure.MultipartAutoConfiguration'
2026-03-05T10:42:54.170+05:30 DEBUG 24928 --- [Java-SLF4J] [main] o.s.b.f.s.DefaultListableBeanFactory     : Creating shared instance of singleton bean 'spring.servlet.multipart-org.springframework.boot.servlet.autoconfigure.MultipartProperties'
2026-03-05T10:42:54.170+05:30 TRACE 24928 --- [Java-SLF4J] [main] o.s.b.f.s.DefaultListableBeanFactory     : Creating instance of bean 'spring.servlet.multipart-org.springframework.boot.servlet.autoconfigure.MultipartProperties'
2026-03-05T10:42:54.171+05:30 TRACE 24928 --- [Java-SLF4J] [main] o.s.b.f.s.DefaultListableBeanFactory     : Returning cached instance of singleton bean 'org.springframework.boot.context.properties.BoundConfigurationProperties'
2026-03-05T10:42:54.172+05:30 TRACE 24928 --- [Java-SLF4J] [main] o.s.b.f.s.DefaultListableBeanFactory     : Finished creating instance of bean 'spring.servlet.multipart-org.springframework.boot.servlet.autoconfigure.MultipartProperties'
2026-03-05T10:42:54.172+05:30 DEBUG 24928 --- [Java-SLF4J] [main] o.s.b.f.s.DefaultListableBeanFactory     : Autowiring by type from bean name 'org.springframework.boot.servlet.autoconfigure.MultipartAutoConfiguration' via constructor to bean named 'spring.servlet.multipart-org.springframework.boot.servlet.autoconfigure.MultipartProperties'
2026-03-05T10:42:54.172+05:30 TRACE 24928 --- [Java-SLF4J] [main] o.s.b.f.s.DefaultListableBeanFactory     : Finished creating instance of bean 'org.springframework.boot.servlet.autoconfigure.MultipartAutoConfiguration'
2026-03-05T10:42:54.174+05:30 TRACE 24928 --- [Java-SLF4J] [main] o.s.b.f.s.DefaultListableBeanFactory     : Finished creating instance of bean 'multipartConfigElement'
2026-03-05T10:42:54.174+05:30 TRACE 24928 --- [Java-SLF4J] [main] o.s.b.f.s.DefaultListableBeanFactory     : Finished creating instance of bean 'dispatcherServletRegistration'
2026-03-05T10:42:54.175+05:30 DEBUG 24928 --- [Java-SLF4J] [main] o.s.b.f.s.DefaultListableBeanFactory     : Autowiring by type from bean name 'errorPageCustomizer' via factory method to bean named 'dispatcherServletRegistration'
2026-03-05T10:42:54.175+05:30 TRACE 24928 --- [Java-SLF4J] [main] o.s.b.f.s.DefaultListableBeanFactory     : Finished creating instance of bean 'errorPageCustomizer'
2026-03-05T10:42:54.175+05:30 TRACE 24928 --- [Java-SLF4J] [main] o.s.b.f.s.DefaultListableBeanFactory     : Finished creating instance of bean 'tomcatServletWebServerFactory'
2026-03-05T10:42:54.246+05:30 DEBUG 24928 --- [Java-SLF4J] [main] o.apache.tomcat.util.IntrospectionUtils  : IntrospectionUtils: setProperty(class org.apache.coyote.http11.Http11NioProtocol port=8080)
2026-03-05T10:42:54.262+05:30 DEBUG 24928 --- [Java-SLF4J] [main] org.apache.catalina.core.ContainerBase   : Add container child [StandardHost[localhost]] to container [StandardEngine[Tomcat]]
2026-03-05T10:42:54.263+05:30 DEBUG 24928 --- [Java-SLF4J] [main] o.s.b.t.s.TomcatServletWebServerFactory  : Code archive: C:\Users\user\.m2\repository\org\springframework\boot\spring-boot-web-server\4.0.3\spring-boot-web-server-4.0.3.jar
2026-03-05T10:42:54.263+05:30 DEBUG 24928 --- [Java-SLF4J] [main] o.s.b.t.s.TomcatServletWebServerFactory  : Code archive: C:\Users\user\.m2\repository\org\springframework\boot\spring-boot-web-server\4.0.3\spring-boot-web-server-4.0.3.jar
2026-03-05T10:42:54.263+05:30 DEBUG 24928 --- [Java-SLF4J] [main] o.s.b.t.s.TomcatServletWebServerFactory  : None of the document roots [src/main/webapp, public, static] point to a directory and will be ignored.
2026-03-05T10:42:54.279+05:30 DEBUG 24928 --- [Java-SLF4J] [main] org.apache.catalina.core.ContainerBase   : Add container child [TomcatEmbeddedContext[]] to container [StandardEngine[Tomcat].StandardHost[localhost]]
2026-03-05T10:42:54.282+05:30  INFO 24928 --- [Java-SLF4J] [main] o.s.boot.tomcat.TomcatWebServer          : Tomcat initialized with port 8080 (http)
2026-03-05T10:42:54.283+05:30 DEBUG 24928 --- [Java-SLF4J] [main] org.apache.tomcat.util.net.NioEndpoint   : [bindOnInit] is [null]
2026-03-05T10:42:54.283+05:30 DEBUG 24928 --- [Java-SLF4J] [main] o.apache.tomcat.util.IntrospectionUtils  : IntrospectionUtils: setProperty(class org.apache.coyote.http11.Http11NioProtocol bindOnInit=false)
2026-03-05T10:42:54.284+05:30 DEBUG 24928 --- [Java-SLF4J] [main] org.apache.tomcat.util.net.NioEndpoint   : Set [bindOnInit] to [false]
2026-03-05T10:42:54.284+05:30 DEBUG 24928 --- [Java-SLF4J] [main] o.apache.tomcat.util.IntrospectionUtils  : IntrospectionUtils: setProperty(class org.apache.tomcat.util.net.NioEndpoint bindOnInit=false)
2026-03-05T10:42:54.293+05:30  INFO 24928 --- [Java-SLF4J] [main] o.apache.catalina.core.StandardService   : Starting service [Tomcat]
2026-03-05T10:42:54.294+05:30  INFO 24928 --- [Java-SLF4J] [main] o.apache.catalina.core.StandardEngine    : Starting Servlet engine: [Apache Tomcat/11.0.18]
2026-03-05T10:42:54.309+05:30 DEBUG 24928 --- [Java-SLF4J] [main] o.apache.catalina.core.StandardContext   : Starting ROOT
2026-03-05T10:42:54.320+05:30 DEBUG 24928 --- [Java-SLF4J] [main] o.apache.catalina.core.StandardContext   : Processing standard container startup
2026-03-05T10:42:54.321+05:30 DEBUG 24928 --- [Java-SLF4J] [main] o.apache.catalina.loader.WebappLoader    : Starting this Loader
2026-03-05T10:42:54.323+05:30 DEBUG 24928 --- [Java-SLF4J] [main] org.apache.catalina.webresources.Cache   : Increased cache size by [531] for item [org.apache.catalina.webresources.CachedResource@4eed2acf] at [/WEB-INF/classes] making total cache size [531]
2026-03-05T10:42:54.327+05:30 DEBUG 24928 --- [Java-SLF4J] [main] o.a.c.authenticator.AuthenticatorBase    : No SingleSignOn Valve is present
2026-03-05T10:42:54.327+05:30 DEBUG 24928 --- [Java-SLF4J] [main] o.apache.catalina.core.StandardContext   : No manager found. Checking if cluster manager should be used. Cluster configured: [false], Application distributable: [false]
2026-03-05T10:42:54.330+05:30 DEBUG 24928 --- [Java-SLF4J] [main] o.apache.catalina.core.StandardContext   : Configured a manager of class [org.apache.catalina.session.StandardManager]
2026-03-05T10:42:54.335+05:30 DEBUG 24928 --- [Java-SLF4J] [main] b.w.c.s.WebApplicationContextInitializer : Published root WebApplicationContext as ServletContext attribute with name [org.springframework.web.context.WebApplicationContext.ROOT]
2026-03-05T10:42:54.335+05:30  INFO 24928 --- [Java-SLF4J] [main] b.w.c.s.WebApplicationContextInitializer : Root WebApplicationContext: initialization completed in 674 ms
2026-03-05T10:42:54.335+05:30 TRACE 24928 --- [Java-SLF4J] [main] o.s.b.f.s.DefaultListableBeanFactory     : Registering scope 'application' with implementation [org.springframework.web.context.support.ServletContextScope@3f9f71ff]
2026-03-05T10:42:54.337+05:30 TRACE 24928 --- [Java-SLF4J] [main] o.s.b.f.s.DefaultListableBeanFactory     : Returning cached instance of singleton bean 'dispatcherServletRegistration'
2026-03-05T10:42:54.338+05:30 TRACE 24928 --- [Java-SLF4J] [main] o.s.b.w.s.ServletContextInitializerBeans : Added existing Servlet initializer bean 'dispatcherServletRegistration'; order=2147483647, resource=class path resource [org/springframework/boot/webmvc/autoconfigure/DispatcherServletAutoConfiguration$DispatcherServletRegistrationConfiguration.class]
2026-03-05T10:42:54.339+05:30 TRACE 24928 --- [Java-SLF4J] [main] o.s.b.f.s.DefaultListableBeanFactory     : Returning cached instance of singleton bean 'multipartConfigElement'
2026-03-05T10:42:54.339+05:30 TRACE 24928 --- [Java-SLF4J] [main] o.s.b.f.s.DefaultListableBeanFactory     : Returning cached instance of singleton bean 'dispatcherServlet'
2026-03-05T10:42:54.339+05:30 DEBUG 24928 --- [Java-SLF4J] [main] o.s.b.f.s.DefaultListableBeanFactory     : Creating shared instance of singleton bean 'requestContextFilter'
2026-03-05T10:42:54.339+05:30 TRACE 24928 --- [Java-SLF4J] [main] o.s.b.f.s.DefaultListableBeanFactory     : Creating instance of bean 'requestContextFilter'
2026-03-05T10:42:54.341+05:30 TRACE 24928 --- [Java-SLF4J] [main] o.s.b.f.s.DefaultListableBeanFactory     : Invoking afterPropertiesSet() on bean with name 'requestContextFilter'
2026-03-05T10:42:54.341+05:30 TRACE 24928 --- [Java-SLF4J] [main] o.s.b.f.s.DefaultListableBeanFactory     : Finished creating instance of bean 'requestContextFilter'
2026-03-05T10:42:54.341+05:30 DEBUG 24928 --- [Java-SLF4J] [main] o.s.b.f.s.DefaultListableBeanFactory     : Creating shared instance of singleton bean 'formContentFilter'
2026-03-05T10:42:54.341+05:30 TRACE 24928 --- [Java-SLF4J] [main] o.s.b.f.s.DefaultListableBeanFactory     : Creating instance of bean 'formContentFilter'
2026-03-05T10:42:54.341+05:30 DEBUG 24928 --- [Java-SLF4J] [main] o.s.b.f.s.DefaultListableBeanFactory     : Creating shared instance of singleton bean 'org.springframework.boot.webmvc.autoconfigure.WebMvcAutoConfiguration'
2026-03-05T10:42:54.341+05:30 TRACE 24928 --- [Java-SLF4J] [main] o.s.b.f.s.DefaultListableBeanFactory     : Creating instance of bean 'org.springframework.boot.webmvc.autoconfigure.WebMvcAutoConfiguration'
2026-03-05T10:42:54.342+05:30 TRACE 24928 --- [Java-SLF4J] [main] o.s.b.f.s.DefaultListableBeanFactory     : Finished creating instance of bean 'org.springframework.boot.webmvc.autoconfigure.WebMvcAutoConfiguration'
2026-03-05T10:42:54.343+05:30 TRACE 24928 --- [Java-SLF4J] [main] o.s.b.f.s.DefaultListableBeanFactory     : Invoking afterPropertiesSet() on bean with name 'formContentFilter'
2026-03-05T10:42:54.343+05:30 TRACE 24928 --- [Java-SLF4J] [main] o.s.b.f.s.DefaultListableBeanFactory     : Finished creating instance of bean 'formContentFilter'
2026-03-05T10:42:54.343+05:30 DEBUG 24928 --- [Java-SLF4J] [main] o.s.b.f.s.DefaultListableBeanFactory     : Creating shared instance of singleton bean 'characterEncodingFilter'
2026-03-05T10:42:54.343+05:30 TRACE 24928 --- [Java-SLF4J] [main] o.s.b.f.s.DefaultListableBeanFactory     : Creating instance of bean 'characterEncodingFilter'
2026-03-05T10:42:54.343+05:30 DEBUG 24928 --- [Java-SLF4J] [main] o.s.b.f.s.DefaultListableBeanFactory     : Creating shared instance of singleton bean 'org.springframework.boot.servlet.autoconfigure.HttpEncodingAutoConfiguration'
2026-03-05T10:42:54.343+05:30 TRACE 24928 --- [Java-SLF4J] [main] o.s.b.f.s.DefaultListableBeanFactory     : Creating instance of bean 'org.springframework.boot.servlet.autoconfigure.HttpEncodingAutoConfiguration'
2026-03-05T10:42:54.343+05:30 TRACE 24928 --- [Java-SLF4J] [main] o.s.b.f.s.DefaultListableBeanFactory     : Finished creating instance of bean 'org.springframework.boot.servlet.autoconfigure.HttpEncodingAutoConfiguration'
2026-03-05T10:42:54.343+05:30 DEBUG 24928 --- [Java-SLF4J] [main] o.s.b.f.s.DefaultListableBeanFactory     : Creating shared instance of singleton bean 'spring.servlet.encoding-org.springframework.boot.servlet.autoconfigure.ServletEncodingProperties'
2026-03-05T10:42:54.343+05:30 TRACE 24928 --- [Java-SLF4J] [main] o.s.b.f.s.DefaultListableBeanFactory     : Creating instance of bean 'spring.servlet.encoding-org.springframework.boot.servlet.autoconfigure.ServletEncodingProperties'
2026-03-05T10:42:54.343+05:30 TRACE 24928 --- [Java-SLF4J] [main] o.s.b.f.s.DefaultListableBeanFactory     : Returning cached instance of singleton bean 'org.springframework.boot.context.properties.BoundConfigurationProperties'
2026-03-05T10:42:54.345+05:30 TRACE 24928 --- [Java-SLF4J] [main] o.s.b.f.s.DefaultListableBeanFactory     : Finished creating instance of bean 'spring.servlet.encoding-org.springframework.boot.servlet.autoconfigure.ServletEncodingProperties'
2026-03-05T10:42:54.345+05:30 DEBUG 24928 --- [Java-SLF4J] [main] o.s.b.f.s.DefaultListableBeanFactory     : Autowiring by type from bean name 'characterEncodingFilter' via factory method to bean named 'spring.servlet.encoding-org.springframework.boot.servlet.autoconfigure.ServletEncodingProperties'
2026-03-05T10:42:54.345+05:30 TRACE 24928 --- [Java-SLF4J] [main] o.s.b.f.s.DefaultListableBeanFactory     : Invoking afterPropertiesSet() on bean with name 'characterEncodingFilter'
2026-03-05T10:42:54.345+05:30 TRACE 24928 --- [Java-SLF4J] [main] o.s.b.f.s.DefaultListableBeanFactory     : Finished creating instance of bean 'characterEncodingFilter'
2026-03-05T10:42:54.345+05:30 TRACE 24928 --- [Java-SLF4J] [main] o.s.b.w.s.ServletContextInitializerBeans : Created Filter initializer for bean 'characterEncodingFilter'; order=-2147483648, resource=class path resource [org/springframework/boot/servlet/autoconfigure/HttpEncodingAutoConfiguration.class]
2026-03-05T10:42:54.345+05:30 TRACE 24928 --- [Java-SLF4J] [main] o.s.b.w.s.ServletContextInitializerBeans : Created Filter initializer for bean 'formContentFilter'; order=-9900, resource=class path resource [org/springframework/boot/webmvc/autoconfigure/WebMvcAutoConfiguration.class]
2026-03-05T10:42:54.345+05:30 TRACE 24928 --- [Java-SLF4J] [main] o.s.b.w.s.ServletContextInitializerBeans : Created Filter initializer for bean 'requestContextFilter'; order=-105, resource=class path resource [org/springframework/boot/webmvc/autoconfigure/WebMvcAutoConfiguration$WebMvcAutoConfigurationAdapter.class]
2026-03-05T10:42:54.347+05:30 DEBUG 24928 --- [Java-SLF4J] [main] o.s.b.w.s.ServletContextInitializerBeans : Mapping filters: characterEncodingFilter urls=[/*] order=-2147483648, formContentFilter urls=[/*] order=-9900, requestContextFilter urls=[/*] order=-105
2026-03-05T10:42:54.347+05:30 DEBUG 24928 --- [Java-SLF4J] [main] o.s.b.w.s.ServletContextInitializerBeans : Mapping servlets: dispatcherServlet urls=[/]
2026-03-05T10:42:54.349+05:30 DEBUG 24928 --- [Java-SLF4J] [main] org.apache.catalina.core.ContainerBase   : Add container child [StandardWrapper[dispatcherServlet]] to container [StandardEngine[Tomcat].StandardHost[localhost].TomcatEmbeddedContext[]]
2026-03-05T10:42:54.364+05:30 DEBUG 24928 --- [Java-SLF4J] [main] o.apache.catalina.core.StandardContext   : Configuring application event listeners
2026-03-05T10:42:54.365+05:30 DEBUG 24928 --- [Java-SLF4J] [main] o.a.c.c.C.[Tomcat].[localhost].[/]       : Sending application start events
2026-03-05T10:42:54.366+05:30 DEBUG 24928 --- [Java-SLF4J] [main] o.a.catalina.session.StandardManager     : Start: Loading persisted sessions
2026-03-05T10:42:54.366+05:30 DEBUG 24928 --- [Java-SLF4J] [main] o.a.c.c.C.[Tomcat].[localhost].[/]       : Starting filters
2026-03-05T10:42:54.366+05:30 DEBUG 24928 --- [Java-SLF4J] [main] o.a.c.c.C.[Tomcat].[localhost].[/]       :  Starting filter 'requestContextFilter'
2026-03-05T10:42:54.368+05:30 DEBUG 24928 --- [Java-SLF4J] [main] o.s.b.s.f.OrderedRequestContextFilter    : Filter 'requestContextFilter' configured for use
2026-03-05T10:42:54.369+05:30 DEBUG 24928 --- [Java-SLF4J] [main] o.a.c.c.C.[Tomcat].[localhost].[/]       :  Starting filter 'Tomcat WebSocket (JSR356) Filter'
2026-03-05T10:42:54.369+05:30 DEBUG 24928 --- [Java-SLF4J] [main] o.a.c.c.C.[Tomcat].[localhost].[/]       :  Starting filter 'characterEncodingFilter'
2026-03-05T10:42:54.369+05:30 DEBUG 24928 --- [Java-SLF4J] [main] o.s.b.s.f.OrderedCharacterEncodingFilter : Filter 'characterEncodingFilter' configured for use
2026-03-05T10:42:54.369+05:30 DEBUG 24928 --- [Java-SLF4J] [main] o.a.c.c.C.[Tomcat].[localhost].[/]       :  Starting filter 'formContentFilter'
2026-03-05T10:42:54.369+05:30 DEBUG 24928 --- [Java-SLF4J] [main] o.s.b.s.filter.OrderedFormContentFilter  : Filter 'formContentFilter' configured for use
2026-03-05T10:42:54.369+05:30 DEBUG 24928 --- [Java-SLF4J] [main] o.apache.catalina.core.StandardContext   : Starting completed
2026-03-05T10:42:54.372+05:30 DEBUG 24928 --- [Java-SLF4J] [main] org.apache.catalina.mapper.Mapper        : Registered host [localhost]
2026-03-05T10:42:54.372+05:30 DEBUG 24928 --- [Java-SLF4J] [main] o.apache.catalina.mapper.MapperListener  : Register Wrapper [dispatcherServlet] in Context [] for service [StandardService[Tomcat]]
2026-03-05T10:42:54.373+05:30 DEBUG 24928 --- [Java-SLF4J] [main] o.apache.catalina.mapper.MapperListener  : Register Context [] for service [StandardService[Tomcat]]
2026-03-05T10:42:54.373+05:30 DEBUG 24928 --- [Java-SLF4J] [main] o.apache.catalina.mapper.MapperListener  : Register host [localhost] at domain [null] for service [StandardService[Tomcat]]
2026-03-05T10:42:54.376+05:30 DEBUG 24928 --- [Java-SLF4J] [main] o.s.b.f.s.DefaultListableBeanFactory     : Creating shared instance of singleton bean 'applicationTaskExecutor'
2026-03-05T10:42:54.376+05:30 TRACE 24928 --- [Java-SLF4J] [main] o.s.b.f.s.DefaultListableBeanFactory     : Creating instance of bean 'applicationTaskExecutor'
2026-03-05T10:42:54.376+05:30 DEBUG 24928 --- [Java-SLF4J] [main] o.s.b.f.s.DefaultListableBeanFactory     : Creating shared instance of singleton bean 'org.springframework.boot.autoconfigure.task.TaskExecutorConfigurations$TaskExecutorConfiguration'
2026-03-05T10:42:54.376+05:30 TRACE 24928 --- [Java-SLF4J] [main] o.s.b.f.s.DefaultListableBeanFactory     : Creating instance of bean 'org.springframework.boot.autoconfigure.task.TaskExecutorConfigurations$TaskExecutorConfiguration'
2026-03-05T10:42:54.377+05:30 TRACE 24928 --- [Java-SLF4J] [main] o.s.b.f.s.DefaultListableBeanFactory     : Finished creating instance of bean 'org.springframework.boot.autoconfigure.task.TaskExecutorConfigurations$TaskExecutorConfiguration'
2026-03-05T10:42:54.377+05:30 DEBUG 24928 --- [Java-SLF4J] [main] o.s.b.f.s.DefaultListableBeanFactory     : Creating shared instance of singleton bean 'threadPoolTaskExecutorBuilder'
2026-03-05T10:42:54.377+05:30 TRACE 24928 --- [Java-SLF4J] [main] o.s.b.f.s.DefaultListableBeanFactory     : Creating instance of bean 'threadPoolTaskExecutorBuilder'
2026-03-05T10:42:54.377+05:30 DEBUG 24928 --- [Java-SLF4J] [main] o.s.b.f.s.DefaultListableBeanFactory     : Creating shared instance of singleton bean 'org.springframework.boot.autoconfigure.task.TaskExecutorConfigurations$ThreadPoolTaskExecutorBuilderConfiguration'
2026-03-05T10:42:54.377+05:30 TRACE 24928 --- [Java-SLF4J] [main] o.s.b.f.s.DefaultListableBeanFactory     : Creating instance of bean 'org.springframework.boot.autoconfigure.task.TaskExecutorConfigurations$ThreadPoolTaskExecutorBuilderConfiguration'
2026-03-05T10:42:54.377+05:30 TRACE 24928 --- [Java-SLF4J] [main] o.s.b.f.s.DefaultListableBeanFactory     : Finished creating instance of bean 'org.springframework.boot.autoconfigure.task.TaskExecutorConfigurations$ThreadPoolTaskExecutorBuilderConfiguration'
2026-03-05T10:42:54.378+05:30 DEBUG 24928 --- [Java-SLF4J] [main] o.s.b.f.s.DefaultListableBeanFactory     : Creating shared instance of singleton bean 'spring.task.execution-org.springframework.boot.autoconfigure.task.TaskExecutionProperties'
2026-03-05T10:42:54.378+05:30 TRACE 24928 --- [Java-SLF4J] [main] o.s.b.f.s.DefaultListableBeanFactory     : Creating instance of bean 'spring.task.execution-org.springframework.boot.autoconfigure.task.TaskExecutionProperties'
2026-03-05T10:42:54.378+05:30 TRACE 24928 --- [Java-SLF4J] [main] o.s.b.f.s.DefaultListableBeanFactory     : Returning cached instance of singleton bean 'org.springframework.boot.context.properties.BoundConfigurationProperties'
2026-03-05T10:42:54.379+05:30 TRACE 24928 --- [Java-SLF4J] [main] o.s.b.f.s.DefaultListableBeanFactory     : Finished creating instance of bean 'spring.task.execution-org.springframework.boot.autoconfigure.task.TaskExecutionProperties'
2026-03-05T10:42:54.379+05:30 DEBUG 24928 --- [Java-SLF4J] [main] o.s.b.f.s.DefaultListableBeanFactory     : Autowiring by type from bean name 'threadPoolTaskExecutorBuilder' via factory method to bean named 'spring.task.execution-org.springframework.boot.autoconfigure.task.TaskExecutionProperties'
2026-03-05T10:42:54.380+05:30 TRACE 24928 --- [Java-SLF4J] [main] o.s.b.f.s.DefaultListableBeanFactory     : Finished creating instance of bean 'threadPoolTaskExecutorBuilder'
2026-03-05T10:42:54.380+05:30 DEBUG 24928 --- [Java-SLF4J] [main] o.s.b.f.s.DefaultListableBeanFactory     : Autowiring by type from bean name 'applicationTaskExecutor' via factory method to bean named 'threadPoolTaskExecutorBuilder'
2026-03-05T10:42:54.385+05:30 TRACE 24928 --- [Java-SLF4J] [main] o.s.b.f.s.DefaultListableBeanFactory     : Invoking afterPropertiesSet() on bean with name 'applicationTaskExecutor'
2026-03-05T10:42:54.385+05:30 DEBUG 24928 --- [Java-SLF4J] [main] o.s.s.concurrent.ThreadPoolTaskExecutor  : Initializing ExecutorService 'applicationTaskExecutor'
2026-03-05T10:42:54.385+05:30 TRACE 24928 --- [Java-SLF4J] [main] o.s.b.f.s.DefaultListableBeanFactory     : Finished creating instance of bean 'applicationTaskExecutor'
2026-03-05T10:42:54.386+05:30 TRACE 24928 --- [Java-SLF4J] [main] o.s.b.f.s.DefaultListableBeanFactory     : Pre-instantiating singletons in org.springframework.beans.factory.support.DefaultListableBeanFactory@77a7cf58: defining beans [org.springframework.context.annotation.internalConfigurationAnnotationProcessor,org.springframework.context.annotation.internalAutowiredAnnotationProcessor,org.springframework.context.annotation.internalCommonAnnotationProcessor,org.springframework.context.event.internalEventListenerProcessor,org.springframework.context.event.internalEventListenerFactory,javaSlf4JApplication,org.springframework.boot.autoconfigure.internalCachingMetadataReaderFactory,basicController,org.springframework.boot.autoconfigure.AutoConfigurationPackages,org.springframework.boot.autoconfigure.context.PropertyPlaceholderAutoConfiguration,propertySourcesPlaceholderConfigurer,org.springframework.boot.webmvc.autoconfigure.DispatcherServletAutoConfiguration$DispatcherServletConfiguration,dispatcherServlet,org.springframework.boot.context.properties.ConfigurationPropertiesBindingPostProcessor,org.springframework.boot.context.internalConfigurationPropertiesBinder,org.springframework.boot.context.properties.BoundConfigurationProperties,org.springframework.boot.context.properties.EnableConfigurationPropertiesRegistrar.methodValidationExcludeFilter,spring.mvc-org.springframework.boot.webmvc.autoconfigure.WebMvcProperties,org.springframework.boot.webmvc.autoconfigure.DispatcherServletAutoConfiguration$DispatcherServletRegistrationConfiguration,dispatcherServletRegistration,org.springframework.boot.webmvc.autoconfigure.DispatcherServletAutoConfiguration,org.springframework.boot.autoconfigure.task.TaskExecutorConfigurations$ThreadPoolTaskExecutorBuilderConfiguration,threadPoolTaskExecutorBuilder,org.springframework.boot.autoconfigure.task.TaskExecutorConfigurations$SimpleAsyncTaskExecutorBuilderConfiguration,simpleAsyncTaskExecutorBuilder,org.springframework.boot.autoconfigure.task.TaskExecutorConfigurations$AsyncConfigurerConfiguration,applicationTaskExecutorAsyncConfigurer,org.springframework.boot.autoconfigure.task.TaskExecutorConfigurations$TaskExecutorConfiguration,applicationTaskExecutor,org.springframework.boot.autoconfigure.task.TaskExecutorConfigurations$BootstrapExecutorConfiguration,bootstrapExecutorAliasPostProcessor,org.springframework.boot.autoconfigure.task.TaskExecutionAutoConfiguration,spring.task.execution-org.springframework.boot.autoconfigure.task.TaskExecutionProperties,org.springframework.boot.webmvc.autoconfigure.error.ErrorMvcAutoConfiguration$WhitelabelErrorViewConfiguration,error,beanNameViewResolver,org.springframework.boot.webmvc.autoconfigure.error.ErrorMvcAutoConfiguration$DefaultErrorViewResolverConfiguration,conventionErrorViewResolver,org.springframework.boot.webmvc.autoconfigure.error.ErrorMvcAutoConfiguration,errorAttributes,basicErrorController,errorPageCustomizer,preserveErrorControllerTargetClassPostProcessor,spring.web-org.springframework.boot.autoconfigure.web.WebProperties,org.springframework.boot.webmvc.autoconfigure.WebMvcAutoConfiguration$EnableWebMvcConfiguration,welcomePageHandlerMapping,welcomePageNotAcceptableHandlerMapping,localeResolver,flashMapManager,viewNameTranslator,mvcConversionService,mvcValidator,requestMappingHandlerMapping,mvcPatternParser,mvcUrlPathHelper,mvcPathMatcher,mvcContentNegotiationManager,mvcApiVersionStrategy,viewControllerHandlerMapping,beanNameHandlerMapping,routerFunctionMapping,resourceHandlerMapping,mvcResourceUrlProvider,defaultServletHandlerMapping,requestMappingHandlerAdapter,handlerFunctionAdapter,mvcUriComponentsContributor,httpRequestHandlerAdapter,simpleControllerHandlerAdapter,handlerExceptionResolver,mvcViewResolver,mvcHandlerMappingIntrospector,org.springframework.boot.webmvc.autoconfigure.WebMvcAutoConfiguration$WebMvcAutoConfigurationAdapter,defaultViewResolver,viewResolver,requestContextFilter,org.springframework.boot.webmvc.autoconfigure.WebMvcAutoConfiguration,formContentFilter,org.springframework.boot.autoconfigure.aop.AopAutoConfiguration$ClassProxyingConfiguration,forceAutoProxyCreatorToUseClassProxying,org.springframework.boot.autoconfigure.aop.AopAutoConfiguration,org.springframework.boot.autoconfigure.availability.ApplicationAvailabilityAutoConfiguration,applicationAvailability,org.springframework.boot.autoconfigure.context.ConfigurationPropertiesAutoConfiguration,org.springframework.boot.autoconfigure.context.LifecycleAutoConfiguration,lifecycleProcessor,spring.lifecycle-org.springframework.boot.autoconfigure.context.LifecycleProperties,org.springframework.boot.autoconfigure.info.ProjectInfoAutoConfiguration,spring.info-org.springframework.boot.autoconfigure.info.ProjectInfoProperties,org.springframework.boot.autoconfigure.ssl.SslAutoConfiguration,fileWatcher,sslPropertiesSslBundleRegistrar,sslBundleRegistry,spring.ssl-org.springframework.boot.autoconfigure.ssl.SslProperties,org.springframework.boot.autoconfigure.task.TaskSchedulingConfigurations$ThreadPoolTaskSchedulerBuilderConfiguration,threadPoolTaskSchedulerBuilder,org.springframework.boot.autoconfigure.task.TaskSchedulingConfigurations$SimpleAsyncTaskSchedulerBuilderConfiguration,simpleAsyncTaskSchedulerBuilder,org.springframework.boot.autoconfigure.task.TaskSchedulingAutoConfiguration,spring.task.scheduling-org.springframework.boot.autoconfigure.task.TaskSchedulingProperties,org.springframework.boot.jackson.autoconfigure.JacksonAutoConfiguration$JsonProblemDetailsConfiguration,problemDetailJsonMapperBuilderCustomizer,org.springframework.boot.jackson.autoconfigure.JacksonAutoConfiguration$JacksonJsonMapperBuilderCustomizerConfiguration,standardJsonMapperBuilderCustomizer,spring.jackson-org.springframework.boot.jackson.autoconfigure.JacksonProperties,org.springframework.boot.jackson.autoconfigure.JacksonAutoConfiguration$JacksonMixinConfiguration,jacksonMixinModuleEntries,jacksonMixinModule,org.springframework.boot.jackson.autoconfigure.JacksonAutoConfiguration,jsonComponentModule,jsonMapperBuilder,jacksonJsonMapper,org.springframework.boot.http.converter.autoconfigure.HttpMessageConvertersAutoConfiguration$StringHttpMessageConverterConfiguration,stringHttpMessageConvertersCustomizer,spring.http.converters-org.springframework.boot.http.converter.autoconfigure.HttpMessageConvertersProperties,org.springframework.boot.http.converter.autoconfigure.JacksonHttpMessageConvertersConfiguration$JacksonJsonHttpMessageConverterConfiguration,jacksonJsonHttpMessageConvertersCustomizer,org.springframework.boot.http.converter.autoconfigure.JacksonHttpMessageConvertersConfiguration,org.springframework.boot.http.converter.autoconfigure.Jackson2HttpMessageConvertersConfiguration,org.springframework.boot.http.converter.autoconfigure.HttpMessageConvertersAutoConfiguration,clientConvertersCustomizer,serverConvertersCustomizer,org.springframework.boot.servlet.autoconfigure.HttpEncodingAutoConfiguration,characterEncodingFilter,spring.servlet.encoding-org.springframework.boot.servlet.autoconfigure.ServletEncodingProperties,org.springframework.boot.servlet.autoconfigure.MultipartAutoConfiguration,multipartConfigElement,multipartResolver,spring.servlet.multipart-org.springframework.boot.servlet.autoconfigure.MultipartProperties,org.springframework.boot.web.server.autoconfigure.servlet.ServletWebServerConfiguration,servletWebServerFactoryCustomizer,server-org.springframework.boot.web.server.autoconfigure.ServerProperties,webServerFactoryCustomizerBeanPostProcessor,errorPageRegistrarBeanPostProcessor,org.springframework.boot.tomcat.autoconfigure.TomcatWebServerConfiguration$TomcatWebSocketConfiguration,webSocketWebServerCustomizer,org.springframework.boot.tomcat.autoconfigure.TomcatWebServerConfiguration,tomcatWebServerFactoryCustomizer,org.springframework.boot.tomcat.autoconfigure.servlet.TomcatServletWebServerAutoConfiguration,tomcatServletWebServerFactory,tomcatServletWebServerFactoryCustomizer,server.tomcat-org.springframework.boot.tomcat.autoconfigure.TomcatServerProperties,org.springframework.aop.config.internalAutoProxyCreator,org.springframework.aop.framework.autoproxy.defaultProxyConfig]; root of factory hierarchy
2026-03-05T10:42:54.386+05:30 TRACE 24928 --- [Java-SLF4J] [main] o.s.b.f.s.DefaultListableBeanFactory     : Returning cached instance of singleton bean 'org.springframework.context.annotation.internalConfigurationAnnotationProcessor'
2026-03-05T10:42:54.386+05:30 TRACE 24928 --- [Java-SLF4J] [main] o.s.b.f.s.DefaultListableBeanFactory     : Returning cached instance of singleton bean 'org.springframework.context.annotation.internalAutowiredAnnotationProcessor'
2026-03-05T10:42:54.386+05:30 TRACE 24928 --- [Java-SLF4J] [main] o.s.b.f.s.DefaultListableBeanFactory     : Returning cached instance of singleton bean 'org.springframework.context.annotation.internalCommonAnnotationProcessor'
2026-03-05T10:42:54.386+05:30 TRACE 24928 --- [Java-SLF4J] [main] o.s.b.f.s.DefaultListableBeanFactory     : Returning cached instance of singleton bean 'org.springframework.context.event.internalEventListenerProcessor'
2026-03-05T10:42:54.386+05:30 TRACE 24928 --- [Java-SLF4J] [main] o.s.b.f.s.DefaultListableBeanFactory     : Returning cached instance of singleton bean 'org.springframework.context.event.internalEventListenerFactory'
2026-03-05T10:42:54.386+05:30 DEBUG 24928 --- [Java-SLF4J] [main] o.s.b.f.s.DefaultListableBeanFactory     : Creating shared instance of singleton bean 'javaSlf4JApplication'
2026-03-05T10:42:54.386+05:30 TRACE 24928 --- [Java-SLF4J] [main] o.s.b.f.s.DefaultListableBeanFactory     : Creating instance of bean 'javaSlf4JApplication'
2026-03-05T10:42:54.386+05:30 TRACE 24928 --- [Java-SLF4J] [main] o.s.b.f.s.DefaultListableBeanFactory     : Finished creating instance of bean 'javaSlf4JApplication'
2026-03-05T10:42:54.386+05:30 TRACE 24928 --- [Java-SLF4J] [main] o.s.b.f.s.DefaultListableBeanFactory     : Returning cached instance of singleton bean 'org.springframework.boot.autoconfigure.internalCachingMetadataReaderFactory'
2026-03-05T10:42:54.386+05:30 DEBUG 24928 --- [Java-SLF4J] [main] o.s.b.f.s.DefaultListableBeanFactory     : Creating shared instance of singleton bean 'basicController'
2026-03-05T10:42:54.386+05:30 TRACE 24928 --- [Java-SLF4J] [main] o.s.b.f.s.DefaultListableBeanFactory     : Creating instance of bean 'basicController'
2026-03-05T10:42:54.388+05:30 TRACE 24928 --- [Java-SLF4J] [main] o.s.b.f.s.DefaultListableBeanFactory     : Finished creating instance of bean 'basicController'
2026-03-05T10:42:54.388+05:30 DEBUG 24928 --- [Java-SLF4J] [main] o.s.b.f.s.DefaultListableBeanFactory     : Creating shared instance of singleton bean 'org.springframework.boot.autoconfigure.AutoConfigurationPackages'
2026-03-05T10:42:54.388+05:30 TRACE 24928 --- [Java-SLF4J] [main] o.s.b.f.s.DefaultListableBeanFactory     : Creating instance of bean 'org.springframework.boot.autoconfigure.AutoConfigurationPackages'
2026-03-05T10:42:54.389+05:30 TRACE 24928 --- [Java-SLF4J] [main] o.s.b.f.s.DefaultListableBeanFactory     : Finished creating instance of bean 'org.springframework.boot.autoconfigure.AutoConfigurationPackages'
2026-03-05T10:42:54.389+05:30 DEBUG 24928 --- [Java-SLF4J] [main] o.s.b.f.s.DefaultListableBeanFactory     : Creating shared instance of singleton bean 'org.springframework.boot.autoconfigure.context.PropertyPlaceholderAutoConfiguration'
2026-03-05T10:42:54.389+05:30 TRACE 24928 --- [Java-SLF4J] [main] o.s.b.f.s.DefaultListableBeanFactory     : Creating instance of bean 'org.springframework.boot.autoconfigure.context.PropertyPlaceholderAutoConfiguration'
2026-03-05T10:42:54.389+05:30 TRACE 24928 --- [Java-SLF4J] [main] o.s.b.f.s.DefaultListableBeanFactory     : Finished creating instance of bean 'org.springframework.boot.autoconfigure.context.PropertyPlaceholderAutoConfiguration'
2026-03-05T10:42:54.389+05:30 TRACE 24928 --- [Java-SLF4J] [main] o.s.b.f.s.DefaultListableBeanFactory     : Returning cached instance of singleton bean 'propertySourcesPlaceholderConfigurer'
2026-03-05T10:42:54.389+05:30 TRACE 24928 --- [Java-SLF4J] [main] o.s.b.f.s.DefaultListableBeanFactory     : Returning cached instance of singleton bean 'org.springframework.boot.webmvc.autoconfigure.DispatcherServletAutoConfiguration$DispatcherServletConfiguration'
2026-03-05T10:42:54.389+05:30 TRACE 24928 --- [Java-SLF4J] [main] o.s.b.f.s.DefaultListableBeanFactory     : Returning cached instance of singleton bean 'dispatcherServlet'
2026-03-05T10:42:54.389+05:30 TRACE 24928 --- [Java-SLF4J] [main] o.s.b.f.s.DefaultListableBeanFactory     : Returning cached instance of singleton bean 'org.springframework.boot.context.properties.ConfigurationPropertiesBindingPostProcessor'
2026-03-05T10:42:54.389+05:30 TRACE 24928 --- [Java-SLF4J] [main] o.s.b.f.s.DefaultListableBeanFactory     : Returning cached instance of singleton bean 'org.springframework.boot.context.internalConfigurationPropertiesBinder'
2026-03-05T10:42:54.389+05:30 TRACE 24928 --- [Java-SLF4J] [main] o.s.b.f.s.DefaultListableBeanFactory     : Returning cached instance of singleton bean 'org.springframework.boot.context.properties.BoundConfigurationProperties'
2026-03-05T10:42:54.389+05:30 DEBUG 24928 --- [Java-SLF4J] [main] o.s.b.f.s.DefaultListableBeanFactory     : Creating shared instance of singleton bean 'org.springframework.boot.context.properties.EnableConfigurationPropertiesRegistrar.methodValidationExcludeFilter'
2026-03-05T10:42:54.389+05:30 TRACE 24928 --- [Java-SLF4J] [main] o.s.b.f.s.DefaultListableBeanFactory     : Creating instance of bean 'org.springframework.boot.context.properties.EnableConfigurationPropertiesRegistrar.methodValidationExcludeFilter'
2026-03-05T10:42:54.390+05:30 TRACE 24928 --- [Java-SLF4J] [main] o.s.b.f.s.DefaultListableBeanFactory     : Ignoring factory method [public static org.springframework.boot.validation.beanvalidation.MethodValidationExcludeFilter org.springframework.boot.validation.beanvalidation.MethodValidationExcludeFilter.byAnnotation(java.lang.Class,org.springframework.core.annotation.MergedAnnotations$SearchStrategy)] of bean 'org.springframework.boot.context.properties.EnableConfigurationPropertiesRegistrar.methodValidationExcludeFilter': org.springframework.beans.factory.UnsatisfiedDependencyException: Error creating bean with name 'org.springframework.boot.context.properties.EnableConfigurationPropertiesRegistrar.methodValidationExcludeFilter': Unsatisfied dependency expressed through method 'byAnnotation' parameter 1: Ambiguous argument values for parameter of type [org.springframework.core.annotation.MergedAnnotations$SearchStrategy] - did you specify the correct bean references as arguments?
2026-03-05T10:42:54.392+05:30 TRACE 24928 --- [Java-SLF4J] [main] o.s.b.f.s.DefaultListableBeanFactory     : Finished creating instance of bean 'org.springframework.boot.context.properties.EnableConfigurationPropertiesRegistrar.methodValidationExcludeFilter'
2026-03-05T10:42:54.392+05:30 TRACE 24928 --- [Java-SLF4J] [main] o.s.b.f.s.DefaultListableBeanFactory     : Returning cached instance of singleton bean 'spring.mvc-org.springframework.boot.webmvc.autoconfigure.WebMvcProperties'
2026-03-05T10:42:54.392+05:30 TRACE 24928 --- [Java-SLF4J] [main] o.s.b.f.s.DefaultListableBeanFactory     : Returning cached instance of singleton bean 'org.springframework.boot.webmvc.autoconfigure.DispatcherServletAutoConfiguration$DispatcherServletRegistrationConfiguration'
2026-03-05T10:42:54.392+05:30 TRACE 24928 --- [Java-SLF4J] [main] o.s.b.f.s.DefaultListableBeanFactory     : Returning cached instance of singleton bean 'dispatcherServletRegistration'
2026-03-05T10:42:54.392+05:30 DEBUG 24928 --- [Java-SLF4J] [main] o.s.b.f.s.DefaultListableBeanFactory     : Creating shared instance of singleton bean 'org.springframework.boot.webmvc.autoconfigure.DispatcherServletAutoConfiguration'
2026-03-05T10:42:54.392+05:30 TRACE 24928 --- [Java-SLF4J] [main] o.s.b.f.s.DefaultListableBeanFactory     : Creating instance of bean 'org.springframework.boot.webmvc.autoconfigure.DispatcherServletAutoConfiguration'
2026-03-05T10:42:54.392+05:30 TRACE 24928 --- [Java-SLF4J] [main] o.s.b.f.s.DefaultListableBeanFactory     : Finished creating instance of bean 'org.springframework.boot.webmvc.autoconfigure.DispatcherServletAutoConfiguration'
2026-03-05T10:42:54.392+05:30 TRACE 24928 --- [Java-SLF4J] [main] o.s.b.f.s.DefaultListableBeanFactory     : Returning cached instance of singleton bean 'org.springframework.boot.autoconfigure.task.TaskExecutorConfigurations$ThreadPoolTaskExecutorBuilderConfiguration'
2026-03-05T10:42:54.392+05:30 TRACE 24928 --- [Java-SLF4J] [main] o.s.b.f.s.DefaultListableBeanFactory     : Returning cached instance of singleton bean 'threadPoolTaskExecutorBuilder'
2026-03-05T10:42:54.392+05:30 DEBUG 24928 --- [Java-SLF4J] [main] o.s.b.f.s.DefaultListableBeanFactory     : Creating shared instance of singleton bean 'org.springframework.boot.autoconfigure.task.TaskExecutorConfigurations$SimpleAsyncTaskExecutorBuilderConfiguration'
2026-03-05T10:42:54.392+05:30 TRACE 24928 --- [Java-SLF4J] [main] o.s.b.f.s.DefaultListableBeanFactory     : Creating instance of bean 'org.springframework.boot.autoconfigure.task.TaskExecutorConfigurations$SimpleAsyncTaskExecutorBuilderConfiguration'
2026-03-05T10:42:54.394+05:30 TRACE 24928 --- [Java-SLF4J] [main] o.s.b.f.s.DefaultListableBeanFactory     : Returning cached instance of singleton bean 'spring.task.execution-org.springframework.boot.autoconfigure.task.TaskExecutionProperties'
2026-03-05T10:42:54.394+05:30 DEBUG 24928 --- [Java-SLF4J] [main] o.s.b.f.s.DefaultListableBeanFactory     : Autowiring by type from bean name 'org.springframework.boot.autoconfigure.task.TaskExecutorConfigurations$SimpleAsyncTaskExecutorBuilderConfiguration' via constructor to bean named 'spring.task.execution-org.springframework.boot.autoconfigure.task.TaskExecutionProperties'
2026-03-05T10:42:54.395+05:30 TRACE 24928 --- [Java-SLF4J] [main] o.s.b.f.s.DefaultListableBeanFactory     : Finished creating instance of bean 'org.springframework.boot.autoconfigure.task.TaskExecutorConfigurations$SimpleAsyncTaskExecutorBuilderConfiguration'
2026-03-05T10:42:54.395+05:30 DEBUG 24928 --- [Java-SLF4J] [main] o.s.b.f.s.DefaultListableBeanFactory     : Creating shared instance of singleton bean 'simpleAsyncTaskExecutorBuilder'
2026-03-05T10:42:54.395+05:30 TRACE 24928 --- [Java-SLF4J] [main] o.s.b.f.s.DefaultListableBeanFactory     : Creating instance of bean 'simpleAsyncTaskExecutorBuilder'
2026-03-05T10:42:54.395+05:30 TRACE 24928 --- [Java-SLF4J] [main] o.s.b.f.s.DefaultListableBeanFactory     : Returning cached instance of singleton bean 'org.springframework.boot.autoconfigure.task.TaskExecutorConfigurations$SimpleAsyncTaskExecutorBuilderConfiguration'
2026-03-05T10:42:54.396+05:30 TRACE 24928 --- [Java-SLF4J] [main] o.s.b.f.s.DefaultListableBeanFactory     : Finished creating instance of bean 'simpleAsyncTaskExecutorBuilder'
2026-03-05T10:42:54.396+05:30 DEBUG 24928 --- [Java-SLF4J] [main] o.s.b.f.s.DefaultListableBeanFactory     : Creating shared instance of singleton bean 'org.springframework.boot.autoconfigure.task.TaskExecutorConfigurations$AsyncConfigurerConfiguration'
2026-03-05T10:42:54.396+05:30 TRACE 24928 --- [Java-SLF4J] [main] o.s.b.f.s.DefaultListableBeanFactory     : Creating instance of bean 'org.springframework.boot.autoconfigure.task.TaskExecutorConfigurations$AsyncConfigurerConfiguration'
2026-03-05T10:42:54.396+05:30 TRACE 24928 --- [Java-SLF4J] [main] o.s.b.f.s.DefaultListableBeanFactory     : Finished creating instance of bean 'org.springframework.boot.autoconfigure.task.TaskExecutorConfigurations$AsyncConfigurerConfiguration'
2026-03-05T10:42:54.396+05:30 DEBUG 24928 --- [Java-SLF4J] [main] o.s.b.f.s.DefaultListableBeanFactory     : Creating shared instance of singleton bean 'applicationTaskExecutorAsyncConfigurer'
2026-03-05T10:42:54.396+05:30 TRACE 24928 --- [Java-SLF4J] [main] o.s.b.f.s.DefaultListableBeanFactory     : Creating instance of bean 'applicationTaskExecutorAsyncConfigurer'
2026-03-05T10:42:54.396+05:30 TRACE 24928 --- [Java-SLF4J] [main] o.s.b.f.s.DefaultListableBeanFactory     : Returning cached instance of singleton bean 'org.springframework.boot.autoconfigure.task.TaskExecutorConfigurations$AsyncConfigurerConfiguration'
2026-03-05T10:42:54.397+05:30 DEBUG 24928 --- [Java-SLF4J] [main] o.s.b.f.s.DefaultListableBeanFactory     : Autowiring by type from bean name 'applicationTaskExecutorAsyncConfigurer' via factory method to bean named 'org.springframework.beans.factory.support.DefaultListableBeanFactory@77a7cf58'
2026-03-05T10:42:54.397+05:30 TRACE 24928 --- [Java-SLF4J] [main] o.s.b.f.s.DefaultListableBeanFactory     : Finished creating instance of bean 'applicationTaskExecutorAsyncConfigurer'
2026-03-05T10:42:54.397+05:30 TRACE 24928 --- [Java-SLF4J] [main] o.s.b.f.s.DefaultListableBeanFactory     : Returning cached instance of singleton bean 'org.springframework.boot.autoconfigure.task.TaskExecutorConfigurations$TaskExecutorConfiguration'
2026-03-05T10:42:54.397+05:30 DEBUG 24928 --- [Java-SLF4J] [main] o.s.b.f.s.DefaultListableBeanFactory     : Creating shared instance of singleton bean 'org.springframework.boot.autoconfigure.task.TaskExecutorConfigurations$BootstrapExecutorConfiguration'
2026-03-05T10:42:54.397+05:30 TRACE 24928 --- [Java-SLF4J] [main] o.s.b.f.s.DefaultListableBeanFactory     : Creating instance of bean 'org.springframework.boot.autoconfigure.task.TaskExecutorConfigurations$BootstrapExecutorConfiguration'
2026-03-05T10:42:54.398+05:30 TRACE 24928 --- [Java-SLF4J] [main] o.s.b.f.s.DefaultListableBeanFactory     : Finished creating instance of bean 'org.springframework.boot.autoconfigure.task.TaskExecutorConfigurations$BootstrapExecutorConfiguration'
2026-03-05T10:42:54.398+05:30 TRACE 24928 --- [Java-SLF4J] [main] o.s.b.f.s.DefaultListableBeanFactory     : Returning cached instance of singleton bean 'bootstrapExecutorAliasPostProcessor'
2026-03-05T10:42:54.398+05:30 DEBUG 24928 --- [Java-SLF4J] [main] o.s.b.f.s.DefaultListableBeanFactory     : Creating shared instance of singleton bean 'org.springframework.boot.autoconfigure.task.TaskExecutionAutoConfiguration'
2026-03-05T10:42:54.398+05:30 TRACE 24928 --- [Java-SLF4J] [main] o.s.b.f.s.DefaultListableBeanFactory     : Creating instance of bean 'org.springframework.boot.autoconfigure.task.TaskExecutionAutoConfiguration'
2026-03-05T10:42:54.398+05:30 TRACE 24928 --- [Java-SLF4J] [main] o.s.b.f.s.DefaultListableBeanFactory     : Finished creating instance of bean 'org.springframework.boot.autoconfigure.task.TaskExecutionAutoConfiguration'
2026-03-05T10:42:54.398+05:30 TRACE 24928 --- [Java-SLF4J] [main] o.s.b.f.s.DefaultListableBeanFactory     : Returning cached instance of singleton bean 'spring.task.execution-org.springframework.boot.autoconfigure.task.TaskExecutionProperties'
2026-03-05T10:42:54.398+05:30 DEBUG 24928 --- [Java-SLF4J] [main] o.s.b.f.s.DefaultListableBeanFactory     : Creating shared instance of singleton bean 'org.springframework.boot.webmvc.autoconfigure.error.ErrorMvcAutoConfiguration$WhitelabelErrorViewConfiguration'
2026-03-05T10:42:54.398+05:30 TRACE 24928 --- [Java-SLF4J] [main] o.s.b.f.s.DefaultListableBeanFactory     : Creating instance of bean 'org.springframework.boot.webmvc.autoconfigure.error.ErrorMvcAutoConfiguration$WhitelabelErrorViewConfiguration'
2026-03-05T10:42:54.400+05:30 TRACE 24928 --- [Java-SLF4J] [main] o.s.b.f.s.DefaultListableBeanFactory     : Finished creating instance of bean 'org.springframework.boot.webmvc.autoconfigure.error.ErrorMvcAutoConfiguration$WhitelabelErrorViewConfiguration'
2026-03-05T10:42:54.400+05:30 DEBUG 24928 --- [Java-SLF4J] [main] o.s.b.f.s.DefaultListableBeanFactory     : Creating shared instance of singleton bean 'error'
2026-03-05T10:42:54.400+05:30 TRACE 24928 --- [Java-SLF4J] [main] o.s.b.f.s.DefaultListableBeanFactory     : Creating instance of bean 'error'
2026-03-05T10:42:54.400+05:30 TRACE 24928 --- [Java-SLF4J] [main] o.s.b.f.s.DefaultListableBeanFactory     : Returning cached instance of singleton bean 'org.springframework.boot.webmvc.autoconfigure.error.ErrorMvcAutoConfiguration$WhitelabelErrorViewConfiguration'
2026-03-05T10:42:54.400+05:30 TRACE 24928 --- [Java-SLF4J] [main] o.s.b.f.s.DefaultListableBeanFactory     : Finished creating instance of bean 'error'
2026-03-05T10:42:54.400+05:30 DEBUG 24928 --- [Java-SLF4J] [main] o.s.b.f.s.DefaultListableBeanFactory     : Creating shared instance of singleton bean 'beanNameViewResolver'
2026-03-05T10:42:54.400+05:30 TRACE 24928 --- [Java-SLF4J] [main] o.s.b.f.s.DefaultListableBeanFactory     : Creating instance of bean 'beanNameViewResolver'
2026-03-05T10:42:54.400+05:30 TRACE 24928 --- [Java-SLF4J] [main] o.s.b.f.s.DefaultListableBeanFactory     : Returning cached instance of singleton bean 'org.springframework.boot.webmvc.autoconfigure.error.ErrorMvcAutoConfiguration$WhitelabelErrorViewConfiguration'
2026-03-05T10:42:54.401+05:30 TRACE 24928 --- [Java-SLF4J] [main] o.s.b.f.s.DefaultListableBeanFactory     : Finished creating instance of bean 'beanNameViewResolver'
2026-03-05T10:42:54.401+05:30 DEBUG 24928 --- [Java-SLF4J] [main] o.s.b.f.s.DefaultListableBeanFactory     : Creating shared instance of singleton bean 'org.springframework.boot.webmvc.autoconfigure.error.ErrorMvcAutoConfiguration$DefaultErrorViewResolverConfiguration'
2026-03-05T10:42:54.401+05:30 TRACE 24928 --- [Java-SLF4J] [main] o.s.b.f.s.DefaultListableBeanFactory     : Creating instance of bean 'org.springframework.boot.webmvc.autoconfigure.error.ErrorMvcAutoConfiguration$DefaultErrorViewResolverConfiguration'
2026-03-05T10:42:54.402+05:30 TRACE 24928 --- [Java-SLF4J] [main] o.s.b.f.s.DefaultListableBeanFactory     : Returning cached instance of singleton bean 'spring.web-org.springframework.boot.autoconfigure.web.WebProperties'
2026-03-05T10:42:54.402+05:30 DEBUG 24928 --- [Java-SLF4J] [main] o.s.b.f.s.DefaultListableBeanFactory     : Autowiring by type from bean name 'org.springframework.boot.webmvc.autoconfigure.error.ErrorMvcAutoConfiguration$DefaultErrorViewResolverConfiguration' via constructor to bean named 'org.springframework.boot.web.server.servlet.context.AnnotationConfigServletWebServerApplicationContext@7aaca91a'
2026-03-05T10:42:54.402+05:30 DEBUG 24928 --- [Java-SLF4J] [main] o.s.b.f.s.DefaultListableBeanFactory     : Autowiring by type from bean name 'org.springframework.boot.webmvc.autoconfigure.error.ErrorMvcAutoConfiguration$DefaultErrorViewResolverConfiguration' via constructor to bean named 'spring.web-org.springframework.boot.autoconfigure.web.WebProperties'
2026-03-05T10:42:54.402+05:30 TRACE 24928 --- [Java-SLF4J] [main] o.s.b.f.s.DefaultListableBeanFactory     : Finished creating instance of bean 'org.springframework.boot.webmvc.autoconfigure.error.ErrorMvcAutoConfiguration$DefaultErrorViewResolverConfiguration'
2026-03-05T10:42:54.402+05:30 DEBUG 24928 --- [Java-SLF4J] [main] o.s.b.f.s.DefaultListableBeanFactory     : Creating shared instance of singleton bean 'conventionErrorViewResolver'
2026-03-05T10:42:54.402+05:30 TRACE 24928 --- [Java-SLF4J] [main] o.s.b.f.s.DefaultListableBeanFactory     : Creating instance of bean 'conventionErrorViewResolver'
2026-03-05T10:42:54.402+05:30 TRACE 24928 --- [Java-SLF4J] [main] o.s.b.f.s.DefaultListableBeanFactory     : Returning cached instance of singleton bean 'org.springframework.boot.webmvc.autoconfigure.error.ErrorMvcAutoConfiguration$DefaultErrorViewResolverConfiguration'
2026-03-05T10:42:54.403+05:30 TRACE 24928 --- [Java-SLF4J] [main] o.s.c.io.support.SpringFactoriesLoader   : Loaded [org.springframework.boot.autoconfigure.template.TemplateAvailabilityProvider] names: [org.springframework.boot.webmvc.autoconfigure.JspTemplateAvailabilityProvider]
2026-03-05T10:42:54.404+05:30 TRACE 24928 --- [Java-SLF4J] [main] o.s.b.f.s.DefaultListableBeanFactory     : Finished creating instance of bean 'conventionErrorViewResolver'
2026-03-05T10:42:54.404+05:30 TRACE 24928 --- [Java-SLF4J] [main] o.s.b.f.s.DefaultListableBeanFactory     : Returning cached instance of singleton bean 'org.springframework.boot.webmvc.autoconfigure.error.ErrorMvcAutoConfiguration'
2026-03-05T10:42:54.404+05:30 DEBUG 24928 --- [Java-SLF4J] [main] o.s.b.f.s.DefaultListableBeanFactory     : Creating shared instance of singleton bean 'errorAttributes'
2026-03-05T10:42:54.404+05:30 TRACE 24928 --- [Java-SLF4J] [main] o.s.b.f.s.DefaultListableBeanFactory     : Creating instance of bean 'errorAttributes'
2026-03-05T10:42:54.404+05:30 TRACE 24928 --- [Java-SLF4J] [main] o.s.b.f.s.DefaultListableBeanFactory     : Returning cached instance of singleton bean 'org.springframework.boot.webmvc.autoconfigure.error.ErrorMvcAutoConfiguration'
2026-03-05T10:42:54.405+05:30 TRACE 24928 --- [Java-SLF4J] [main] o.s.b.f.s.DefaultListableBeanFactory     : Finished creating instance of bean 'errorAttributes'
2026-03-05T10:42:54.405+05:30 DEBUG 24928 --- [Java-SLF4J] [main] o.s.b.f.s.DefaultListableBeanFactory     : Creating shared instance of singleton bean 'basicErrorController'
2026-03-05T10:42:54.405+05:30 TRACE 24928 --- [Java-SLF4J] [main] o.s.b.f.s.DefaultListableBeanFactory     : Creating instance of bean 'basicErrorController'
2026-03-05T10:42:54.405+05:30 TRACE 24928 --- [Java-SLF4J] [main] o.s.b.f.s.DefaultListableBeanFactory     : Returning cached instance of singleton bean 'org.springframework.boot.webmvc.autoconfigure.error.ErrorMvcAutoConfiguration'
2026-03-05T10:42:54.405+05:30 TRACE 24928 --- [Java-SLF4J] [main] o.s.b.f.s.DefaultListableBeanFactory     : Returning cached instance of singleton bean 'errorAttributes'
2026-03-05T10:42:54.405+05:30 DEBUG 24928 --- [Java-SLF4J] [main] o.s.b.f.s.DefaultListableBeanFactory     : Autowiring by type from bean name 'basicErrorController' via factory method to bean named 'errorAttributes'
2026-03-05T10:42:54.406+05:30 TRACE 24928 --- [Java-SLF4J] [main] o.s.b.f.s.DefaultListableBeanFactory     : Returning cached instance of singleton bean 'conventionErrorViewResolver'
2026-03-05T10:42:54.406+05:30 TRACE 24928 --- [Java-SLF4J] [main] o.s.b.f.s.DefaultListableBeanFactory     : Returning cached instance of singleton bean 'conventionErrorViewResolver'
2026-03-05T10:42:54.410+05:30 TRACE 24928 --- [Java-SLF4J] [main] o.s.b.f.s.DefaultListableBeanFactory     : Finished creating instance of bean 'basicErrorController'
2026-03-05T10:42:54.410+05:30 TRACE 24928 --- [Java-SLF4J] [main] o.s.b.f.s.DefaultListableBeanFactory     : Returning cached instance of singleton bean 'errorPageCustomizer'
2026-03-05T10:42:54.410+05:30 TRACE 24928 --- [Java-SLF4J] [main] o.s.b.f.s.DefaultListableBeanFactory     : Returning cached instance of singleton bean 'preserveErrorControllerTargetClassPostProcessor'
2026-03-05T10:42:54.410+05:30 TRACE 24928 --- [Java-SLF4J] [main] o.s.b.f.s.DefaultListableBeanFactory     : Returning cached instance of singleton bean 'spring.web-org.springframework.boot.autoconfigure.web.WebProperties'
2026-03-05T10:42:54.410+05:30 DEBUG 24928 --- [Java-SLF4J] [main] o.s.b.f.s.DefaultListableBeanFactory     : Creating shared instance of singleton bean 'org.springframework.boot.webmvc.autoconfigure.WebMvcAutoConfiguration$EnableWebMvcConfiguration'
2026-03-05T10:42:54.410+05:30 TRACE 24928 --- [Java-SLF4J] [main] o.s.b.f.s.DefaultListableBeanFactory     : Creating instance of bean 'org.springframework.boot.webmvc.autoconfigure.WebMvcAutoConfiguration$EnableWebMvcConfiguration'
2026-03-05T10:42:54.410+05:30 TRACE 24928 --- [Java-SLF4J] [main] o.s.b.f.s.DefaultListableBeanFactory     : Returning cached instance of singleton bean 'spring.mvc-org.springframework.boot.webmvc.autoconfigure.WebMvcProperties'
2026-03-05T10:42:54.411+05:30 TRACE 24928 --- [Java-SLF4J] [main] o.s.b.f.s.DefaultListableBeanFactory     : Returning cached instance of singleton bean 'spring.web-org.springframework.boot.autoconfigure.web.WebProperties'
2026-03-05T10:42:54.411+05:30 DEBUG 24928 --- [Java-SLF4J] [main] o.s.b.f.s.DefaultListableBeanFactory     : Autowiring by type from bean name 'org.springframework.boot.webmvc.autoconfigure.WebMvcAutoConfiguration$EnableWebMvcConfiguration' via constructor to bean named 'spring.mvc-org.springframework.boot.webmvc.autoconfigure.WebMvcProperties'
2026-03-05T10:42:54.411+05:30 DEBUG 24928 --- [Java-SLF4J] [main] o.s.b.f.s.DefaultListableBeanFactory     : Autowiring by type from bean name 'org.springframework.boot.webmvc.autoconfigure.WebMvcAutoConfiguration$EnableWebMvcConfiguration' via constructor to bean named 'spring.web-org.springframework.boot.autoconfigure.web.WebProperties'
2026-03-05T10:42:54.411+05:30 DEBUG 24928 --- [Java-SLF4J] [main] o.s.b.f.s.DefaultListableBeanFactory     : Autowiring by type from bean name 'org.springframework.boot.webmvc.autoconfigure.WebMvcAutoConfiguration$EnableWebMvcConfiguration' via constructor to bean named 'org.springframework.beans.factory.support.DefaultListableBeanFactory@77a7cf58'
2026-03-05T10:42:54.413+05:30 TRACE 24928 --- [Java-SLF4J] [main] o.s.beans.CachedIntrospectionResults     : Getting BeanInfo for class [org.springframework.boot.webmvc.autoconfigure.WebMvcAutoConfiguration$EnableWebMvcConfiguration]
2026-03-05T10:42:54.414+05:30 TRACE 24928 --- [Java-SLF4J] [main] o.s.beans.CachedIntrospectionResults     : Caching PropertyDescriptors for class [org.springframework.boot.webmvc.autoconfigure.WebMvcAutoConfiguration$EnableWebMvcConfiguration]
2026-03-05T10:42:54.414+05:30 TRACE 24928 --- [Java-SLF4J] [main] o.s.beans.CachedIntrospectionResults     : Found bean property 'applicationContext' of type [org.springframework.context.ApplicationContext]
2026-03-05T10:42:54.414+05:30 TRACE 24928 --- [Java-SLF4J] [main] o.s.beans.CachedIntrospectionResults     : Found bean property 'class' of type [java.lang.Class]
2026-03-05T10:42:54.414+05:30 TRACE 24928 --- [Java-SLF4J] [main] o.s.beans.CachedIntrospectionResults     : Found bean property 'configurers' of type [java.util.List]
2026-03-05T10:42:54.414+05:30 TRACE 24928 --- [Java-SLF4J] [main] o.s.beans.CachedIntrospectionResults     : Found bean property 'resourceLoader' of type [org.springframework.core.io.ResourceLoader]
2026-03-05T10:42:54.414+05:30 TRACE 24928 --- [Java-SLF4J] [main] o.s.beans.CachedIntrospectionResults     : Found bean property 'servletContext' of type [jakarta.servlet.ServletContext]
2026-03-05T10:42:54.415+05:30 DEBUG 24928 --- [Java-SLF4J] [main] o.s.b.f.s.DefaultListableBeanFactory     : Creating shared instance of singleton bean 'org.springframework.boot.webmvc.autoconfigure.WebMvcAutoConfiguration$WebMvcAutoConfigurationAdapter'
2026-03-05T10:42:54.415+05:30 TRACE 24928 --- [Java-SLF4J] [main] o.s.b.f.s.DefaultListableBeanFactory     : Creating instance of bean 'org.springframework.boot.webmvc.autoconfigure.WebMvcAutoConfiguration$WebMvcAutoConfigurationAdapter'
2026-03-05T10:42:54.416+05:30 TRACE 24928 --- [Java-SLF4J] [main] o.s.b.f.s.DefaultListableBeanFactory     : Returning cached instance of singleton bean 'spring.web-org.springframework.boot.autoconfigure.web.WebProperties'
2026-03-05T10:42:54.416+05:30 TRACE 24928 --- [Java-SLF4J] [main] o.s.b.f.s.DefaultListableBeanFactory     : Returning cached instance of singleton bean 'spring.mvc-org.springframework.boot.webmvc.autoconfigure.WebMvcProperties'
2026-03-05T10:42:54.416+05:30 DEBUG 24928 --- [Java-SLF4J] [main] o.s.b.f.s.DefaultListableBeanFactory     : Autowiring by type from bean name 'org.springframework.boot.webmvc.autoconfigure.WebMvcAutoConfiguration$WebMvcAutoConfigurationAdapter' via constructor to bean named 'spring.web-org.springframework.boot.autoconfigure.web.WebProperties'
2026-03-05T10:42:54.416+05:30 DEBUG 24928 --- [Java-SLF4J] [main] o.s.b.f.s.DefaultListableBeanFactory     : Autowiring by type from bean name 'org.springframework.boot.webmvc.autoconfigure.WebMvcAutoConfiguration$WebMvcAutoConfigurationAdapter' via constructor to bean named 'spring.mvc-org.springframework.boot.webmvc.autoconfigure.WebMvcProperties'
2026-03-05T10:42:54.416+05:30 DEBUG 24928 --- [Java-SLF4J] [main] o.s.b.f.s.DefaultListableBeanFactory     : Autowiring by type from bean name 'org.springframework.boot.webmvc.autoconfigure.WebMvcAutoConfiguration$WebMvcAutoConfigurationAdapter' via constructor to bean named 'org.springframework.beans.factory.support.DefaultListableBeanFactory@77a7cf58'
2026-03-05T10:42:54.418+05:30 TRACE 24928 --- [Java-SLF4J] [main] o.s.b.f.s.DefaultListableBeanFactory     : Finished creating instance of bean 'org.springframework.boot.webmvc.autoconfigure.WebMvcAutoConfiguration$WebMvcAutoConfigurationAdapter'
2026-03-05T10:42:54.418+05:30 TRACE 24928 --- [Java-SLF4J] [main] f.a.AutowiredAnnotationBeanPostProcessor : Autowiring by type from bean name 'org.springframework.boot.webmvc.autoconfigure.WebMvcAutoConfiguration$EnableWebMvcConfiguration' to bean named 'org.springframework.boot.webmvc.autoconfigure.WebMvcAutoConfiguration$WebMvcAutoConfigurationAdapter'
2026-03-05T10:42:54.419+05:30 TRACE 24928 --- [Java-SLF4J] [main] o.s.b.f.s.DefaultListableBeanFactory     : Finished creating instance of bean 'org.springframework.boot.webmvc.autoconfigure.WebMvcAutoConfiguration$EnableWebMvcConfiguration'
2026-03-05T10:42:54.419+05:30 DEBUG 24928 --- [Java-SLF4J] [main] o.s.b.f.s.DefaultListableBeanFactory     : Creating shared instance of singleton bean 'welcomePageHandlerMapping'
2026-03-05T10:42:54.419+05:30 TRACE 24928 --- [Java-SLF4J] [main] o.s.b.f.s.DefaultListableBeanFactory     : Creating instance of bean 'welcomePageHandlerMapping'
2026-03-05T10:42:54.419+05:30 TRACE 24928 --- [Java-SLF4J] [main] o.s.b.f.s.DefaultListableBeanFactory     : Returning cached instance of singleton bean 'org.springframework.boot.webmvc.autoconfigure.WebMvcAutoConfiguration$EnableWebMvcConfiguration'
2026-03-05T10:42:54.419+05:30 DEBUG 24928 --- [Java-SLF4J] [main] o.s.b.f.s.DefaultListableBeanFactory     : Creating shared instance of singleton bean 'mvcConversionService'
2026-03-05T10:42:54.419+05:30 TRACE 24928 --- [Java-SLF4J] [main] o.s.b.f.s.DefaultListableBeanFactory     : Creating instance of bean 'mvcConversionService'
2026-03-05T10:42:54.419+05:30 TRACE 24928 --- [Java-SLF4J] [main] o.s.b.f.s.DefaultListableBeanFactory     : Returning cached instance of singleton bean 'org.springframework.boot.webmvc.autoconfigure.WebMvcAutoConfiguration$EnableWebMvcConfiguration'
2026-03-05T10:42:54.420+05:30 TRACE 24928 --- [Java-SLF4J] [main] o.s.b.f.s.DefaultListableBeanFactory     : Finished creating instance of bean 'mvcConversionService'
2026-03-05T10:42:54.421+05:30 DEBUG 24928 --- [Java-SLF4J] [main] o.s.b.f.s.DefaultListableBeanFactory     : Creating shared instance of singleton bean 'mvcResourceUrlProvider'
2026-03-05T10:42:54.421+05:30 TRACE 24928 --- [Java-SLF4J] [main] o.s.b.f.s.DefaultListableBeanFactory     : Creating instance of bean 'mvcResourceUrlProvider'
2026-03-05T10:42:54.421+05:30 TRACE 24928 --- [Java-SLF4J] [main] o.s.b.f.s.DefaultListableBeanFactory     : Returning cached instance of singleton bean 'org.springframework.boot.webmvc.autoconfigure.WebMvcAutoConfiguration$EnableWebMvcConfiguration'
2026-03-05T10:42:54.422+05:30 TRACE 24928 --- [Java-SLF4J] [main] o.s.b.f.s.DefaultListableBeanFactory     : Finished creating instance of bean 'mvcResourceUrlProvider'
2026-03-05T10:42:54.422+05:30 DEBUG 24928 --- [Java-SLF4J] [main] o.s.b.f.s.DefaultListableBeanFactory     : Autowiring by type from bean name 'welcomePageHandlerMapping' via factory method to bean named 'org.springframework.boot.web.server.servlet.context.AnnotationConfigServletWebServerApplicationContext@7aaca91a'
2026-03-05T10:42:54.422+05:30 DEBUG 24928 --- [Java-SLF4J] [main] o.s.b.f.s.DefaultListableBeanFactory     : Autowiring by type from bean name 'welcomePageHandlerMapping' via factory method to bean named 'mvcConversionService'
2026-03-05T10:42:54.422+05:30 DEBUG 24928 --- [Java-SLF4J] [main] o.s.b.f.s.DefaultListableBeanFactory     : Autowiring by type from bean name 'welcomePageHandlerMapping' via factory method to bean named 'mvcResourceUrlProvider'
2026-03-05T10:42:54.424+05:30 TRACE 24928 --- [Java-SLF4J] [main] o.s.c.io.support.SpringFactoriesLoader   : Loaded [org.springframework.boot.autoconfigure.template.TemplateAvailabilityProvider] names: [org.springframework.boot.webmvc.autoconfigure.JspTemplateAvailabilityProvider]
2026-03-05T10:42:54.425+05:30 DEBUG 24928 --- [Java-SLF4J] [main] org.apache.catalina.webresources.Cache   : Increased cache size by [521] for item [org.apache.catalina.webresources.CachedResource@eca6a74] at [/index.html] making total cache size [1052]
2026-03-05T10:42:54.433+05:30 TRACE 24928 --- [Java-SLF4J] [main] o.s.b.f.s.DefaultListableBeanFactory     : Finished creating instance of bean 'welcomePageHandlerMapping'
2026-03-05T10:42:54.433+05:30 DEBUG 24928 --- [Java-SLF4J] [main] o.s.b.f.s.DefaultListableBeanFactory     : Creating shared instance of singleton bean 'welcomePageNotAcceptableHandlerMapping'
2026-03-05T10:42:54.433+05:30 TRACE 24928 --- [Java-SLF4J] [main] o.s.b.f.s.DefaultListableBeanFactory     : Creating instance of bean 'welcomePageNotAcceptableHandlerMapping'
2026-03-05T10:42:54.433+05:30 TRACE 24928 --- [Java-SLF4J] [main] o.s.b.f.s.DefaultListableBeanFactory     : Returning cached instance of singleton bean 'org.springframework.boot.webmvc.autoconfigure.WebMvcAutoConfiguration$EnableWebMvcConfiguration'
2026-03-05T10:42:54.433+05:30 TRACE 24928 --- [Java-SLF4J] [main] o.s.b.f.s.DefaultListableBeanFactory     : Returning cached instance of singleton bean 'mvcConversionService'
2026-03-05T10:42:54.433+05:30 TRACE 24928 --- [Java-SLF4J] [main] o.s.b.f.s.DefaultListableBeanFactory     : Returning cached instance of singleton bean 'mvcResourceUrlProvider'
2026-03-05T10:42:54.433+05:30 DEBUG 24928 --- [Java-SLF4J] [main] o.s.b.f.s.DefaultListableBeanFactory     : Autowiring by type from bean name 'welcomePageNotAcceptableHandlerMapping' via factory method to bean named 'org.springframework.boot.web.server.servlet.context.AnnotationConfigServletWebServerApplicationContext@7aaca91a'
2026-03-05T10:42:54.433+05:30 DEBUG 24928 --- [Java-SLF4J] [main] o.s.b.f.s.DefaultListableBeanFactory     : Autowiring by type from bean name 'welcomePageNotAcceptableHandlerMapping' via factory method to bean named 'mvcConversionService'
2026-03-05T10:42:54.433+05:30 DEBUG 24928 --- [Java-SLF4J] [main] o.s.b.f.s.DefaultListableBeanFactory     : Autowiring by type from bean name 'welcomePageNotAcceptableHandlerMapping' via factory method to bean named 'mvcResourceUrlProvider'
2026-03-05T10:42:54.433+05:30 TRACE 24928 --- [Java-SLF4J] [main] o.s.c.io.support.SpringFactoriesLoader   : Loaded [org.springframework.boot.autoconfigure.template.TemplateAvailabilityProvider] names: [org.springframework.boot.webmvc.autoconfigure.JspTemplateAvailabilityProvider]
2026-03-05T10:42:54.435+05:30 TRACE 24928 --- [Java-SLF4J] [main] o.s.b.f.s.DefaultListableBeanFactory     : Finished creating instance of bean 'welcomePageNotAcceptableHandlerMapping'
2026-03-05T10:42:54.435+05:30 DEBUG 24928 --- [Java-SLF4J] [main] o.s.b.f.s.DefaultListableBeanFactory     : Creating shared instance of singleton bean 'localeResolver'
2026-03-05T10:42:54.435+05:30 TRACE 24928 --- [Java-SLF4J] [main] o.s.b.f.s.DefaultListableBeanFactory     : Creating instance of bean 'localeResolver'
2026-03-05T10:42:54.435+05:30 TRACE 24928 --- [Java-SLF4J] [main] o.s.b.f.s.DefaultListableBeanFactory     : Returning cached instance of singleton bean 'org.springframework.boot.webmvc.autoconfigure.WebMvcAutoConfiguration$EnableWebMvcConfiguration'
2026-03-05T10:42:54.435+05:30 TRACE 24928 --- [Java-SLF4J] [main] o.s.b.f.s.DefaultListableBeanFactory     : Finished creating instance of bean 'localeResolver'
2026-03-05T10:42:54.435+05:30 DEBUG 24928 --- [Java-SLF4J] [main] o.s.b.f.s.DefaultListableBeanFactory     : Creating shared instance of singleton bean 'flashMapManager'
2026-03-05T10:42:54.435+05:30 TRACE 24928 --- [Java-SLF4J] [main] o.s.b.f.s.DefaultListableBeanFactory     : Creating instance of bean 'flashMapManager'
2026-03-05T10:42:54.435+05:30 TRACE 24928 --- [Java-SLF4J] [main] o.s.b.f.s.DefaultListableBeanFactory     : Returning cached instance of singleton bean 'org.springframework.boot.webmvc.autoconfigure.WebMvcAutoConfiguration$EnableWebMvcConfiguration'
2026-03-05T10:42:54.436+05:30 TRACE 24928 --- [Java-SLF4J] [main] o.s.b.f.s.DefaultListableBeanFactory     : Finished creating instance of bean 'flashMapManager'
2026-03-05T10:42:54.436+05:30 DEBUG 24928 --- [Java-SLF4J] [main] o.s.b.f.s.DefaultListableBeanFactory     : Creating shared instance of singleton bean 'viewNameTranslator'
2026-03-05T10:42:54.438+05:30 TRACE 24928 --- [Java-SLF4J] [main] o.s.b.f.s.DefaultListableBeanFactory     : Creating instance of bean 'viewNameTranslator'
2026-03-05T10:42:54.438+05:30 TRACE 24928 --- [Java-SLF4J] [main] o.s.b.f.s.DefaultListableBeanFactory     : Returning cached instance of singleton bean 'org.springframework.boot.webmvc.autoconfigure.WebMvcAutoConfiguration$EnableWebMvcConfiguration'
2026-03-05T10:42:54.438+05:30 TRACE 24928 --- [Java-SLF4J] [main] o.s.b.f.s.DefaultListableBeanFactory     : Finished creating instance of bean 'viewNameTranslator'
2026-03-05T10:42:54.438+05:30 TRACE 24928 --- [Java-SLF4J] [main] o.s.b.f.s.DefaultListableBeanFactory     : Returning cached instance of singleton bean 'mvcConversionService'
2026-03-05T10:42:54.438+05:30 DEBUG 24928 --- [Java-SLF4J] [main] o.s.b.f.s.DefaultListableBeanFactory     : Creating shared instance of singleton bean 'mvcValidator'
2026-03-05T10:42:54.438+05:30 TRACE 24928 --- [Java-SLF4J] [main] o.s.b.f.s.DefaultListableBeanFactory     : Creating instance of bean 'mvcValidator'
2026-03-05T10:42:54.438+05:30 TRACE 24928 --- [Java-SLF4J] [main] o.s.b.f.s.DefaultListableBeanFactory     : Returning cached instance of singleton bean 'org.springframework.boot.webmvc.autoconfigure.WebMvcAutoConfiguration$EnableWebMvcConfiguration'
2026-03-05T10:42:54.439+05:30 TRACE 24928 --- [Java-SLF4J] [main] o.s.b.f.s.DefaultListableBeanFactory     : Finished creating instance of bean 'mvcValidator'
2026-03-05T10:42:54.439+05:30 DEBUG 24928 --- [Java-SLF4J] [main] o.s.b.f.s.DefaultListableBeanFactory     : Creating shared instance of singleton bean 'requestMappingHandlerMapping'
2026-03-05T10:42:54.439+05:30 TRACE 24928 --- [Java-SLF4J] [main] o.s.b.f.s.DefaultListableBeanFactory     : Creating instance of bean 'requestMappingHandlerMapping'
2026-03-05T10:42:54.439+05:30 TRACE 24928 --- [Java-SLF4J] [main] o.s.b.f.s.DefaultListableBeanFactory     : Returning cached instance of singleton bean 'org.springframework.boot.webmvc.autoconfigure.WebMvcAutoConfiguration$EnableWebMvcConfiguration'
2026-03-05T10:42:54.441+05:30 DEBUG 24928 --- [Java-SLF4J] [main] o.s.b.f.s.DefaultListableBeanFactory     : Creating shared instance of singleton bean 'mvcContentNegotiationManager'
2026-03-05T10:42:54.441+05:30 TRACE 24928 --- [Java-SLF4J] [main] o.s.b.f.s.DefaultListableBeanFactory     : Creating instance of bean 'mvcContentNegotiationManager'
2026-03-05T10:42:54.441+05:30 TRACE 24928 --- [Java-SLF4J] [main] o.s.b.f.s.DefaultListableBeanFactory     : Returning cached instance of singleton bean 'org.springframework.boot.webmvc.autoconfigure.WebMvcAutoConfiguration$EnableWebMvcConfiguration'
2026-03-05T10:42:54.442+05:30 DEBUG 24928 --- [Java-SLF4J] [main] o.s.b.f.s.DefaultListableBeanFactory     : Creating shared instance of singleton bean 'stringHttpMessageConvertersCustomizer'
2026-03-05T10:42:54.442+05:30 TRACE 24928 --- [Java-SLF4J] [main] o.s.b.f.s.DefaultListableBeanFactory     : Creating instance of bean 'stringHttpMessageConvertersCustomizer'
2026-03-05T10:42:54.442+05:30 DEBUG 24928 --- [Java-SLF4J] [main] o.s.b.f.s.DefaultListableBeanFactory     : Creating shared instance of singleton bean 'org.springframework.boot.http.converter.autoconfigure.HttpMessageConvertersAutoConfiguration$StringHttpMessageConverterConfiguration'
2026-03-05T10:42:54.442+05:30 TRACE 24928 --- [Java-SLF4J] [main] o.s.b.f.s.DefaultListableBeanFactory     : Creating instance of bean 'org.springframework.boot.http.converter.autoconfigure.HttpMessageConvertersAutoConfiguration$StringHttpMessageConverterConfiguration'
2026-03-05T10:42:54.442+05:30 TRACE 24928 --- [Java-SLF4J] [main] o.s.b.f.s.DefaultListableBeanFactory     : Finished creating instance of bean 'org.springframework.boot.http.converter.autoconfigure.HttpMessageConvertersAutoConfiguration$StringHttpMessageConverterConfiguration'
2026-03-05T10:42:54.443+05:30 DEBUG 24928 --- [Java-SLF4J] [main] o.s.b.f.s.DefaultListableBeanFactory     : Creating shared instance of singleton bean 'spring.http.converters-org.springframework.boot.http.converter.autoconfigure.HttpMessageConvertersProperties'
2026-03-05T10:42:54.443+05:30 TRACE 24928 --- [Java-SLF4J] [main] o.s.b.f.s.DefaultListableBeanFactory     : Creating instance of bean 'spring.http.converters-org.springframework.boot.http.converter.autoconfigure.HttpMessageConvertersProperties'
2026-03-05T10:42:54.443+05:30 TRACE 24928 --- [Java-SLF4J] [main] o.s.b.f.s.DefaultListableBeanFactory     : Returning cached instance of singleton bean 'org.springframework.boot.context.properties.BoundConfigurationProperties'
2026-03-05T10:42:54.443+05:30 TRACE 24928 --- [Java-SLF4J] [main] o.s.b.f.s.DefaultListableBeanFactory     : Finished creating instance of bean 'spring.http.converters-org.springframework.boot.http.converter.autoconfigure.HttpMessageConvertersProperties'
2026-03-05T10:42:54.443+05:30 DEBUG 24928 --- [Java-SLF4J] [main] o.s.b.f.s.DefaultListableBeanFactory     : Autowiring by type from bean name 'stringHttpMessageConvertersCustomizer' via factory method to bean named 'spring.http.converters-org.springframework.boot.http.converter.autoconfigure.HttpMessageConvertersProperties'
2026-03-05T10:42:54.443+05:30 TRACE 24928 --- [Java-SLF4J] [main] o.s.b.f.s.DefaultListableBeanFactory     : Finished creating instance of bean 'stringHttpMessageConvertersCustomizer'
2026-03-05T10:42:54.444+05:30 DEBUG 24928 --- [Java-SLF4J] [main] o.s.b.f.s.DefaultListableBeanFactory     : Creating shared instance of singleton bean 'jacksonJsonHttpMessageConvertersCustomizer'
2026-03-05T10:42:54.444+05:30 TRACE 24928 --- [Java-SLF4J] [main] o.s.b.f.s.DefaultListableBeanFactory     : Creating instance of bean 'jacksonJsonHttpMessageConvertersCustomizer'
2026-03-05T10:42:54.444+05:30 DEBUG 24928 --- [Java-SLF4J] [main] o.s.b.f.s.DefaultListableBeanFactory     : Creating shared instance of singleton bean 'org.springframework.boot.http.converter.autoconfigure.JacksonHttpMessageConvertersConfiguration$JacksonJsonHttpMessageConverterConfiguration'
2026-03-05T10:42:54.444+05:30 TRACE 24928 --- [Java-SLF4J] [main] o.s.b.f.s.DefaultListableBeanFactory     : Creating instance of bean 'org.springframework.boot.http.converter.autoconfigure.JacksonHttpMessageConvertersConfiguration$JacksonJsonHttpMessageConverterConfiguration'
2026-03-05T10:42:54.444+05:30 TRACE 24928 --- [Java-SLF4J] [main] o.s.b.f.s.DefaultListableBeanFactory     : Finished creating instance of bean 'org.springframework.boot.http.converter.autoconfigure.JacksonHttpMessageConvertersConfiguration$JacksonJsonHttpMessageConverterConfiguration'
2026-03-05T10:42:54.444+05:30 DEBUG 24928 --- [Java-SLF4J] [main] o.s.b.f.s.DefaultListableBeanFactory     : Creating shared instance of singleton bean 'jacksonJsonMapper'
2026-03-05T10:42:54.444+05:30 TRACE 24928 --- [Java-SLF4J] [main] o.s.b.f.s.DefaultListableBeanFactory     : Creating instance of bean 'jacksonJsonMapper'
2026-03-05T10:42:54.444+05:30 DEBUG 24928 --- [Java-SLF4J] [main] o.s.b.f.s.DefaultListableBeanFactory     : Creating shared instance of singleton bean 'org.springframework.boot.jackson.autoconfigure.JacksonAutoConfiguration'
2026-03-05T10:42:54.444+05:30 TRACE 24928 --- [Java-SLF4J] [main] o.s.b.f.s.DefaultListableBeanFactory     : Creating instance of bean 'org.springframework.boot.jackson.autoconfigure.JacksonAutoConfiguration'
2026-03-05T10:42:54.444+05:30 TRACE 24928 --- [Java-SLF4J] [main] o.s.b.f.s.DefaultListableBeanFactory     : Finished creating instance of bean 'org.springframework.boot.jackson.autoconfigure.JacksonAutoConfiguration'
2026-03-05T10:42:54.445+05:30 TRACE 24928 --- [Java-SLF4J] [main] o.s.b.f.s.DefaultListableBeanFactory     : Creating instance of bean 'jsonMapperBuilder'
2026-03-05T10:42:54.445+05:30 TRACE 24928 --- [Java-SLF4J] [main] o.s.b.f.s.DefaultListableBeanFactory     : Returning cached instance of singleton bean 'org.springframework.boot.jackson.autoconfigure.JacksonAutoConfiguration'
2026-03-05T10:42:54.445+05:30 DEBUG 24928 --- [Java-SLF4J] [main] o.s.b.f.s.DefaultListableBeanFactory     : Creating shared instance of singleton bean 'problemDetailJsonMapperBuilderCustomizer'
2026-03-05T10:42:54.445+05:30 TRACE 24928 --- [Java-SLF4J] [main] o.s.b.f.s.DefaultListableBeanFactory     : Creating instance of bean 'problemDetailJsonMapperBuilderCustomizer'
2026-03-05T10:42:54.445+05:30 DEBUG 24928 --- [Java-SLF4J] [main] o.s.b.f.s.DefaultListableBeanFactory     : Creating shared instance of singleton bean 'org.springframework.boot.jackson.autoconfigure.JacksonAutoConfiguration$JsonProblemDetailsConfiguration'
2026-03-05T10:42:54.445+05:30 TRACE 24928 --- [Java-SLF4J] [main] o.s.b.f.s.DefaultListableBeanFactory     : Creating instance of bean 'org.springframework.boot.jackson.autoconfigure.JacksonAutoConfiguration$JsonProblemDetailsConfiguration'
2026-03-05T10:42:54.445+05:30 TRACE 24928 --- [Java-SLF4J] [main] o.s.b.f.s.DefaultListableBeanFactory     : Finished creating instance of bean 'org.springframework.boot.jackson.autoconfigure.JacksonAutoConfiguration$JsonProblemDetailsConfiguration'
2026-03-05T10:42:54.446+05:30 TRACE 24928 --- [Java-SLF4J] [main] o.s.b.f.s.DefaultListableBeanFactory     : Finished creating instance of bean 'problemDetailJsonMapperBuilderCustomizer'
2026-03-05T10:42:54.446+05:30 DEBUG 24928 --- [Java-SLF4J] [main] o.s.b.f.s.DefaultListableBeanFactory     : Creating shared instance of singleton bean 'standardJsonMapperBuilderCustomizer'
2026-03-05T10:42:54.446+05:30 TRACE 24928 --- [Java-SLF4J] [main] o.s.b.f.s.DefaultListableBeanFactory     : Creating instance of bean 'standardJsonMapperBuilderCustomizer'
2026-03-05T10:42:54.446+05:30 DEBUG 24928 --- [Java-SLF4J] [main] o.s.b.f.s.DefaultListableBeanFactory     : Creating shared instance of singleton bean 'org.springframework.boot.jackson.autoconfigure.JacksonAutoConfiguration$JacksonJsonMapperBuilderCustomizerConfiguration'
2026-03-05T10:42:54.446+05:30 TRACE 24928 --- [Java-SLF4J] [main] o.s.b.f.s.DefaultListableBeanFactory     : Creating instance of bean 'org.springframework.boot.jackson.autoconfigure.JacksonAutoConfiguration$JacksonJsonMapperBuilderCustomizerConfiguration'
2026-03-05T10:42:54.446+05:30 TRACE 24928 --- [Java-SLF4J] [main] o.s.b.f.s.DefaultListableBeanFactory     : Finished creating instance of bean 'org.springframework.boot.jackson.autoconfigure.JacksonAutoConfiguration$JacksonJsonMapperBuilderCustomizerConfiguration'
2026-03-05T10:42:54.446+05:30 DEBUG 24928 --- [Java-SLF4J] [main] o.s.b.f.s.DefaultListableBeanFactory     : Creating shared instance of singleton bean 'spring.jackson-org.springframework.boot.jackson.autoconfigure.JacksonProperties'
2026-03-05T10:42:54.446+05:30 TRACE 24928 --- [Java-SLF4J] [main] o.s.b.f.s.DefaultListableBeanFactory     : Creating instance of bean 'spring.jackson-org.springframework.boot.jackson.autoconfigure.JacksonProperties'
2026-03-05T10:42:54.447+05:30 TRACE 24928 --- [Java-SLF4J] [main] o.s.b.f.s.DefaultListableBeanFactory     : Returning cached instance of singleton bean 'org.springframework.boot.context.properties.BoundConfigurationProperties'
2026-03-05T10:42:54.448+05:30 TRACE 24928 --- [Java-SLF4J] [main] o.s.b.f.s.DefaultListableBeanFactory     : Finished creating instance of bean 'spring.jackson-org.springframework.boot.jackson.autoconfigure.JacksonProperties'
2026-03-05T10:42:54.448+05:30 DEBUG 24928 --- [Java-SLF4J] [main] o.s.b.f.s.DefaultListableBeanFactory     : Autowiring by type from bean name 'standardJsonMapperBuilderCustomizer' via factory method to bean named 'spring.jackson-org.springframework.boot.jackson.autoconfigure.JacksonProperties'
2026-03-05T10:42:54.449+05:30 DEBUG 24928 --- [Java-SLF4J] [main] o.s.b.f.s.DefaultListableBeanFactory     : Creating shared instance of singleton bean 'jacksonMixinModule'
2026-03-05T10:42:54.449+05:30 TRACE 24928 --- [Java-SLF4J] [main] o.s.b.f.s.DefaultListableBeanFactory     : Creating instance of bean 'jacksonMixinModule'
2026-03-05T10:42:54.449+05:30 DEBUG 24928 --- [Java-SLF4J] [main] o.s.b.f.s.DefaultListableBeanFactory     : Creating shared instance of singleton bean 'org.springframework.boot.jackson.autoconfigure.JacksonAutoConfiguration$JacksonMixinConfiguration'
2026-03-05T10:42:54.449+05:30 TRACE 24928 --- [Java-SLF4J] [main] o.s.b.f.s.DefaultListableBeanFactory     : Creating instance of bean 'org.springframework.boot.jackson.autoconfigure.JacksonAutoConfiguration$JacksonMixinConfiguration'
2026-03-05T10:42:54.449+05:30 TRACE 24928 --- [Java-SLF4J] [main] o.s.b.f.s.DefaultListableBeanFactory     : Finished creating instance of bean 'org.springframework.boot.jackson.autoconfigure.JacksonAutoConfiguration$JacksonMixinConfiguration'
2026-03-05T10:42:54.450+05:30 DEBUG 24928 --- [Java-SLF4J] [main] o.s.b.f.s.DefaultListableBeanFactory     : Creating shared instance of singleton bean 'jacksonMixinModuleEntries'
2026-03-05T10:42:54.450+05:30 TRACE 24928 --- [Java-SLF4J] [main] o.s.b.f.s.DefaultListableBeanFactory     : Creating instance of bean 'jacksonMixinModuleEntries'
2026-03-05T10:42:54.450+05:30 DEBUG 24928 --- [Java-SLF4J] [main] o.s.b.f.s.DefaultListableBeanFactory     : Autowiring by type from bean name 'jacksonMixinModuleEntries' via factory method to bean named 'org.springframework.boot.web.server.servlet.context.AnnotationConfigServletWebServerApplicationContext@7aaca91a'
2026-03-05T10:42:54.450+05:30 TRACE 24928 --- [Java-SLF4J] [main] o.s.b.f.s.DefaultListableBeanFactory     : Returning cached instance of singleton bean 'org.springframework.boot.autoconfigure.AutoConfigurationPackages'
2026-03-05T10:42:54.450+05:30 DEBUG 24928 --- [Java-SLF4J] [main] o.s.b.a.AutoConfigurationPackages        : @EnableAutoConfiguration was declared on a class in the package 'com.dhyana.javaslf4j'. Automatic @Repository and @Entity scanning is enabled.
2026-03-05T10:42:54.450+05:30 TRACE 24928 --- [Java-SLF4J] [main] o.s.b.f.s.DefaultListableBeanFactory     : Returning cached instance of singleton bean 'org.springframework.boot.autoconfigure.AutoConfigurationPackages'
2026-03-05T10:42:54.451+05:30 TRACE 24928 --- [Java-SLF4J] [main] .i.s.PathMatchingResourcePatternResolver : Resolved module-path location pattern [com/dhyana/javaslf4j/**/*.class] to resources []
2026-03-05T10:42:54.451+05:30 TRACE 24928 --- [Java-SLF4J] [main] .i.s.PathMatchingResourcePatternResolver : Searching directory [D:\Java-SLF4J\target\classes\com\dhyana\javaslf4j] for files matching pattern [**/*.class]
2026-03-05T10:42:54.452+05:30 TRACE 24928 --- [Java-SLF4J] [main] .i.s.PathMatchingResourcePatternResolver : Resolved location pattern [classpath*:com/dhyana/javaslf4j/**/*.class] to resources [file [D:\Java-SLF4J\target\classes\com\dhyana\javaslf4j\BasicController.class], file [D:\Java-SLF4J\target\classes\com\dhyana\javaslf4j\JavaSlf4JApplication.class]]
2026-03-05T10:42:54.452+05:30 TRACE 24928 --- [Java-SLF4J] [main] duleEntries$JacksonMixinComponentScanner : Scanning file [D:\Java-SLF4J\target\classes\com\dhyana\javaslf4j\BasicController.class]
2026-03-05T10:42:54.452+05:30 TRACE 24928 --- [Java-SLF4J] [main] duleEntries$JacksonMixinComponentScanner : Ignored because not matching any filter: file [D:\Java-SLF4J\target\classes\com\dhyana\javaslf4j\BasicController.class]
2026-03-05T10:42:54.452+05:30 TRACE 24928 --- [Java-SLF4J] [main] duleEntries$JacksonMixinComponentScanner : Scanning file [D:\Java-SLF4J\target\classes\com\dhyana\javaslf4j\JavaSlf4JApplication.class]
2026-03-05T10:42:54.452+05:30 TRACE 24928 --- [Java-SLF4J] [main] duleEntries$JacksonMixinComponentScanner : Ignored because not matching any filter: file [D:\Java-SLF4J\target\classes\com\dhyana\javaslf4j\JavaSlf4JApplication.class]
2026-03-05T10:42:54.452+05:30 TRACE 24928 --- [Java-SLF4J] [main] o.s.b.f.s.DefaultListableBeanFactory     : Finished creating instance of bean 'jacksonMixinModuleEntries'
2026-03-05T10:42:54.452+05:30 DEBUG 24928 --- [Java-SLF4J] [main] o.s.b.f.s.DefaultListableBeanFactory     : Autowiring by type from bean name 'jacksonMixinModule' via factory method to bean named 'org.springframework.boot.web.server.servlet.context.AnnotationConfigServletWebServerApplicationContext@7aaca91a'
2026-03-05T10:42:54.452+05:30 DEBUG 24928 --- [Java-SLF4J] [main] o.s.b.f.s.DefaultListableBeanFactory     : Autowiring by type from bean name 'jacksonMixinModule' via factory method to bean named 'jacksonMixinModuleEntries'
2026-03-05T10:42:54.454+05:30 TRACE 24928 --- [Java-SLF4J] [main] o.s.b.f.s.DefaultListableBeanFactory     : Finished creating instance of bean 'jacksonMixinModule'
2026-03-05T10:42:54.454+05:30 DEBUG 24928 --- [Java-SLF4J] [main] o.s.b.f.s.DefaultListableBeanFactory     : Creating shared instance of singleton bean 'jsonComponentModule'
2026-03-05T10:42:54.454+05:30 TRACE 24928 --- [Java-SLF4J] [main] o.s.b.f.s.DefaultListableBeanFactory     : Creating instance of bean 'jsonComponentModule'
2026-03-05T10:42:54.454+05:30 TRACE 24928 --- [Java-SLF4J] [main] o.s.b.f.s.DefaultListableBeanFactory     : Returning cached instance of singleton bean 'org.springframework.boot.jackson.autoconfigure.JacksonAutoConfiguration'
2026-03-05T10:42:54.454+05:30 TRACE 24928 --- [Java-SLF4J] [main] o.s.b.f.s.DefaultListableBeanFactory     : Invoking afterPropertiesSet() on bean with name 'jsonComponentModule'
2026-03-05T10:42:54.456+05:30 TRACE 24928 --- [Java-SLF4J] [main] o.s.b.f.s.DefaultListableBeanFactory     : Finished creating instance of bean 'jsonComponentModule'
2026-03-05T10:42:54.457+05:30 TRACE 24928 --- [Java-SLF4J] [main] o.s.b.f.s.DefaultListableBeanFactory     : Finished creating instance of bean 'standardJsonMapperBuilderCustomizer'
2026-03-05T10:42:54.457+05:30 DEBUG 24928 --- [Java-SLF4J] [main] o.s.b.f.s.DefaultListableBeanFactory     : Autowiring by type from bean name 'jsonMapperBuilder' via factory method to bean named 'problemDetailJsonMapperBuilderCustomizer'
2026-03-05T10:42:54.457+05:30 DEBUG 24928 --- [Java-SLF4J] [main] o.s.b.f.s.DefaultListableBeanFactory     : Autowiring by type from bean name 'jsonMapperBuilder' via factory method to bean named 'standardJsonMapperBuilderCustomizer'
2026-03-05T10:42:54.461+05:30 TRACE 24928 --- [Java-SLF4J] [main] o.s.b.f.s.DefaultListableBeanFactory     : Finished creating instance of bean 'jsonMapperBuilder'
2026-03-05T10:42:54.461+05:30 DEBUG 24928 --- [Java-SLF4J] [main] o.s.b.f.s.DefaultListableBeanFactory     : Autowiring by type from bean name 'jacksonJsonMapper' via factory method to bean named 'jsonMapperBuilder'
2026-03-05T10:42:54.467+05:30 TRACE 24928 --- [Java-SLF4J] [main] o.s.b.f.s.DefaultListableBeanFactory     : Finished creating instance of bean 'jacksonJsonMapper'
2026-03-05T10:42:54.467+05:30 DEBUG 24928 --- [Java-SLF4J] [main] o.s.b.f.s.DefaultListableBeanFactory     : Autowiring by type from bean name 'jacksonJsonHttpMessageConvertersCustomizer' via factory method to bean named 'jacksonJsonMapper'
2026-03-05T10:42:54.468+05:30 TRACE 24928 --- [Java-SLF4J] [main] o.s.b.f.s.DefaultListableBeanFactory     : Finished creating instance of bean 'jacksonJsonHttpMessageConvertersCustomizer'
2026-03-05T10:42:54.468+05:30 DEBUG 24928 --- [Java-SLF4J] [main] o.s.b.f.s.DefaultListableBeanFactory     : Creating shared instance of singleton bean 'serverConvertersCustomizer'
2026-03-05T10:42:54.468+05:30 TRACE 24928 --- [Java-SLF4J] [main] o.s.b.f.s.DefaultListableBeanFactory     : Creating instance of bean 'serverConvertersCustomizer'
2026-03-05T10:42:54.468+05:30 DEBUG 24928 --- [Java-SLF4J] [main] o.s.b.f.s.DefaultListableBeanFactory     : Creating shared instance of singleton bean 'org.springframework.boot.http.converter.autoconfigure.HttpMessageConvertersAutoConfiguration'
2026-03-05T10:42:54.468+05:30 TRACE 24928 --- [Java-SLF4J] [main] o.s.b.f.s.DefaultListableBeanFactory     : Creating instance of bean 'org.springframework.boot.http.converter.autoconfigure.HttpMessageConvertersAutoConfiguration'
2026-03-05T10:42:54.468+05:30 TRACE 24928 --- [Java-SLF4J] [main] o.s.b.f.s.DefaultListableBeanFactory     : Finished creating instance of bean 'org.springframework.boot.http.converter.autoconfigure.HttpMessageConvertersAutoConfiguration'
2026-03-05T10:42:54.471+05:30 TRACE 24928 --- [Java-SLF4J] [main] o.s.b.f.s.DefaultListableBeanFactory     : Finished creating instance of bean 'serverConvertersCustomizer'
2026-03-05T10:42:54.471+05:30 TRACE 24928 --- [Java-SLF4J] [main] o.s.b.f.s.DefaultListableBeanFactory     : Returning cached instance of singleton bean 'stringHttpMessageConvertersCustomizer'
2026-03-05T10:42:54.471+05:30 TRACE 24928 --- [Java-SLF4J] [main] o.s.b.f.s.DefaultListableBeanFactory     : Returning cached instance of singleton bean 'jacksonJsonHttpMessageConvertersCustomizer'
2026-03-05T10:42:54.471+05:30 TRACE 24928 --- [Java-SLF4J] [main] o.s.b.f.s.DefaultListableBeanFactory     : Returning cached instance of singleton bean 'serverConvertersCustomizer'
2026-03-05T10:42:54.474+05:30 TRACE 24928 --- [Java-SLF4J] [main] o.s.b.f.s.DefaultListableBeanFactory     : Finished creating instance of bean 'mvcContentNegotiationManager'
2026-03-05T10:42:54.474+05:30 DEBUG 24928 --- [Java-SLF4J] [main] o.s.b.f.s.DefaultListableBeanFactory     : Creating shared instance of singleton bean 'mvcApiVersionStrategy'
2026-03-05T10:42:54.475+05:30 TRACE 24928 --- [Java-SLF4J] [main] o.s.b.f.s.DefaultListableBeanFactory     : Creating instance of bean 'mvcApiVersionStrategy'
2026-03-05T10:42:54.475+05:30 TRACE 24928 --- [Java-SLF4J] [main] o.s.b.f.s.DefaultListableBeanFactory     : Returning cached instance of singleton bean 'org.springframework.boot.webmvc.autoconfigure.WebMvcAutoConfiguration$EnableWebMvcConfiguration'
2026-03-05T10:42:54.477+05:30 TRACE 24928 --- [Java-SLF4J] [main] o.s.b.f.s.DefaultListableBeanFactory     : Finished creating instance of bean 'mvcApiVersionStrategy'
2026-03-05T10:42:54.479+05:30 TRACE 24928 --- [Java-SLF4J] [main] o.s.b.f.s.DefaultListableBeanFactory     : Failed to convert bean 'mvcApiVersionStrategy' to required type 'org.springframework.web.accept.ApiVersionStrategy'

org.springframework.beans.ConversionNotSupportedException: Failed to convert value of type 'org.springframework.beans.factory.support.NullBean' to required type 'org.springframework.web.accept.ApiVersionStrategy'; Cannot convert value of type 'org.springframework.beans.factory.support.NullBean' to required type 'org.springframework.web.accept.ApiVersionStrategy': no matching editors or conversion strategy found
	at org.springframework.beans.TypeConverterSupport.convertIfNecessary(TypeConverterSupport.java:79) ~[spring-beans-7.0.5.jar:7.0.5]
	at org.springframework.beans.TypeConverterSupport.convertIfNecessary(TypeConverterSupport.java:44) ~[spring-beans-7.0.5.jar:7.0.5]
	at org.springframework.beans.factory.support.AbstractBeanFactory.adaptBeanInstance(AbstractBeanFactory.java:407) ~[spring-beans-7.0.5.jar:7.0.5]
	at org.springframework.beans.factory.support.AbstractBeanFactory.doGetBean(AbstractBeanFactory.java:399) ~[spring-beans-7.0.5.jar:7.0.5]
	at org.springframework.beans.factory.support.AbstractBeanFactory.getBean(AbstractBeanFactory.java:201) ~[spring-beans-7.0.5.jar:7.0.5]
	at org.springframework.beans.factory.support.DefaultListableBeanFactory.resolveBean(DefaultListableBeanFactory.java:1225) ~[spring-beans-7.0.5.jar:7.0.5]
	at org.springframework.beans.factory.support.DefaultListableBeanFactory.doResolveDependency(DefaultListableBeanFactory.java:1704) ~[spring-beans-7.0.5.jar:7.0.5]
	at org.springframework.beans.factory.support.DefaultListableBeanFactory.resolveDependency(DefaultListableBeanFactory.java:1651) ~[spring-beans-7.0.5.jar:7.0.5]
	at org.springframework.beans.factory.support.ConstructorResolver.resolveAutowiredArgument(ConstructorResolver.java:912) ~[spring-beans-7.0.5.jar:7.0.5]
	at org.springframework.beans.factory.support.ConstructorResolver.createArgumentArray(ConstructorResolver.java:791) ~[spring-beans-7.0.5.jar:7.0.5]
	at org.springframework.beans.factory.support.ConstructorResolver.instantiateUsingFactoryMethod(ConstructorResolver.java:546) ~[spring-beans-7.0.5.jar:7.0.5]
	at org.springframework.beans.factory.support.AbstractAutowireCapableBeanFactory.instantiateUsingFactoryMethod(AbstractAutowireCapableBeanFactory.java:1362) ~[spring-beans-7.0.5.jar:7.0.5]
	at org.springframework.beans.factory.support.AbstractAutowireCapableBeanFactory.createBeanInstance(AbstractAutowireCapableBeanFactory.java:1194) ~[spring-beans-7.0.5.jar:7.0.5]
	at org.springframework.beans.factory.support.AbstractAutowireCapableBeanFactory.doCreateBean(AbstractAutowireCapableBeanFactory.java:565) ~[spring-beans-7.0.5.jar:7.0.5]
	at org.springframework.beans.factory.support.AbstractAutowireCapableBeanFactory.createBean(AbstractAutowireCapableBeanFactory.java:525) ~[spring-beans-7.0.5.jar:7.0.5]
	at org.springframework.beans.factory.support.AbstractBeanFactory.lambda$doGetBean$0(AbstractBeanFactory.java:333) ~[spring-beans-7.0.5.jar:7.0.5]
	at org.springframework.beans.factory.support.DefaultSingletonBeanRegistry.getSingleton(DefaultSingletonBeanRegistry.java:371) ~[spring-beans-7.0.5.jar:7.0.5]
	at org.springframework.beans.factory.support.AbstractBeanFactory.doGetBean(AbstractBeanFactory.java:331) ~[spring-beans-7.0.5.jar:7.0.5]
	at org.springframework.beans.factory.support.AbstractBeanFactory.getBean(AbstractBeanFactory.java:196) ~[spring-beans-7.0.5.jar:7.0.5]
	at org.springframework.beans.factory.support.DefaultListableBeanFactory.instantiateSingleton(DefaultListableBeanFactory.java:1218) ~[spring-beans-7.0.5.jar:7.0.5]
	at org.springframework.beans.factory.support.DefaultListableBeanFactory.preInstantiateSingleton(DefaultListableBeanFactory.java:1184) ~[spring-beans-7.0.5.jar:7.0.5]
	at org.springframework.beans.factory.support.DefaultListableBeanFactory.preInstantiateSingletons(DefaultListableBeanFactory.java:1121) ~[spring-beans-7.0.5.jar:7.0.5]
	at org.springframework.context.support.AbstractApplicationContext.finishBeanFactoryInitialization(AbstractApplicationContext.java:994) ~[spring-context-7.0.5.jar:7.0.5]
	at org.springframework.context.support.AbstractApplicationContext.refresh(AbstractApplicationContext.java:621) ~[spring-context-7.0.5.jar:7.0.5]
	at org.springframework.boot.web.server.servlet.context.ServletWebServerApplicationContext.refresh(ServletWebServerApplicationContext.java:143) ~[spring-boot-web-server-4.0.3.jar:4.0.3]
	at org.springframework.boot.SpringApplication.refresh(SpringApplication.java:756) ~[spring-boot-4.0.3.jar:4.0.3]
	at org.springframework.boot.SpringApplication.refreshContext(SpringApplication.java:445) ~[spring-boot-4.0.3.jar:4.0.3]
	at org.springframework.boot.SpringApplication.run(SpringApplication.java:321) ~[spring-boot-4.0.3.jar:4.0.3]
	at org.springframework.boot.SpringApplication.run(SpringApplication.java:1365) ~[spring-boot-4.0.3.jar:4.0.3]
	at org.springframework.boot.SpringApplication.run(SpringApplication.java:1354) ~[spring-boot-4.0.3.jar:4.0.3]
	at com.dhyana.javaslf4j.JavaSlf4JApplication.main(JavaSlf4JApplication.java:10) ~[classes/:na]
Caused by: java.lang.IllegalStateException: Cannot convert value of type 'org.springframework.beans.factory.support.NullBean' to required type 'org.springframework.web.accept.ApiVersionStrategy': no matching editors or conversion strategy found
	at org.springframework.beans.TypeConverterDelegate.convertIfNecessary(TypeConverterDelegate.java:270) ~[spring-beans-7.0.5.jar:7.0.5]
	at org.springframework.beans.TypeConverterSupport.convertIfNecessary(TypeConverterSupport.java:75) ~[spring-beans-7.0.5.jar:7.0.5]
	... 30 common frames omitted

2026-03-05T10:42:54.482+05:30 TRACE 24928 --- [Java-SLF4J] [main] o.s.b.f.s.DefaultListableBeanFactory     : Returning cached instance of singleton bean 'mvcApiVersionStrategy'
2026-03-05T10:42:54.484+05:30 TRACE 24928 --- [Java-SLF4J] [main] o.s.b.f.s.DefaultListableBeanFactory     : Returning cached instance of singleton bean 'mvcConversionService'
2026-03-05T10:42:54.484+05:30 TRACE 24928 --- [Java-SLF4J] [main] o.s.b.f.s.DefaultListableBeanFactory     : Returning cached instance of singleton bean 'mvcResourceUrlProvider'
2026-03-05T10:42:54.484+05:30 DEBUG 24928 --- [Java-SLF4J] [main] o.s.b.f.s.DefaultListableBeanFactory     : Autowiring by type from bean name 'requestMappingHandlerMapping' via factory method to bean named 'mvcContentNegotiationManager'
2026-03-05T10:42:54.484+05:30 DEBUG 24928 --- [Java-SLF4J] [main] o.s.b.f.s.DefaultListableBeanFactory     : Autowiring by type from bean name 'requestMappingHandlerMapping' via factory method to bean named 'mvcApiVersionStrategy'
2026-03-05T10:42:54.484+05:30 DEBUG 24928 --- [Java-SLF4J] [main] o.s.b.f.s.DefaultListableBeanFactory     : Autowiring by type from bean name 'requestMappingHandlerMapping' via factory method to bean named 'mvcConversionService'
2026-03-05T10:42:54.484+05:30 DEBUG 24928 --- [Java-SLF4J] [main] o.s.b.f.s.DefaultListableBeanFactory     : Autowiring by type from bean name 'requestMappingHandlerMapping' via factory method to bean named 'mvcResourceUrlProvider'
2026-03-05T10:42:54.496+05:30 TRACE 24928 --- [Java-SLF4J] [main] o.s.b.f.s.DefaultListableBeanFactory     : Invoking afterPropertiesSet() on bean with name 'requestMappingHandlerMapping'
2026-03-05T10:42:54.511+05:30 TRACE 24928 --- [Java-SLF4J] [main] s.w.s.m.m.a.RequestMappingHandlerMapping : 
	c.d.j.BasicController:
	{GET [/hello]}: sayHello()
2026-03-05T10:42:54.513+05:30 TRACE 24928 --- [Java-SLF4J] [main] o.s.c.e.PropertySourcesPropertyResolver  : Searching for key 'spring.web.error.path' in PropertySource 'environmentProperties'
2026-03-05T10:42:54.514+05:30 TRACE 24928 --- [Java-SLF4J] [main] o.s.c.e.PropertySourcesPropertyResolver  : Searching for key 'spring.web.error.path' in PropertySource 'localProperties'
2026-03-05T10:42:54.514+05:30 TRACE 24928 --- [Java-SLF4J] [main] o.s.c.e.PropertySourcesPropertyResolver  : Could not find key 'spring.web.error.path' in any property source
2026-03-05T10:42:54.514+05:30 TRACE 24928 --- [Java-SLF4J] [main] o.s.c.e.PropertySourcesPropertyResolver  : Searching for key 'error.path:/error' in PropertySource 'environmentProperties'
2026-03-05T10:42:54.514+05:30 TRACE 24928 --- [Java-SLF4J] [main] o.s.c.e.PropertySourcesPropertyResolver  : Searching for key 'error.path:/error' in PropertySource 'localProperties'
2026-03-05T10:42:54.514+05:30 TRACE 24928 --- [Java-SLF4J] [main] o.s.c.e.PropertySourcesPropertyResolver  : Could not find key 'error.path:/error' in any property source
2026-03-05T10:42:54.514+05:30 TRACE 24928 --- [Java-SLF4J] [main] o.s.c.e.PropertySourcesPropertyResolver  : Searching for key 'error.path' in PropertySource 'environmentProperties'
2026-03-05T10:42:54.514+05:30 TRACE 24928 --- [Java-SLF4J] [main] o.s.c.e.PropertySourcesPropertyResolver  : Searching for key 'error.path' in PropertySource 'localProperties'
2026-03-05T10:42:54.514+05:30 TRACE 24928 --- [Java-SLF4J] [main] o.s.c.e.PropertySourcesPropertyResolver  : Could not find key 'error.path' in any property source
2026-03-05T10:42:54.514+05:30 TRACE 24928 --- [Java-SLF4J] [main] o.s.c.e.PropertySourcesPropertyResolver  : Searching for key 'spring.web.error.path' in PropertySource 'environmentProperties'
2026-03-05T10:42:54.514+05:30 TRACE 24928 --- [Java-SLF4J] [main] o.s.c.e.PropertySourcesPropertyResolver  : Searching for key 'spring.web.error.path' in PropertySource 'localProperties'
2026-03-05T10:42:54.514+05:30 TRACE 24928 --- [Java-SLF4J] [main] o.s.c.e.PropertySourcesPropertyResolver  : Could not find key 'spring.web.error.path' in any property source
2026-03-05T10:42:54.514+05:30 TRACE 24928 --- [Java-SLF4J] [main] o.s.c.e.PropertySourcesPropertyResolver  : Searching for key 'error.path:/error' in PropertySource 'environmentProperties'
2026-03-05T10:42:54.514+05:30 TRACE 24928 --- [Java-SLF4J] [main] o.s.c.e.PropertySourcesPropertyResolver  : Searching for key 'error.path:/error' in PropertySource 'localProperties'
2026-03-05T10:42:54.514+05:30 TRACE 24928 --- [Java-SLF4J] [main] o.s.c.e.PropertySourcesPropertyResolver  : Could not find key 'error.path:/error' in any property source
2026-03-05T10:42:54.514+05:30 TRACE 24928 --- [Java-SLF4J] [main] o.s.c.e.PropertySourcesPropertyResolver  : Searching for key 'error.path' in PropertySource 'environmentProperties'
2026-03-05T10:42:54.514+05:30 TRACE 24928 --- [Java-SLF4J] [main] o.s.c.e.PropertySourcesPropertyResolver  : Searching for key 'error.path' in PropertySource 'localProperties'
2026-03-05T10:42:54.514+05:30 TRACE 24928 --- [Java-SLF4J] [main] o.s.c.e.PropertySourcesPropertyResolver  : Could not find key 'error.path' in any property source
2026-03-05T10:42:54.515+05:30 TRACE 24928 --- [Java-SLF4J] [main] s.w.s.m.m.a.RequestMappingHandlerMapping : 
	o.s.b.w.a.e.BasicErrorController:
	{ [/error]}: error(HttpServletRequest)
	{ [/error], produces [text/html]}: errorHtml(HttpServletRequest,HttpServletResponse)
2026-03-05T10:42:54.517+05:30 DEBUG 24928 --- [Java-SLF4J] [main] s.w.s.m.m.a.RequestMappingHandlerMapping : 3 mappings in 'requestMappingHandlerMapping'
2026-03-05T10:42:54.517+05:30 TRACE 24928 --- [Java-SLF4J] [main] o.s.b.f.s.DefaultListableBeanFactory     : Finished creating instance of bean 'requestMappingHandlerMapping'
2026-03-05T10:42:54.517+05:30 DEBUG 24928 --- [Java-SLF4J] [main] o.s.b.f.s.DefaultListableBeanFactory     : Creating shared instance of singleton bean 'mvcPatternParser'
2026-03-05T10:42:54.517+05:30 TRACE 24928 --- [Java-SLF4J] [main] o.s.b.f.s.DefaultListableBeanFactory     : Creating instance of bean 'mvcPatternParser'
2026-03-05T10:42:54.517+05:30 TRACE 24928 --- [Java-SLF4J] [main] o.s.b.f.s.DefaultListableBeanFactory     : Returning cached instance of singleton bean 'org.springframework.boot.webmvc.autoconfigure.WebMvcAutoConfiguration$EnableWebMvcConfiguration'
2026-03-05T10:42:54.517+05:30 TRACE 24928 --- [Java-SLF4J] [main] o.s.b.f.s.DefaultListableBeanFactory     : Finished creating instance of bean 'mvcPatternParser'
2026-03-05T10:42:54.517+05:30 DEBUG 24928 --- [Java-SLF4J] [main] o.s.b.f.s.DefaultListableBeanFactory     : Creating shared instance of singleton bean 'mvcUrlPathHelper'
2026-03-05T10:42:54.517+05:30 TRACE 24928 --- [Java-SLF4J] [main] o.s.b.f.s.DefaultListableBeanFactory     : Creating instance of bean 'mvcUrlPathHelper'
2026-03-05T10:42:54.517+05:30 TRACE 24928 --- [Java-SLF4J] [main] o.s.b.f.s.DefaultListableBeanFactory     : Returning cached instance of singleton bean 'org.springframework.boot.webmvc.autoconfigure.WebMvcAutoConfiguration$EnableWebMvcConfiguration'
2026-03-05T10:42:54.517+05:30 TRACE 24928 --- [Java-SLF4J] [main] o.s.b.f.s.DefaultListableBeanFactory     : Finished creating instance of bean 'mvcUrlPathHelper'
2026-03-05T10:42:54.517+05:30 DEBUG 24928 --- [Java-SLF4J] [main] o.s.b.f.s.DefaultListableBeanFactory     : Creating shared instance of singleton bean 'mvcPathMatcher'
2026-03-05T10:42:54.517+05:30 TRACE 24928 --- [Java-SLF4J] [main] o.s.b.f.s.DefaultListableBeanFactory     : Creating instance of bean 'mvcPathMatcher'
2026-03-05T10:42:54.517+05:30 TRACE 24928 --- [Java-SLF4J] [main] o.s.b.f.s.DefaultListableBeanFactory     : Returning cached instance of singleton bean 'org.springframework.boot.webmvc.autoconfigure.WebMvcAutoConfiguration$EnableWebMvcConfiguration'
2026-03-05T10:42:54.517+05:30 TRACE 24928 --- [Java-SLF4J] [main] o.s.b.f.s.DefaultListableBeanFactory     : Finished creating instance of bean 'mvcPathMatcher'
2026-03-05T10:42:54.518+05:30 TRACE 24928 --- [Java-SLF4J] [main] o.s.b.f.s.DefaultListableBeanFactory     : Returning cached instance of singleton bean 'mvcContentNegotiationManager'
2026-03-05T10:42:54.518+05:30 TRACE 24928 --- [Java-SLF4J] [main] o.s.b.f.s.DefaultListableBeanFactory     : Returning cached instance of singleton bean 'mvcApiVersionStrategy'
2026-03-05T10:42:54.518+05:30 DEBUG 24928 --- [Java-SLF4J] [main] o.s.b.f.s.DefaultListableBeanFactory     : Creating shared instance of singleton bean 'viewControllerHandlerMapping'
2026-03-05T10:42:54.518+05:30 TRACE 24928 --- [Java-SLF4J] [main] o.s.b.f.s.DefaultListableBeanFactory     : Creating instance of bean 'viewControllerHandlerMapping'
2026-03-05T10:42:54.518+05:30 TRACE 24928 --- [Java-SLF4J] [main] o.s.b.f.s.DefaultListableBeanFactory     : Returning cached instance of singleton bean 'org.springframework.boot.webmvc.autoconfigure.WebMvcAutoConfiguration$EnableWebMvcConfiguration'
2026-03-05T10:42:54.518+05:30 TRACE 24928 --- [Java-SLF4J] [main] o.s.b.f.s.DefaultListableBeanFactory     : Returning cached instance of singleton bean 'mvcConversionService'
2026-03-05T10:42:54.518+05:30 TRACE 24928 --- [Java-SLF4J] [main] o.s.b.f.s.DefaultListableBeanFactory     : Returning cached instance of singleton bean 'mvcResourceUrlProvider'
2026-03-05T10:42:54.518+05:30 DEBUG 24928 --- [Java-SLF4J] [main] o.s.b.f.s.DefaultListableBeanFactory     : Autowiring by type from bean name 'viewControllerHandlerMapping' via factory method to bean named 'mvcConversionService'
2026-03-05T10:42:54.518+05:30 DEBUG 24928 --- [Java-SLF4J] [main] o.s.b.f.s.DefaultListableBeanFactory     : Autowiring by type from bean name 'viewControllerHandlerMapping' via factory method to bean named 'mvcResourceUrlProvider'
2026-03-05T10:42:54.518+05:30 TRACE 24928 --- [Java-SLF4J] [main] o.s.b.f.s.DefaultListableBeanFactory     : Finished creating instance of bean 'viewControllerHandlerMapping'
2026-03-05T10:42:54.518+05:30 DEBUG 24928 --- [Java-SLF4J] [main] o.s.b.f.s.DefaultListableBeanFactory     : Creating shared instance of singleton bean 'beanNameHandlerMapping'
2026-03-05T10:42:54.518+05:30 TRACE 24928 --- [Java-SLF4J] [main] o.s.b.f.s.DefaultListableBeanFactory     : Creating instance of bean 'beanNameHandlerMapping'
2026-03-05T10:42:54.518+05:30 TRACE 24928 --- [Java-SLF4J] [main] o.s.b.f.s.DefaultListableBeanFactory     : Returning cached instance of singleton bean 'org.springframework.boot.webmvc.autoconfigure.WebMvcAutoConfiguration$EnableWebMvcConfiguration'
2026-03-05T10:42:54.518+05:30 TRACE 24928 --- [Java-SLF4J] [main] o.s.b.f.s.DefaultListableBeanFactory     : Returning cached instance of singleton bean 'mvcConversionService'
2026-03-05T10:42:54.519+05:30 TRACE 24928 --- [Java-SLF4J] [main] o.s.b.f.s.DefaultListableBeanFactory     : Returning cached instance of singleton bean 'mvcResourceUrlProvider'
2026-03-05T10:42:54.519+05:30 DEBUG 24928 --- [Java-SLF4J] [main] o.s.b.f.s.DefaultListableBeanFactory     : Autowiring by type from bean name 'beanNameHandlerMapping' via factory method to bean named 'mvcConversionService'
2026-03-05T10:42:54.519+05:30 DEBUG 24928 --- [Java-SLF4J] [main] o.s.b.f.s.DefaultListableBeanFactory     : Autowiring by type from bean name 'beanNameHandlerMapping' via factory method to bean named 'mvcResourceUrlProvider'
2026-03-05T10:42:54.519+05:30 DEBUG 24928 --- [Java-SLF4J] [main] _.s.web.servlet.HandlerMapping.Mappings  : 'beanNameHandlerMapping' {}
2026-03-05T10:42:54.519+05:30 TRACE 24928 --- [Java-SLF4J] [main] o.s.b.f.s.DefaultListableBeanFactory     : Finished creating instance of bean 'beanNameHandlerMapping'
2026-03-05T10:42:54.519+05:30 DEBUG 24928 --- [Java-SLF4J] [main] o.s.b.f.s.DefaultListableBeanFactory     : Creating shared instance of singleton bean 'routerFunctionMapping'
2026-03-05T10:42:54.519+05:30 TRACE 24928 --- [Java-SLF4J] [main] o.s.b.f.s.DefaultListableBeanFactory     : Creating instance of bean 'routerFunctionMapping'
2026-03-05T10:42:54.519+05:30 TRACE 24928 --- [Java-SLF4J] [main] o.s.b.f.s.DefaultListableBeanFactory     : Returning cached instance of singleton bean 'org.springframework.boot.webmvc.autoconfigure.WebMvcAutoConfiguration$EnableWebMvcConfiguration'
2026-03-05T10:42:54.519+05:30 TRACE 24928 --- [Java-SLF4J] [main] o.s.b.f.s.DefaultListableBeanFactory     : Returning cached instance of singleton bean 'mvcConversionService'
2026-03-05T10:42:54.520+05:30 TRACE 24928 --- [Java-SLF4J] [main] o.s.b.f.s.DefaultListableBeanFactory     : Returning cached instance of singleton bean 'mvcResourceUrlProvider'
2026-03-05T10:42:54.520+05:30 TRACE 24928 --- [Java-SLF4J] [main] o.s.b.f.s.DefaultListableBeanFactory     : Returning cached instance of singleton bean 'mvcApiVersionStrategy'
2026-03-05T10:42:54.520+05:30 TRACE 24928 --- [Java-SLF4J] [main] o.s.b.f.s.DefaultListableBeanFactory     : Failed to convert bean 'mvcApiVersionStrategy' to required type 'org.springframework.web.accept.ApiVersionStrategy'

org.springframework.beans.ConversionNotSupportedException: Failed to convert value of type 'org.springframework.beans.factory.support.NullBean' to required type 'org.springframework.web.accept.ApiVersionStrategy'; Cannot convert value of type 'org.springframework.beans.factory.support.NullBean' to required type 'org.springframework.web.accept.ApiVersionStrategy': no matching editors or conversion strategy found
	at org.springframework.beans.TypeConverterSupport.convertIfNecessary(TypeConverterSupport.java:79) ~[spring-beans-7.0.5.jar:7.0.5]
	at org.springframework.beans.TypeConverterSupport.convertIfNecessary(TypeConverterSupport.java:44) ~[spring-beans-7.0.5.jar:7.0.5]
	at org.springframework.beans.factory.support.AbstractBeanFactory.adaptBeanInstance(AbstractBeanFactory.java:407) ~[spring-beans-7.0.5.jar:7.0.5]
	at org.springframework.beans.factory.support.AbstractBeanFactory.doGetBean(AbstractBeanFactory.java:399) ~[spring-beans-7.0.5.jar:7.0.5]
	at org.springframework.beans.factory.support.AbstractBeanFactory.getBean(AbstractBeanFactory.java:201) ~[spring-beans-7.0.5.jar:7.0.5]
	at org.springframework.beans.factory.support.DefaultListableBeanFactory.resolveBean(DefaultListableBeanFactory.java:1225) ~[spring-beans-7.0.5.jar:7.0.5]
	at org.springframework.beans.factory.support.DefaultListableBeanFactory.doResolveDependency(DefaultListableBeanFactory.java:1704) ~[spring-beans-7.0.5.jar:7.0.5]
	at org.springframework.beans.factory.support.DefaultListableBeanFactory.resolveDependency(DefaultListableBeanFactory.java:1651) ~[spring-beans-7.0.5.jar:7.0.5]
	at org.springframework.beans.factory.support.ConstructorResolver.resolveAutowiredArgument(ConstructorResolver.java:912) ~[spring-beans-7.0.5.jar:7.0.5]
	at org.springframework.beans.factory.support.ConstructorResolver.createArgumentArray(ConstructorResolver.java:791) ~[spring-beans-7.0.5.jar:7.0.5]
	at org.springframework.beans.factory.support.ConstructorResolver.instantiateUsingFactoryMethod(ConstructorResolver.java:546) ~[spring-beans-7.0.5.jar:7.0.5]
	at org.springframework.beans.factory.support.AbstractAutowireCapableBeanFactory.instantiateUsingFactoryMethod(AbstractAutowireCapableBeanFactory.java:1362) ~[spring-beans-7.0.5.jar:7.0.5]
	at org.springframework.beans.factory.support.AbstractAutowireCapableBeanFactory.createBeanInstance(AbstractAutowireCapableBeanFactory.java:1194) ~[spring-beans-7.0.5.jar:7.0.5]
	at org.springframework.beans.factory.support.AbstractAutowireCapableBeanFactory.doCreateBean(AbstractAutowireCapableBeanFactory.java:565) ~[spring-beans-7.0.5.jar:7.0.5]
	at org.springframework.beans.factory.support.AbstractAutowireCapableBeanFactory.createBean(AbstractAutowireCapableBeanFactory.java:525) ~[spring-beans-7.0.5.jar:7.0.5]
	at org.springframework.beans.factory.support.AbstractBeanFactory.lambda$doGetBean$0(AbstractBeanFactory.java:333) ~[spring-beans-7.0.5.jar:7.0.5]
	at org.springframework.beans.factory.support.DefaultSingletonBeanRegistry.getSingleton(DefaultSingletonBeanRegistry.java:371) ~[spring-beans-7.0.5.jar:7.0.5]
	at org.springframework.beans.factory.support.AbstractBeanFactory.doGetBean(AbstractBeanFactory.java:331) ~[spring-beans-7.0.5.jar:7.0.5]
	at org.springframework.beans.factory.support.AbstractBeanFactory.getBean(AbstractBeanFactory.java:196) ~[spring-beans-7.0.5.jar:7.0.5]
	at org.springframework.beans.factory.support.DefaultListableBeanFactory.instantiateSingleton(DefaultListableBeanFactory.java:1218) ~[spring-beans-7.0.5.jar:7.0.5]
	at org.springframework.beans.factory.support.DefaultListableBeanFactory.preInstantiateSingleton(DefaultListableBeanFactory.java:1184) ~[spring-beans-7.0.5.jar:7.0.5]
	at org.springframework.beans.factory.support.DefaultListableBeanFactory.preInstantiateSingletons(DefaultListableBeanFactory.java:1121) ~[spring-beans-7.0.5.jar:7.0.5]
	at org.springframework.context.support.AbstractApplicationContext.finishBeanFactoryInitialization(AbstractApplicationContext.java:994) ~[spring-context-7.0.5.jar:7.0.5]
	at org.springframework.context.support.AbstractApplicationContext.refresh(AbstractApplicationContext.java:621) ~[spring-context-7.0.5.jar:7.0.5]
	at org.springframework.boot.web.server.servlet.context.ServletWebServerApplicationContext.refresh(ServletWebServerApplicationContext.java:143) ~[spring-boot-web-server-4.0.3.jar:4.0.3]
	at org.springframework.boot.SpringApplication.refresh(SpringApplication.java:756) ~[spring-boot-4.0.3.jar:4.0.3]
	at org.springframework.boot.SpringApplication.refreshContext(SpringApplication.java:445) ~[spring-boot-4.0.3.jar:4.0.3]
	at org.springframework.boot.SpringApplication.run(SpringApplication.java:321) ~[spring-boot-4.0.3.jar:4.0.3]
	at org.springframework.boot.SpringApplication.run(SpringApplication.java:1365) ~[spring-boot-4.0.3.jar:4.0.3]
	at org.springframework.boot.SpringApplication.run(SpringApplication.java:1354) ~[spring-boot-4.0.3.jar:4.0.3]
	at com.dhyana.javaslf4j.JavaSlf4JApplication.main(JavaSlf4JApplication.java:10) ~[classes/:na]
Caused by: java.lang.IllegalStateException: Cannot convert value of type 'org.springframework.beans.factory.support.NullBean' to required type 'org.springframework.web.accept.ApiVersionStrategy': no matching editors or conversion strategy found
	at org.springframework.beans.TypeConverterDelegate.convertIfNecessary(TypeConverterDelegate.java:270) ~[spring-beans-7.0.5.jar:7.0.5]
	at org.springframework.beans.TypeConverterSupport.convertIfNecessary(TypeConverterSupport.java:75) ~[spring-beans-7.0.5.jar:7.0.5]
	... 30 common frames omitted

2026-03-05T10:42:54.520+05:30 TRACE 24928 --- [Java-SLF4J] [main] o.s.b.f.s.DefaultListableBeanFactory     : Returning cached instance of singleton bean 'mvcApiVersionStrategy'
2026-03-05T10:42:54.520+05:30 DEBUG 24928 --- [Java-SLF4J] [main] o.s.b.f.s.DefaultListableBeanFactory     : Autowiring by type from bean name 'routerFunctionMapping' via factory method to bean named 'mvcConversionService'
2026-03-05T10:42:54.520+05:30 DEBUG 24928 --- [Java-SLF4J] [main] o.s.b.f.s.DefaultListableBeanFactory     : Autowiring by type from bean name 'routerFunctionMapping' via factory method to bean named 'mvcResourceUrlProvider'
2026-03-05T10:42:54.520+05:30 DEBUG 24928 --- [Java-SLF4J] [main] o.s.b.f.s.DefaultListableBeanFactory     : Autowiring by type from bean name 'routerFunctionMapping' via factory method to bean named 'mvcApiVersionStrategy'
2026-03-05T10:42:54.523+05:30 TRACE 24928 --- [Java-SLF4J] [main] o.s.b.f.s.DefaultListableBeanFactory     : Invoking afterPropertiesSet() on bean with name 'routerFunctionMapping'
2026-03-05T10:42:54.523+05:30 TRACE 24928 --- [Java-SLF4J] [main] o.s.b.f.s.DefaultListableBeanFactory     : Finished creating instance of bean 'routerFunctionMapping'
2026-03-05T10:42:54.523+05:30 DEBUG 24928 --- [Java-SLF4J] [main] o.s.b.f.s.DefaultListableBeanFactory     : Creating shared instance of singleton bean 'resourceHandlerMapping'
2026-03-05T10:42:54.523+05:30 TRACE 24928 --- [Java-SLF4J] [main] o.s.b.f.s.DefaultListableBeanFactory     : Creating instance of bean 'resourceHandlerMapping'
2026-03-05T10:42:54.523+05:30 TRACE 24928 --- [Java-SLF4J] [main] o.s.b.f.s.DefaultListableBeanFactory     : Returning cached instance of singleton bean 'org.springframework.boot.webmvc.autoconfigure.WebMvcAutoConfiguration$EnableWebMvcConfiguration'
2026-03-05T10:42:54.523+05:30 TRACE 24928 --- [Java-SLF4J] [main] o.s.b.f.s.DefaultListableBeanFactory     : Returning cached instance of singleton bean 'mvcContentNegotiationManager'
2026-03-05T10:42:54.523+05:30 TRACE 24928 --- [Java-SLF4J] [main] o.s.b.f.s.DefaultListableBeanFactory     : Returning cached instance of singleton bean 'mvcConversionService'
2026-03-05T10:42:54.523+05:30 TRACE 24928 --- [Java-SLF4J] [main] o.s.b.f.s.DefaultListableBeanFactory     : Returning cached instance of singleton bean 'mvcResourceUrlProvider'
2026-03-05T10:42:54.523+05:30 DEBUG 24928 --- [Java-SLF4J] [main] o.s.b.f.s.DefaultListableBeanFactory     : Autowiring by type from bean name 'resourceHandlerMapping' via factory method to bean named 'mvcContentNegotiationManager'
2026-03-05T10:42:54.523+05:30 DEBUG 24928 --- [Java-SLF4J] [main] o.s.b.f.s.DefaultListableBeanFactory     : Autowiring by type from bean name 'resourceHandlerMapping' via factory method to bean named 'mvcConversionService'
2026-03-05T10:42:54.523+05:30 DEBUG 24928 --- [Java-SLF4J] [main] o.s.b.f.s.DefaultListableBeanFactory     : Autowiring by type from bean name 'resourceHandlerMapping' via factory method to bean named 'mvcResourceUrlProvider'
2026-03-05T10:42:54.533+05:30 DEBUG 24928 --- [Java-SLF4J] [main] org.apache.catalina.webresources.Cache   : Increased cache size by [501] for item [org.apache.catalina.webresources.CachedResource@56cfe111] at [/] making total cache size [1553]
2026-03-05T10:42:54.534+05:30 TRACE 24928 --- [Java-SLF4J] [main] o.s.w.s.handler.SimpleUrlHandlerMapping  : Mapped [/webjars/**] onto ResourceHttpRequestHandler [classpath [META-INF/resources/webjars/]]
2026-03-05T10:42:54.534+05:30 TRACE 24928 --- [Java-SLF4J] [main] o.s.w.s.handler.SimpleUrlHandlerMapping  : Mapped [/**] onto ResourceHttpRequestHandler [classpath [META-INF/resources/], classpath [resources/], classpath [static/], classpath [public/], ServletContext [/]]
2026-03-05T10:42:54.534+05:30 DEBUG 24928 --- [Java-SLF4J] [main] _.s.web.servlet.HandlerMapping.Mappings  : 'resourceHandlerMapping' {/webjars/**=ResourceHttpRequestHandler [classpath [META-INF/resources/webjars/]], /**=ResourceHttpRequestHandler [classpath [META-INF/resources/], classpath [resources/], classpath [static/], classpath [public/], ServletContext [/]]}
2026-03-05T10:42:54.534+05:30 TRACE 24928 --- [Java-SLF4J] [main] o.s.b.f.s.DefaultListableBeanFactory     : Finished creating instance of bean 'resourceHandlerMapping'
2026-03-05T10:42:54.534+05:30 TRACE 24928 --- [Java-SLF4J] [main] o.s.b.f.s.DefaultListableBeanFactory     : Returning cached instance of singleton bean 'mvcResourceUrlProvider'
2026-03-05T10:42:54.534+05:30 DEBUG 24928 --- [Java-SLF4J] [main] o.s.b.f.s.DefaultListableBeanFactory     : Creating shared instance of singleton bean 'defaultServletHandlerMapping'
2026-03-05T10:42:54.534+05:30 TRACE 24928 --- [Java-SLF4J] [main] o.s.b.f.s.DefaultListableBeanFactory     : Creating instance of bean 'defaultServletHandlerMapping'
2026-03-05T10:42:54.534+05:30 TRACE 24928 --- [Java-SLF4J] [main] o.s.b.f.s.DefaultListableBeanFactory     : Returning cached instance of singleton bean 'org.springframework.boot.webmvc.autoconfigure.WebMvcAutoConfiguration$EnableWebMvcConfiguration'
2026-03-05T10:42:54.534+05:30 TRACE 24928 --- [Java-SLF4J] [main] o.s.b.f.s.DefaultListableBeanFactory     : Finished creating instance of bean 'defaultServletHandlerMapping'
2026-03-05T10:42:54.534+05:30 DEBUG 24928 --- [Java-SLF4J] [main] o.s.b.f.s.DefaultListableBeanFactory     : Creating shared instance of singleton bean 'requestMappingHandlerAdapter'
2026-03-05T10:42:54.535+05:30 TRACE 24928 --- [Java-SLF4J] [main] o.s.b.f.s.DefaultListableBeanFactory     : Creating instance of bean 'requestMappingHandlerAdapter'
2026-03-05T10:42:54.535+05:30 TRACE 24928 --- [Java-SLF4J] [main] o.s.b.f.s.DefaultListableBeanFactory     : Returning cached instance of singleton bean 'org.springframework.boot.webmvc.autoconfigure.WebMvcAutoConfiguration$EnableWebMvcConfiguration'
2026-03-05T10:42:54.535+05:30 TRACE 24928 --- [Java-SLF4J] [main] o.s.b.f.s.DefaultListableBeanFactory     : Returning cached instance of singleton bean 'mvcContentNegotiationManager'
2026-03-05T10:42:54.535+05:30 TRACE 24928 --- [Java-SLF4J] [main] o.s.b.f.s.DefaultListableBeanFactory     : Returning cached instance of singleton bean 'mvcConversionService'
2026-03-05T10:42:54.535+05:30 TRACE 24928 --- [Java-SLF4J] [main] o.s.b.f.s.DefaultListableBeanFactory     : Returning cached instance of singleton bean 'mvcValidator'
2026-03-05T10:42:54.535+05:30 DEBUG 24928 --- [Java-SLF4J] [main] o.s.b.f.s.DefaultListableBeanFactory     : Autowiring by type from bean name 'requestMappingHandlerAdapter' via factory method to bean named 'mvcContentNegotiationManager'
2026-03-05T10:42:54.535+05:30 DEBUG 24928 --- [Java-SLF4J] [main] o.s.b.f.s.DefaultListableBeanFactory     : Autowiring by type from bean name 'requestMappingHandlerAdapter' via factory method to bean named 'mvcConversionService'
2026-03-05T10:42:54.535+05:30 DEBUG 24928 --- [Java-SLF4J] [main] o.s.b.f.s.DefaultListableBeanFactory     : Autowiring by type from bean name 'requestMappingHandlerAdapter' via factory method to bean named 'mvcValidator'
2026-03-05T10:42:54.541+05:30 TRACE 24928 --- [Java-SLF4J] [main] o.s.b.f.s.DefaultListableBeanFactory     : Returning cached instance of singleton bean 'applicationTaskExecutor'
2026-03-05T10:42:54.544+05:30 TRACE 24928 --- [Java-SLF4J] [main] o.s.b.f.s.DefaultListableBeanFactory     : Invoking afterPropertiesSet() on bean with name 'requestMappingHandlerAdapter'
2026-03-05T10:42:54.548+05:30 DEBUG 24928 --- [Java-SLF4J] [main] s.w.s.m.m.a.RequestMappingHandlerAdapter : ControllerAdvice beans: 0 @ModelAttribute, 0 @InitBinder, 2 RequestBodyAdvice, 1 ResponseBodyAdvice
2026-03-05T10:42:54.562+05:30 TRACE 24928 --- [Java-SLF4J] [main] o.s.b.f.s.DefaultListableBeanFactory     : Returning cached instance of singleton bean 'beanNameViewResolver'
2026-03-05T10:42:54.562+05:30 DEBUG 24928 --- [Java-SLF4J] [main] o.s.b.f.s.DefaultListableBeanFactory     : Creating shared instance of singleton bean 'mvcViewResolver'
2026-03-05T10:42:54.562+05:30 TRACE 24928 --- [Java-SLF4J] [main] o.s.b.f.s.DefaultListableBeanFactory     : Creating instance of bean 'mvcViewResolver'
2026-03-05T10:42:54.563+05:30 TRACE 24928 --- [Java-SLF4J] [main] o.s.b.f.s.DefaultListableBeanFactory     : Returning cached instance of singleton bean 'org.springframework.boot.webmvc.autoconfigure.WebMvcAutoConfiguration$EnableWebMvcConfiguration'
2026-03-05T10:42:54.563+05:30 TRACE 24928 --- [Java-SLF4J] [main] o.s.b.f.s.DefaultListableBeanFactory     : Returning cached instance of singleton bean 'mvcContentNegotiationManager'
2026-03-05T10:42:54.563+05:30 DEBUG 24928 --- [Java-SLF4J] [main] o.s.b.f.s.DefaultListableBeanFactory     : Autowiring by type from bean name 'mvcViewResolver' via factory method to bean named 'mvcContentNegotiationManager'
2026-03-05T10:42:54.564+05:30 TRACE 24928 --- [Java-SLF4J] [main] o.s.b.f.s.DefaultListableBeanFactory     : Invoking afterPropertiesSet() on bean with name 'mvcViewResolver'
2026-03-05T10:42:54.564+05:30 TRACE 24928 --- [Java-SLF4J] [main] o.s.b.f.s.DefaultListableBeanFactory     : Finished creating instance of bean 'mvcViewResolver'
2026-03-05T10:42:54.564+05:30 DEBUG 24928 --- [Java-SLF4J] [main] o.s.b.f.s.DefaultListableBeanFactory     : Creating shared instance of singleton bean 'defaultViewResolver'
2026-03-05T10:42:54.564+05:30 TRACE 24928 --- [Java-SLF4J] [main] o.s.b.f.s.DefaultListableBeanFactory     : Creating instance of bean 'defaultViewResolver'
2026-03-05T10:42:54.564+05:30 TRACE 24928 --- [Java-SLF4J] [main] o.s.b.f.s.DefaultListableBeanFactory     : Returning cached instance of singleton bean 'org.springframework.boot.webmvc.autoconfigure.WebMvcAutoConfiguration$WebMvcAutoConfigurationAdapter'
2026-03-05T10:42:54.568+05:30 TRACE 24928 --- [Java-SLF4J] [main] o.s.b.f.s.DefaultListableBeanFactory     : Finished creating instance of bean 'defaultViewResolver'
2026-03-05T10:42:54.568+05:30 DEBUG 24928 --- [Java-SLF4J] [main] o.s.b.f.s.DefaultListableBeanFactory     : Creating shared instance of singleton bean 'viewResolver'
2026-03-05T10:42:54.568+05:30 TRACE 24928 --- [Java-SLF4J] [main] o.s.b.f.s.DefaultListableBeanFactory     : Creating instance of bean 'viewResolver'
2026-03-05T10:42:54.568+05:30 TRACE 24928 --- [Java-SLF4J] [main] o.s.b.f.s.DefaultListableBeanFactory     : Returning cached instance of singleton bean 'org.springframework.boot.webmvc.autoconfigure.WebMvcAutoConfiguration$WebMvcAutoConfigurationAdapter'
2026-03-05T10:42:54.568+05:30 DEBUG 24928 --- [Java-SLF4J] [main] o.s.b.f.s.DefaultListableBeanFactory     : Autowiring by type from bean name 'viewResolver' via factory method to bean named 'org.springframework.beans.factory.support.DefaultListableBeanFactory@77a7cf58'
2026-03-05T10:42:54.568+05:30 TRACE 24928 --- [Java-SLF4J] [main] o.s.b.f.s.DefaultListableBeanFactory     : Returning cached instance of singleton bean 'mvcContentNegotiationManager'
2026-03-05T10:42:54.570+05:30 TRACE 24928 --- [Java-SLF4J] [main] o.s.b.f.s.DefaultListableBeanFactory     : Returning cached instance of singleton bean 'beanNameViewResolver'
2026-03-05T10:42:54.570+05:30 TRACE 24928 --- [Java-SLF4J] [main] o.s.b.f.s.DefaultListableBeanFactory     : Returning cached instance of singleton bean 'mvcViewResolver'
2026-03-05T10:42:54.570+05:30 TRACE 24928 --- [Java-SLF4J] [main] o.s.b.f.s.DefaultListableBeanFactory     : Returning cached instance of singleton bean 'defaultViewResolver'
2026-03-05T10:42:54.570+05:30 DEBUG 24928 --- [Java-SLF4J] [main] o.s.b.f.s.DefaultListableBeanFactory     : Creating shared instance of singleton bean 'viewResolver'
2026-03-05T10:42:54.570+05:30 TRACE 24928 --- [Java-SLF4J] [main] o.s.b.f.s.DefaultListableBeanFactory     : Ignoring match to currently created bean 'viewResolver': Error creating bean with name 'viewResolver': Requested bean is currently in creation: Is there an unresolvable circular reference or an asynchronous initialization dependency?
2026-03-05T10:42:54.570+05:30 TRACE 24928 --- [Java-SLF4J] [main] o.s.b.f.s.DefaultListableBeanFactory     : Invoking afterPropertiesSet() on bean with name 'viewResolver'
2026-03-05T10:42:54.570+05:30 TRACE 24928 --- [Java-SLF4J] [main] o.s.b.f.s.DefaultListableBeanFactory     : Finished creating instance of bean 'viewResolver'
2026-03-05T10:42:54.570+05:30 TRACE 24928 --- [Java-SLF4J] [main] o.s.b.f.s.DefaultListableBeanFactory     : Returning cached instance of singleton bean 'localeResolver'
2026-03-05T10:42:54.573+05:30 TRACE 24928 --- [Java-SLF4J] [main] o.s.b.f.s.DefaultListableBeanFactory     : Finished creating instance of bean 'requestMappingHandlerAdapter'
2026-03-05T10:42:54.573+05:30 DEBUG 24928 --- [Java-SLF4J] [main] o.s.b.f.s.DefaultListableBeanFactory     : Creating shared instance of singleton bean 'handlerFunctionAdapter'
2026-03-05T10:42:54.573+05:30 TRACE 24928 --- [Java-SLF4J] [main] o.s.b.f.s.DefaultListableBeanFactory     : Creating instance of bean 'handlerFunctionAdapter'
2026-03-05T10:42:54.573+05:30 TRACE 24928 --- [Java-SLF4J] [main] o.s.b.f.s.DefaultListableBeanFactory     : Returning cached instance of singleton bean 'org.springframework.boot.webmvc.autoconfigure.WebMvcAutoConfiguration$EnableWebMvcConfiguration'
2026-03-05T10:42:54.574+05:30 TRACE 24928 --- [Java-SLF4J] [main] o.s.b.f.s.DefaultListableBeanFactory     : Finished creating instance of bean 'handlerFunctionAdapter'
2026-03-05T10:42:54.574+05:30 DEBUG 24928 --- [Java-SLF4J] [main] o.s.b.f.s.DefaultListableBeanFactory     : Creating shared instance of singleton bean 'mvcUriComponentsContributor'
2026-03-05T10:42:54.575+05:30 TRACE 24928 --- [Java-SLF4J] [main] o.s.b.f.s.DefaultListableBeanFactory     : Creating instance of bean 'mvcUriComponentsContributor'
2026-03-05T10:42:54.575+05:30 TRACE 24928 --- [Java-SLF4J] [main] o.s.b.f.s.DefaultListableBeanFactory     : Returning cached instance of singleton bean 'org.springframework.boot.webmvc.autoconfigure.WebMvcAutoConfiguration$EnableWebMvcConfiguration'
2026-03-05T10:42:54.575+05:30 TRACE 24928 --- [Java-SLF4J] [main] o.s.b.f.s.DefaultListableBeanFactory     : Returning cached instance of singleton bean 'mvcConversionService'
2026-03-05T10:42:54.575+05:30 TRACE 24928 --- [Java-SLF4J] [main] o.s.b.f.s.DefaultListableBeanFactory     : Returning cached instance of singleton bean 'requestMappingHandlerAdapter'
2026-03-05T10:42:54.575+05:30 DEBUG 24928 --- [Java-SLF4J] [main] o.s.b.f.s.DefaultListableBeanFactory     : Autowiring by type from bean name 'mvcUriComponentsContributor' via factory method to bean named 'mvcConversionService'
2026-03-05T10:42:54.575+05:30 DEBUG 24928 --- [Java-SLF4J] [main] o.s.b.f.s.DefaultListableBeanFactory     : Autowiring by type from bean name 'mvcUriComponentsContributor' via factory method to bean named 'requestMappingHandlerAdapter'
2026-03-05T10:42:54.577+05:30 TRACE 24928 --- [Java-SLF4J] [main] o.s.b.f.s.DefaultListableBeanFactory     : Finished creating instance of bean 'mvcUriComponentsContributor'
2026-03-05T10:42:54.577+05:30 DEBUG 24928 --- [Java-SLF4J] [main] o.s.b.f.s.DefaultListableBeanFactory     : Creating shared instance of singleton bean 'httpRequestHandlerAdapter'
2026-03-05T10:42:54.577+05:30 TRACE 24928 --- [Java-SLF4J] [main] o.s.b.f.s.DefaultListableBeanFactory     : Creating instance of bean 'httpRequestHandlerAdapter'
2026-03-05T10:42:54.577+05:30 TRACE 24928 --- [Java-SLF4J] [main] o.s.b.f.s.DefaultListableBeanFactory     : Returning cached instance of singleton bean 'org.springframework.boot.webmvc.autoconfigure.WebMvcAutoConfiguration$EnableWebMvcConfiguration'
2026-03-05T10:42:54.577+05:30 TRACE 24928 --- [Java-SLF4J] [main] o.s.b.f.s.DefaultListableBeanFactory     : Finished creating instance of bean 'httpRequestHandlerAdapter'
2026-03-05T10:42:54.577+05:30 DEBUG 24928 --- [Java-SLF4J] [main] o.s.b.f.s.DefaultListableBeanFactory     : Creating shared instance of singleton bean 'simpleControllerHandlerAdapter'
2026-03-05T10:42:54.577+05:30 TRACE 24928 --- [Java-SLF4J] [main] o.s.b.f.s.DefaultListableBeanFactory     : Creating instance of bean 'simpleControllerHandlerAdapter'
2026-03-05T10:42:54.577+05:30 TRACE 24928 --- [Java-SLF4J] [main] o.s.b.f.s.DefaultListableBeanFactory     : Returning cached instance of singleton bean 'org.springframework.boot.webmvc.autoconfigure.WebMvcAutoConfiguration$EnableWebMvcConfiguration'
2026-03-05T10:42:54.577+05:30 TRACE 24928 --- [Java-SLF4J] [main] o.s.b.f.s.DefaultListableBeanFactory     : Finished creating instance of bean 'simpleControllerHandlerAdapter'
2026-03-05T10:42:54.577+05:30 DEBUG 24928 --- [Java-SLF4J] [main] o.s.b.f.s.DefaultListableBeanFactory     : Creating shared instance of singleton bean 'handlerExceptionResolver'
2026-03-05T10:42:54.577+05:30 TRACE 24928 --- [Java-SLF4J] [main] o.s.b.f.s.DefaultListableBeanFactory     : Creating instance of bean 'handlerExceptionResolver'
2026-03-05T10:42:54.577+05:30 TRACE 24928 --- [Java-SLF4J] [main] o.s.b.f.s.DefaultListableBeanFactory     : Returning cached instance of singleton bean 'org.springframework.boot.webmvc.autoconfigure.WebMvcAutoConfiguration$EnableWebMvcConfiguration'
2026-03-05T10:42:54.577+05:30 TRACE 24928 --- [Java-SLF4J] [main] o.s.b.f.s.DefaultListableBeanFactory     : Returning cached instance of singleton bean 'mvcContentNegotiationManager'
2026-03-05T10:42:54.577+05:30 DEBUG 24928 --- [Java-SLF4J] [main] o.s.b.f.s.DefaultListableBeanFactory     : Autowiring by type from bean name 'handlerExceptionResolver' via factory method to bean named 'mvcContentNegotiationManager'
2026-03-05T10:42:54.579+05:30 DEBUG 24928 --- [Java-SLF4J] [main] .m.m.a.ExceptionHandlerExceptionResolver : ControllerAdvice beans: 0 @ExceptionHandler, 1 ResponseBodyAdvice
2026-03-05T10:42:54.581+05:30 TRACE 24928 --- [Java-SLF4J] [main] o.s.b.f.s.DefaultListableBeanFactory     : Finished creating instance of bean 'handlerExceptionResolver'
2026-03-05T10:42:54.581+05:30 TRACE 24928 --- [Java-SLF4J] [main] o.s.b.f.s.DefaultListableBeanFactory     : Returning cached instance of singleton bean 'mvcViewResolver'
2026-03-05T10:42:54.581+05:30 TRACE 24928 --- [Java-SLF4J] [main] o.s.b.f.s.DefaultListableBeanFactory     : Returning cached instance of singleton bean 'org.springframework.boot.webmvc.autoconfigure.WebMvcAutoConfiguration$WebMvcAutoConfigurationAdapter'
2026-03-05T10:42:54.581+05:30 TRACE 24928 --- [Java-SLF4J] [main] o.s.b.f.s.DefaultListableBeanFactory     : Returning cached instance of singleton bean 'defaultViewResolver'
2026-03-05T10:42:54.581+05:30 TRACE 24928 --- [Java-SLF4J] [main] o.s.b.f.s.DefaultListableBeanFactory     : Returning cached instance of singleton bean 'viewResolver'
2026-03-05T10:42:54.581+05:30 TRACE 24928 --- [Java-SLF4J] [main] o.s.b.f.s.DefaultListableBeanFactory     : Returning cached instance of singleton bean 'requestContextFilter'
2026-03-05T10:42:54.581+05:30 TRACE 24928 --- [Java-SLF4J] [main] o.s.b.f.s.DefaultListableBeanFactory     : Returning cached instance of singleton bean 'org.springframework.boot.webmvc.autoconfigure.WebMvcAutoConfiguration'
2026-03-05T10:42:54.581+05:30 TRACE 24928 --- [Java-SLF4J] [main] o.s.b.f.s.DefaultListableBeanFactory     : Returning cached instance of singleton bean 'formContentFilter'
2026-03-05T10:42:54.581+05:30 DEBUG 24928 --- [Java-SLF4J] [main] o.s.b.f.s.DefaultListableBeanFactory     : Creating shared instance of singleton bean 'org.springframework.boot.autoconfigure.aop.AopAutoConfiguration$ClassProxyingConfiguration'
2026-03-05T10:42:54.581+05:30 TRACE 24928 --- [Java-SLF4J] [main] o.s.b.f.s.DefaultListableBeanFactory     : Creating instance of bean 'org.springframework.boot.autoconfigure.aop.AopAutoConfiguration$ClassProxyingConfiguration'
2026-03-05T10:42:54.581+05:30 TRACE 24928 --- [Java-SLF4J] [main] o.s.b.f.s.DefaultListableBeanFactory     : Finished creating instance of bean 'org.springframework.boot.autoconfigure.aop.AopAutoConfiguration$ClassProxyingConfiguration'
2026-03-05T10:42:54.581+05:30 TRACE 24928 --- [Java-SLF4J] [main] o.s.b.f.s.DefaultListableBeanFactory     : Returning cached instance of singleton bean 'forceAutoProxyCreatorToUseClassProxying'
2026-03-05T10:42:54.581+05:30 DEBUG 24928 --- [Java-SLF4J] [main] o.s.b.f.s.DefaultListableBeanFactory     : Creating shared instance of singleton bean 'org.springframework.boot.autoconfigure.aop.AopAutoConfiguration'
2026-03-05T10:42:54.581+05:30 TRACE 24928 --- [Java-SLF4J] [main] o.s.b.f.s.DefaultListableBeanFactory     : Creating instance of bean 'org.springframework.boot.autoconfigure.aop.AopAutoConfiguration'
2026-03-05T10:42:54.582+05:30 TRACE 24928 --- [Java-SLF4J] [main] o.s.b.f.s.DefaultListableBeanFactory     : Finished creating instance of bean 'org.springframework.boot.autoconfigure.aop.AopAutoConfiguration'
2026-03-05T10:42:54.582+05:30 DEBUG 24928 --- [Java-SLF4J] [main] o.s.b.f.s.DefaultListableBeanFactory     : Creating shared instance of singleton bean 'org.springframework.boot.autoconfigure.availability.ApplicationAvailabilityAutoConfiguration'
2026-03-05T10:42:54.582+05:30 TRACE 24928 --- [Java-SLF4J] [main] o.s.b.f.s.DefaultListableBeanFactory     : Creating instance of bean 'org.springframework.boot.autoconfigure.availability.ApplicationAvailabilityAutoConfiguration'
2026-03-05T10:42:54.582+05:30 TRACE 24928 --- [Java-SLF4J] [main] o.s.b.f.s.DefaultListableBeanFactory     : Finished creating instance of bean 'org.springframework.boot.autoconfigure.availability.ApplicationAvailabilityAutoConfiguration'
2026-03-05T10:42:54.582+05:30 DEBUG 24928 --- [Java-SLF4J] [main] o.s.b.f.s.DefaultListableBeanFactory     : Creating shared instance of singleton bean 'applicationAvailability'
2026-03-05T10:42:54.582+05:30 TRACE 24928 --- [Java-SLF4J] [main] o.s.b.f.s.DefaultListableBeanFactory     : Creating instance of bean 'applicationAvailability'
2026-03-05T10:42:54.582+05:30 TRACE 24928 --- [Java-SLF4J] [main] o.s.b.f.s.DefaultListableBeanFactory     : Returning cached instance of singleton bean 'org.springframework.boot.autoconfigure.availability.ApplicationAvailabilityAutoConfiguration'
2026-03-05T10:42:54.583+05:30 TRACE 24928 --- [Java-SLF4J] [main] o.s.b.f.s.DefaultListableBeanFactory     : Finished creating instance of bean 'applicationAvailability'
2026-03-05T10:42:54.583+05:30 DEBUG 24928 --- [Java-SLF4J] [main] o.s.b.f.s.DefaultListableBeanFactory     : Creating shared instance of singleton bean 'org.springframework.boot.autoconfigure.context.ConfigurationPropertiesAutoConfiguration'
2026-03-05T10:42:54.583+05:30 TRACE 24928 --- [Java-SLF4J] [main] o.s.b.f.s.DefaultListableBeanFactory     : Creating instance of bean 'org.springframework.boot.autoconfigure.context.ConfigurationPropertiesAutoConfiguration'
2026-03-05T10:42:54.583+05:30 TRACE 24928 --- [Java-SLF4J] [main] o.s.b.f.s.DefaultListableBeanFactory     : Finished creating instance of bean 'org.springframework.boot.autoconfigure.context.ConfigurationPropertiesAutoConfiguration'
2026-03-05T10:42:54.583+05:30 DEBUG 24928 --- [Java-SLF4J] [main] o.s.b.f.s.DefaultListableBeanFactory     : Creating shared instance of singleton bean 'org.springframework.boot.autoconfigure.context.LifecycleAutoConfiguration'
2026-03-05T10:42:54.583+05:30 TRACE 24928 --- [Java-SLF4J] [main] o.s.b.f.s.DefaultListableBeanFactory     : Creating instance of bean 'org.springframework.boot.autoconfigure.context.LifecycleAutoConfiguration'
2026-03-05T10:42:54.583+05:30 TRACE 24928 --- [Java-SLF4J] [main] o.s.b.f.s.DefaultListableBeanFactory     : Finished creating instance of bean 'org.springframework.boot.autoconfigure.context.LifecycleAutoConfiguration'
2026-03-05T10:42:54.583+05:30 DEBUG 24928 --- [Java-SLF4J] [main] o.s.b.f.s.DefaultListableBeanFactory     : Creating shared instance of singleton bean 'lifecycleProcessor'
2026-03-05T10:42:54.583+05:30 TRACE 24928 --- [Java-SLF4J] [main] o.s.b.f.s.DefaultListableBeanFactory     : Creating instance of bean 'lifecycleProcessor'
2026-03-05T10:42:54.583+05:30 TRACE 24928 --- [Java-SLF4J] [main] o.s.b.f.s.DefaultListableBeanFactory     : Returning cached instance of singleton bean 'org.springframework.boot.autoconfigure.context.LifecycleAutoConfiguration'
2026-03-05T10:42:54.584+05:30 DEBUG 24928 --- [Java-SLF4J] [main] o.s.b.f.s.DefaultListableBeanFactory     : Creating shared instance of singleton bean 'spring.lifecycle-org.springframework.boot.autoconfigure.context.LifecycleProperties'
2026-03-05T10:42:54.584+05:30 TRACE 24928 --- [Java-SLF4J] [main] o.s.b.f.s.DefaultListableBeanFactory     : Creating instance of bean 'spring.lifecycle-org.springframework.boot.autoconfigure.context.LifecycleProperties'
2026-03-05T10:42:54.584+05:30 TRACE 24928 --- [Java-SLF4J] [main] o.s.b.f.s.DefaultListableBeanFactory     : Returning cached instance of singleton bean 'org.springframework.boot.context.properties.BoundConfigurationProperties'
2026-03-05T10:42:54.584+05:30 TRACE 24928 --- [Java-SLF4J] [main] o.s.b.f.s.DefaultListableBeanFactory     : Finished creating instance of bean 'spring.lifecycle-org.springframework.boot.autoconfigure.context.LifecycleProperties'
2026-03-05T10:42:54.584+05:30 DEBUG 24928 --- [Java-SLF4J] [main] o.s.b.f.s.DefaultListableBeanFactory     : Autowiring by type from bean name 'lifecycleProcessor' via factory method to bean named 'spring.lifecycle-org.springframework.boot.autoconfigure.context.LifecycleProperties'
2026-03-05T10:42:54.586+05:30 TRACE 24928 --- [Java-SLF4J] [main] o.s.b.f.s.DefaultListableBeanFactory     : Finished creating instance of bean 'lifecycleProcessor'
2026-03-05T10:42:54.586+05:30 TRACE 24928 --- [Java-SLF4J] [main] o.s.b.f.s.DefaultListableBeanFactory     : Returning cached instance of singleton bean 'spring.lifecycle-org.springframework.boot.autoconfigure.context.LifecycleProperties'
2026-03-05T10:42:54.586+05:30 DEBUG 24928 --- [Java-SLF4J] [main] o.s.b.f.s.DefaultListableBeanFactory     : Creating shared instance of singleton bean 'org.springframework.boot.autoconfigure.info.ProjectInfoAutoConfiguration'
2026-03-05T10:42:54.586+05:30 TRACE 24928 --- [Java-SLF4J] [main] o.s.b.f.s.DefaultListableBeanFactory     : Creating instance of bean 'org.springframework.boot.autoconfigure.info.ProjectInfoAutoConfiguration'
2026-03-05T10:42:54.587+05:30 DEBUG 24928 --- [Java-SLF4J] [main] o.s.b.f.s.DefaultListableBeanFactory     : Creating shared instance of singleton bean 'spring.info-org.springframework.boot.autoconfigure.info.ProjectInfoProperties'
2026-03-05T10:42:54.587+05:30 TRACE 24928 --- [Java-SLF4J] [main] o.s.b.f.s.DefaultListableBeanFactory     : Creating instance of bean 'spring.info-org.springframework.boot.autoconfigure.info.ProjectInfoProperties'
2026-03-05T10:42:54.588+05:30 TRACE 24928 --- [Java-SLF4J] [main] o.s.b.f.s.DefaultListableBeanFactory     : Returning cached instance of singleton bean 'org.springframework.boot.context.properties.BoundConfigurationProperties'
2026-03-05T10:42:54.588+05:30 TRACE 24928 --- [Java-SLF4J] [main] o.s.b.f.s.DefaultListableBeanFactory     : Finished creating instance of bean 'spring.info-org.springframework.boot.autoconfigure.info.ProjectInfoProperties'
2026-03-05T10:42:54.588+05:30 DEBUG 24928 --- [Java-SLF4J] [main] o.s.b.f.s.DefaultListableBeanFactory     : Autowiring by type from bean name 'org.springframework.boot.autoconfigure.info.ProjectInfoAutoConfiguration' via constructor to bean named 'spring.info-org.springframework.boot.autoconfigure.info.ProjectInfoProperties'
2026-03-05T10:42:54.588+05:30 TRACE 24928 --- [Java-SLF4J] [main] o.s.b.f.s.DefaultListableBeanFactory     : Finished creating instance of bean 'org.springframework.boot.autoconfigure.info.ProjectInfoAutoConfiguration'
2026-03-05T10:42:54.588+05:30 TRACE 24928 --- [Java-SLF4J] [main] o.s.b.f.s.DefaultListableBeanFactory     : Returning cached instance of singleton bean 'spring.info-org.springframework.boot.autoconfigure.info.ProjectInfoProperties'
2026-03-05T10:42:54.588+05:30 TRACE 24928 --- [Java-SLF4J] [main] o.s.b.f.s.DefaultListableBeanFactory     : Returning cached instance of singleton bean 'org.springframework.boot.autoconfigure.ssl.SslAutoConfiguration'
2026-03-05T10:42:54.588+05:30 TRACE 24928 --- [Java-SLF4J] [main] o.s.b.f.s.DefaultListableBeanFactory     : Returning cached instance of singleton bean 'fileWatcher'
2026-03-05T10:42:54.588+05:30 TRACE 24928 --- [Java-SLF4J] [main] o.s.b.f.s.DefaultListableBeanFactory     : Returning cached instance of singleton bean 'sslPropertiesSslBundleRegistrar'
2026-03-05T10:42:54.588+05:30 TRACE 24928 --- [Java-SLF4J] [main] o.s.b.f.s.DefaultListableBeanFactory     : Returning cached instance of singleton bean 'sslBundleRegistry'
2026-03-05T10:42:54.588+05:30 TRACE 24928 --- [Java-SLF4J] [main] o.s.b.f.s.DefaultListableBeanFactory     : Returning cached instance of singleton bean 'spring.ssl-org.springframework.boot.autoconfigure.ssl.SslProperties'
2026-03-05T10:42:54.588+05:30 DEBUG 24928 --- [Java-SLF4J] [main] o.s.b.f.s.DefaultListableBeanFactory     : Creating shared instance of singleton bean 'org.springframework.boot.autoconfigure.task.TaskSchedulingConfigurations$ThreadPoolTaskSchedulerBuilderConfiguration'
2026-03-05T10:42:54.588+05:30 TRACE 24928 --- [Java-SLF4J] [main] o.s.b.f.s.DefaultListableBeanFactory     : Creating instance of bean 'org.springframework.boot.autoconfigure.task.TaskSchedulingConfigurations$ThreadPoolTaskSchedulerBuilderConfiguration'
2026-03-05T10:42:54.588+05:30 TRACE 24928 --- [Java-SLF4J] [main] o.s.b.f.s.DefaultListableBeanFactory     : Finished creating instance of bean 'org.springframework.boot.autoconfigure.task.TaskSchedulingConfigurations$ThreadPoolTaskSchedulerBuilderConfiguration'
2026-03-05T10:42:54.588+05:30 DEBUG 24928 --- [Java-SLF4J] [main] o.s.b.f.s.DefaultListableBeanFactory     : Creating shared instance of singleton bean 'threadPoolTaskSchedulerBuilder'
2026-03-05T10:42:54.588+05:30 TRACE 24928 --- [Java-SLF4J] [main] o.s.b.f.s.DefaultListableBeanFactory     : Creating instance of bean 'threadPoolTaskSchedulerBuilder'
2026-03-05T10:42:54.588+05:30 TRACE 24928 --- [Java-SLF4J] [main] o.s.b.f.s.DefaultListableBeanFactory     : Returning cached instance of singleton bean 'org.springframework.boot.autoconfigure.task.TaskSchedulingConfigurations$ThreadPoolTaskSchedulerBuilderConfiguration'
2026-03-05T10:42:54.590+05:30 DEBUG 24928 --- [Java-SLF4J] [main] o.s.b.f.s.DefaultListableBeanFactory     : Creating shared instance of singleton bean 'spring.task.scheduling-org.springframework.boot.autoconfigure.task.TaskSchedulingProperties'
2026-03-05T10:42:54.590+05:30 TRACE 24928 --- [Java-SLF4J] [main] o.s.b.f.s.DefaultListableBeanFactory     : Creating instance of bean 'spring.task.scheduling-org.springframework.boot.autoconfigure.task.TaskSchedulingProperties'
2026-03-05T10:42:54.590+05:30 TRACE 24928 --- [Java-SLF4J] [main] o.s.b.f.s.DefaultListableBeanFactory     : Returning cached instance of singleton bean 'org.springframework.boot.context.properties.BoundConfigurationProperties'
2026-03-05T10:42:54.591+05:30 TRACE 24928 --- [Java-SLF4J] [main] o.s.b.f.s.DefaultListableBeanFactory     : Finished creating instance of bean 'spring.task.scheduling-org.springframework.boot.autoconfigure.task.TaskSchedulingProperties'
2026-03-05T10:42:54.591+05:30 DEBUG 24928 --- [Java-SLF4J] [main] o.s.b.f.s.DefaultListableBeanFactory     : Autowiring by type from bean name 'threadPoolTaskSchedulerBuilder' via factory method to bean named 'spring.task.scheduling-org.springframework.boot.autoconfigure.task.TaskSchedulingProperties'
2026-03-05T10:42:54.593+05:30 TRACE 24928 --- [Java-SLF4J] [main] o.s.b.f.s.DefaultListableBeanFactory     : Finished creating instance of bean 'threadPoolTaskSchedulerBuilder'
2026-03-05T10:42:54.593+05:30 DEBUG 24928 --- [Java-SLF4J] [main] o.s.b.f.s.DefaultListableBeanFactory     : Creating shared instance of singleton bean 'org.springframework.boot.autoconfigure.task.TaskSchedulingConfigurations$SimpleAsyncTaskSchedulerBuilderConfiguration'
2026-03-05T10:42:54.593+05:30 TRACE 24928 --- [Java-SLF4J] [main] o.s.b.f.s.DefaultListableBeanFactory     : Creating instance of bean 'org.springframework.boot.autoconfigure.task.TaskSchedulingConfigurations$SimpleAsyncTaskSchedulerBuilderConfiguration'
2026-03-05T10:42:54.594+05:30 TRACE 24928 --- [Java-SLF4J] [main] o.s.b.f.s.DefaultListableBeanFactory     : Returning cached instance of singleton bean 'spring.task.scheduling-org.springframework.boot.autoconfigure.task.TaskSchedulingProperties'
2026-03-05T10:42:54.594+05:30 DEBUG 24928 --- [Java-SLF4J] [main] o.s.b.f.s.DefaultListableBeanFactory     : Autowiring by type from bean name 'org.springframework.boot.autoconfigure.task.TaskSchedulingConfigurations$SimpleAsyncTaskSchedulerBuilderConfiguration' via constructor to bean named 'spring.task.scheduling-org.springframework.boot.autoconfigure.task.TaskSchedulingProperties'
2026-03-05T10:42:54.594+05:30 TRACE 24928 --- [Java-SLF4J] [main] o.s.b.f.s.DefaultListableBeanFactory     : Finished creating instance of bean 'org.springframework.boot.autoconfigure.task.TaskSchedulingConfigurations$SimpleAsyncTaskSchedulerBuilderConfiguration'
2026-03-05T10:42:54.594+05:30 DEBUG 24928 --- [Java-SLF4J] [main] o.s.b.f.s.DefaultListableBeanFactory     : Creating shared instance of singleton bean 'simpleAsyncTaskSchedulerBuilder'
2026-03-05T10:42:54.594+05:30 TRACE 24928 --- [Java-SLF4J] [main] o.s.b.f.s.DefaultListableBeanFactory     : Creating instance of bean 'simpleAsyncTaskSchedulerBuilder'
2026-03-05T10:42:54.594+05:30 TRACE 24928 --- [Java-SLF4J] [main] o.s.b.f.s.DefaultListableBeanFactory     : Returning cached instance of singleton bean 'org.springframework.boot.autoconfigure.task.TaskSchedulingConfigurations$SimpleAsyncTaskSchedulerBuilderConfiguration'
2026-03-05T10:42:54.595+05:30 TRACE 24928 --- [Java-SLF4J] [main] o.s.b.f.s.DefaultListableBeanFactory     : Finished creating instance of bean 'simpleAsyncTaskSchedulerBuilder'
2026-03-05T10:42:54.595+05:30 DEBUG 24928 --- [Java-SLF4J] [main] o.s.b.f.s.DefaultListableBeanFactory     : Creating shared instance of singleton bean 'org.springframework.boot.autoconfigure.task.TaskSchedulingAutoConfiguration'
2026-03-05T10:42:54.595+05:30 TRACE 24928 --- [Java-SLF4J] [main] o.s.b.f.s.DefaultListableBeanFactory     : Creating instance of bean 'org.springframework.boot.autoconfigure.task.TaskSchedulingAutoConfiguration'
2026-03-05T10:42:54.596+05:30 TRACE 24928 --- [Java-SLF4J] [main] o.s.b.f.s.DefaultListableBeanFactory     : Finished creating instance of bean 'org.springframework.boot.autoconfigure.task.TaskSchedulingAutoConfiguration'
2026-03-05T10:42:54.596+05:30 TRACE 24928 --- [Java-SLF4J] [main] o.s.b.f.s.DefaultListableBeanFactory     : Returning cached instance of singleton bean 'spring.task.scheduling-org.springframework.boot.autoconfigure.task.TaskSchedulingProperties'
2026-03-05T10:42:54.596+05:30 TRACE 24928 --- [Java-SLF4J] [main] o.s.b.f.s.DefaultListableBeanFactory     : Returning cached instance of singleton bean 'org.springframework.boot.jackson.autoconfigure.JacksonAutoConfiguration$JsonProblemDetailsConfiguration'
2026-03-05T10:42:54.596+05:30 TRACE 24928 --- [Java-SLF4J] [main] o.s.b.f.s.DefaultListableBeanFactory     : Returning cached instance of singleton bean 'problemDetailJsonMapperBuilderCustomizer'
2026-03-05T10:42:54.596+05:30 TRACE 24928 --- [Java-SLF4J] [main] o.s.b.f.s.DefaultListableBeanFactory     : Returning cached instance of singleton bean 'org.springframework.boot.jackson.autoconfigure.JacksonAutoConfiguration$JacksonJsonMapperBuilderCustomizerConfiguration'
2026-03-05T10:42:54.596+05:30 TRACE 24928 --- [Java-SLF4J] [main] o.s.b.f.s.DefaultListableBeanFactory     : Returning cached instance of singleton bean 'standardJsonMapperBuilderCustomizer'
2026-03-05T10:42:54.596+05:30 TRACE 24928 --- [Java-SLF4J] [main] o.s.b.f.s.DefaultListableBeanFactory     : Returning cached instance of singleton bean 'spring.jackson-org.springframework.boot.jackson.autoconfigure.JacksonProperties'
2026-03-05T10:42:54.596+05:30 TRACE 24928 --- [Java-SLF4J] [main] o.s.b.f.s.DefaultListableBeanFactory     : Returning cached instance of singleton bean 'org.springframework.boot.jackson.autoconfigure.JacksonAutoConfiguration$JacksonMixinConfiguration'
2026-03-05T10:42:54.596+05:30 TRACE 24928 --- [Java-SLF4J] [main] o.s.b.f.s.DefaultListableBeanFactory     : Returning cached instance of singleton bean 'jacksonMixinModuleEntries'
2026-03-05T10:42:54.596+05:30 TRACE 24928 --- [Java-SLF4J] [main] o.s.b.f.s.DefaultListableBeanFactory     : Returning cached instance of singleton bean 'jacksonMixinModule'
2026-03-05T10:42:54.596+05:30 TRACE 24928 --- [Java-SLF4J] [main] o.s.b.f.s.DefaultListableBeanFactory     : Returning cached instance of singleton bean 'org.springframework.boot.jackson.autoconfigure.JacksonAutoConfiguration'
2026-03-05T10:42:54.596+05:30 TRACE 24928 --- [Java-SLF4J] [main] o.s.b.f.s.DefaultListableBeanFactory     : Returning cached instance of singleton bean 'jsonComponentModule'
2026-03-05T10:42:54.596+05:30 TRACE 24928 --- [Java-SLF4J] [main] o.s.b.f.s.DefaultListableBeanFactory     : Returning cached instance of singleton bean 'jacksonJsonMapper'
2026-03-05T10:42:54.596+05:30 TRACE 24928 --- [Java-SLF4J] [main] o.s.b.f.s.DefaultListableBeanFactory     : Returning cached instance of singleton bean 'org.springframework.boot.http.converter.autoconfigure.HttpMessageConvertersAutoConfiguration$StringHttpMessageConverterConfiguration'
2026-03-05T10:42:54.596+05:30 TRACE 24928 --- [Java-SLF4J] [main] o.s.b.f.s.DefaultListableBeanFactory     : Returning cached instance of singleton bean 'stringHttpMessageConvertersCustomizer'
2026-03-05T10:42:54.596+05:30 TRACE 24928 --- [Java-SLF4J] [main] o.s.b.f.s.DefaultListableBeanFactory     : Returning cached instance of singleton bean 'spring.http.converters-org.springframework.boot.http.converter.autoconfigure.HttpMessageConvertersProperties'
2026-03-05T10:42:54.596+05:30 TRACE 24928 --- [Java-SLF4J] [main] o.s.b.f.s.DefaultListableBeanFactory     : Returning cached instance of singleton bean 'org.springframework.boot.http.converter.autoconfigure.JacksonHttpMessageConvertersConfiguration$JacksonJsonHttpMessageConverterConfiguration'
2026-03-05T10:42:54.596+05:30 TRACE 24928 --- [Java-SLF4J] [main] o.s.b.f.s.DefaultListableBeanFactory     : Returning cached instance of singleton bean 'jacksonJsonHttpMessageConvertersCustomizer'
2026-03-05T10:42:54.596+05:30 DEBUG 24928 --- [Java-SLF4J] [main] o.s.b.f.s.DefaultListableBeanFactory     : Creating shared instance of singleton bean 'org.springframework.boot.http.converter.autoconfigure.JacksonHttpMessageConvertersConfiguration'
2026-03-05T10:42:54.596+05:30 TRACE 24928 --- [Java-SLF4J] [main] o.s.b.f.s.DefaultListableBeanFactory     : Creating instance of bean 'org.springframework.boot.http.converter.autoconfigure.JacksonHttpMessageConvertersConfiguration'
2026-03-05T10:42:54.596+05:30 TRACE 24928 --- [Java-SLF4J] [main] o.s.b.f.s.DefaultListableBeanFactory     : Finished creating instance of bean 'org.springframework.boot.http.converter.autoconfigure.JacksonHttpMessageConvertersConfiguration'
2026-03-05T10:42:54.596+05:30 DEBUG 24928 --- [Java-SLF4J] [main] o.s.b.f.s.DefaultListableBeanFactory     : Creating shared instance of singleton bean 'org.springframework.boot.http.converter.autoconfigure.Jackson2HttpMessageConvertersConfiguration'
2026-03-05T10:42:54.596+05:30 TRACE 24928 --- [Java-SLF4J] [main] o.s.b.f.s.DefaultListableBeanFactory     : Creating instance of bean 'org.springframework.boot.http.converter.autoconfigure.Jackson2HttpMessageConvertersConfiguration'
2026-03-05T10:42:54.596+05:30 TRACE 24928 --- [Java-SLF4J] [main] o.s.b.f.s.DefaultListableBeanFactory     : Finished creating instance of bean 'org.springframework.boot.http.converter.autoconfigure.Jackson2HttpMessageConvertersConfiguration'
2026-03-05T10:42:54.596+05:30 TRACE 24928 --- [Java-SLF4J] [main] o.s.b.f.s.DefaultListableBeanFactory     : Returning cached instance of singleton bean 'org.springframework.boot.http.converter.autoconfigure.HttpMessageConvertersAutoConfiguration'
2026-03-05T10:42:54.596+05:30 DEBUG 24928 --- [Java-SLF4J] [main] o.s.b.f.s.DefaultListableBeanFactory     : Creating shared instance of singleton bean 'clientConvertersCustomizer'
2026-03-05T10:42:54.596+05:30 TRACE 24928 --- [Java-SLF4J] [main] o.s.b.f.s.DefaultListableBeanFactory     : Creating instance of bean 'clientConvertersCustomizer'
2026-03-05T10:42:54.596+05:30 TRACE 24928 --- [Java-SLF4J] [main] o.s.b.f.s.DefaultListableBeanFactory     : Returning cached instance of singleton bean 'org.springframework.boot.http.converter.autoconfigure.HttpMessageConvertersAutoConfiguration'
2026-03-05T10:42:54.598+05:30 TRACE 24928 --- [Java-SLF4J] [main] o.s.b.f.s.DefaultListableBeanFactory     : Finished creating instance of bean 'clientConvertersCustomizer'
2026-03-05T10:42:54.598+05:30 TRACE 24928 --- [Java-SLF4J] [main] o.s.b.f.s.DefaultListableBeanFactory     : Returning cached instance of singleton bean 'serverConvertersCustomizer'
2026-03-05T10:42:54.598+05:30 TRACE 24928 --- [Java-SLF4J] [main] o.s.b.f.s.DefaultListableBeanFactory     : Returning cached instance of singleton bean 'org.springframework.boot.servlet.autoconfigure.HttpEncodingAutoConfiguration'
2026-03-05T10:42:54.598+05:30 TRACE 24928 --- [Java-SLF4J] [main] o.s.b.f.s.DefaultListableBeanFactory     : Returning cached instance of singleton bean 'characterEncodingFilter'
2026-03-05T10:42:54.598+05:30 TRACE 24928 --- [Java-SLF4J] [main] o.s.b.f.s.DefaultListableBeanFactory     : Returning cached instance of singleton bean 'spring.servlet.encoding-org.springframework.boot.servlet.autoconfigure.ServletEncodingProperties'
2026-03-05T10:42:54.598+05:30 TRACE 24928 --- [Java-SLF4J] [main] o.s.b.f.s.DefaultListableBeanFactory     : Returning cached instance of singleton bean 'org.springframework.boot.servlet.autoconfigure.MultipartAutoConfiguration'
2026-03-05T10:42:54.599+05:30 TRACE 24928 --- [Java-SLF4J] [main] o.s.b.f.s.DefaultListableBeanFactory     : Returning cached instance of singleton bean 'multipartConfigElement'
2026-03-05T10:42:54.599+05:30 DEBUG 24928 --- [Java-SLF4J] [main] o.s.b.f.s.DefaultListableBeanFactory     : Creating shared instance of singleton bean 'multipartResolver'
2026-03-05T10:42:54.599+05:30 TRACE 24928 --- [Java-SLF4J] [main] o.s.b.f.s.DefaultListableBeanFactory     : Creating instance of bean 'multipartResolver'
2026-03-05T10:42:54.599+05:30 TRACE 24928 --- [Java-SLF4J] [main] o.s.b.f.s.DefaultListableBeanFactory     : Returning cached instance of singleton bean 'org.springframework.boot.servlet.autoconfigure.MultipartAutoConfiguration'
2026-03-05T10:42:54.600+05:30 TRACE 24928 --- [Java-SLF4J] [main] o.s.b.f.s.DefaultListableBeanFactory     : Finished creating instance of bean 'multipartResolver'
2026-03-05T10:42:54.600+05:30 TRACE 24928 --- [Java-SLF4J] [main] o.s.b.f.s.DefaultListableBeanFactory     : Returning cached instance of singleton bean 'spring.servlet.multipart-org.springframework.boot.servlet.autoconfigure.MultipartProperties'
2026-03-05T10:42:54.600+05:30 TRACE 24928 --- [Java-SLF4J] [main] o.s.b.f.s.DefaultListableBeanFactory     : Returning cached instance of singleton bean 'org.springframework.boot.web.server.autoconfigure.servlet.ServletWebServerConfiguration'
2026-03-05T10:42:54.600+05:30 TRACE 24928 --- [Java-SLF4J] [main] o.s.b.f.s.DefaultListableBeanFactory     : Returning cached instance of singleton bean 'servletWebServerFactoryCustomizer'
2026-03-05T10:42:54.600+05:30 TRACE 24928 --- [Java-SLF4J] [main] o.s.b.f.s.DefaultListableBeanFactory     : Returning cached instance of singleton bean 'server-org.springframework.boot.web.server.autoconfigure.ServerProperties'
2026-03-05T10:42:54.600+05:30 TRACE 24928 --- [Java-SLF4J] [main] o.s.b.f.s.DefaultListableBeanFactory     : Returning cached instance of singleton bean 'webServerFactoryCustomizerBeanPostProcessor'
2026-03-05T10:42:54.600+05:30 TRACE 24928 --- [Java-SLF4J] [main] o.s.b.f.s.DefaultListableBeanFactory     : Returning cached instance of singleton bean 'errorPageRegistrarBeanPostProcessor'
2026-03-05T10:42:54.600+05:30 TRACE 24928 --- [Java-SLF4J] [main] o.s.b.f.s.DefaultListableBeanFactory     : Returning cached instance of singleton bean 'org.springframework.boot.tomcat.autoconfigure.TomcatWebServerConfiguration$TomcatWebSocketConfiguration'
2026-03-05T10:42:54.600+05:30 TRACE 24928 --- [Java-SLF4J] [main] o.s.b.f.s.DefaultListableBeanFactory     : Returning cached instance of singleton bean 'webSocketWebServerCustomizer'
2026-03-05T10:42:54.600+05:30 TRACE 24928 --- [Java-SLF4J] [main] o.s.b.f.s.DefaultListableBeanFactory     : Returning cached instance of singleton bean 'org.springframework.boot.tomcat.autoconfigure.TomcatWebServerConfiguration'
2026-03-05T10:42:54.600+05:30 TRACE 24928 --- [Java-SLF4J] [main] o.s.b.f.s.DefaultListableBeanFactory     : Returning cached instance of singleton bean 'tomcatWebServerFactoryCustomizer'
2026-03-05T10:42:54.600+05:30 TRACE 24928 --- [Java-SLF4J] [main] o.s.b.f.s.DefaultListableBeanFactory     : Returning cached instance of singleton bean 'org.springframework.boot.tomcat.autoconfigure.servlet.TomcatServletWebServerAutoConfiguration'
2026-03-05T10:42:54.600+05:30 TRACE 24928 --- [Java-SLF4J] [main] o.s.b.f.s.DefaultListableBeanFactory     : Returning cached instance of singleton bean 'tomcatServletWebServerFactory'
2026-03-05T10:42:54.600+05:30 TRACE 24928 --- [Java-SLF4J] [main] o.s.b.f.s.DefaultListableBeanFactory     : Returning cached instance of singleton bean 'tomcatServletWebServerFactoryCustomizer'
2026-03-05T10:42:54.600+05:30 TRACE 24928 --- [Java-SLF4J] [main] o.s.b.f.s.DefaultListableBeanFactory     : Returning cached instance of singleton bean 'server.tomcat-org.springframework.boot.tomcat.autoconfigure.TomcatServerProperties'
2026-03-05T10:42:54.600+05:30 TRACE 24928 --- [Java-SLF4J] [main] o.s.b.f.s.DefaultListableBeanFactory     : Returning cached instance of singleton bean 'org.springframework.aop.config.internalAutoProxyCreator'
2026-03-05T10:42:54.600+05:30 TRACE 24928 --- [Java-SLF4J] [main] o.s.b.f.s.DefaultListableBeanFactory     : Returning cached instance of singleton bean 'org.springframework.aop.framework.autoproxy.defaultProxyConfig'
2026-03-05T10:42:54.601+05:30 TRACE 24928 --- [Java-SLF4J] [main] o.s.c.e.EventListenerMethodProcessor     : No @EventListener annotations found on bean class: com.dhyana.javaslf4j.JavaSlf4JApplication
2026-03-05T10:42:54.601+05:30 TRACE 24928 --- [Java-SLF4J] [main] o.s.c.e.EventListenerMethodProcessor     : No @EventListener annotations found on bean class: com.dhyana.javaslf4j.BasicController
2026-03-05T10:42:54.601+05:30 TRACE 24928 --- [Java-SLF4J] [main] o.s.c.e.EventListenerMethodProcessor     : No @EventListener annotations found on bean class: org.springframework.boot.autoconfigure.context.PropertyPlaceholderAutoConfiguration
2026-03-05T10:42:54.601+05:30 TRACE 24928 --- [Java-SLF4J] [main] o.s.c.e.EventListenerMethodProcessor     : No @EventListener annotations found on bean class: org.springframework.boot.webmvc.autoconfigure.DispatcherServletAutoConfiguration$DispatcherServletConfiguration
2026-03-05T10:42:54.601+05:30 TRACE 24928 --- [Java-SLF4J] [main] o.s.c.e.EventListenerMethodProcessor     : No @EventListener annotations found on bean class: org.springframework.boot.webmvc.autoconfigure.DispatcherServletAutoConfiguration$DispatcherServletRegistrationConfiguration
2026-03-05T10:42:54.601+05:30 TRACE 24928 --- [Java-SLF4J] [main] o.s.c.e.EventListenerMethodProcessor     : No @EventListener annotations found on bean class: org.springframework.boot.webmvc.autoconfigure.DispatcherServletAutoConfiguration
2026-03-05T10:42:54.601+05:30 TRACE 24928 --- [Java-SLF4J] [main] o.s.c.e.EventListenerMethodProcessor     : No @EventListener annotations found on bean class: org.springframework.boot.autoconfigure.task.TaskExecutorConfigurations$ThreadPoolTaskExecutorBuilderConfiguration
2026-03-05T10:42:54.602+05:30 TRACE 24928 --- [Java-SLF4J] [main] o.s.c.e.EventListenerMethodProcessor     : No @EventListener annotations found on bean class: org.springframework.boot.autoconfigure.task.TaskExecutorConfigurations$SimpleAsyncTaskExecutorBuilderConfiguration
2026-03-05T10:42:54.602+05:30 TRACE 24928 --- [Java-SLF4J] [main] o.s.c.e.EventListenerMethodProcessor     : No @EventListener annotations found on bean class: org.springframework.boot.autoconfigure.task.TaskExecutorConfigurations$AsyncConfigurerConfiguration
2026-03-05T10:42:54.602+05:30 TRACE 24928 --- [Java-SLF4J] [main] o.s.c.e.EventListenerMethodProcessor     : No @EventListener annotations found on bean class: org.springframework.boot.autoconfigure.task.TaskExecutorConfigurations$TaskExecutorConfiguration
2026-03-05T10:42:54.602+05:30 TRACE 24928 --- [Java-SLF4J] [main] o.s.c.e.EventListenerMethodProcessor     : No @EventListener annotations found on bean class: org.springframework.boot.autoconfigure.task.TaskExecutorConfigurations$BootstrapExecutorConfiguration
2026-03-05T10:42:54.602+05:30 TRACE 24928 --- [Java-SLF4J] [main] o.s.c.e.EventListenerMethodProcessor     : No @EventListener annotations found on bean class: org.springframework.boot.autoconfigure.task.TaskExecutionAutoConfiguration
2026-03-05T10:42:54.602+05:30 TRACE 24928 --- [Java-SLF4J] [main] o.s.c.e.EventListenerMethodProcessor     : No @EventListener annotations found on bean class: org.springframework.boot.webmvc.autoconfigure.error.ErrorMvcAutoConfiguration$WhitelabelErrorViewConfiguration
2026-03-05T10:42:54.602+05:30 TRACE 24928 --- [Java-SLF4J] [main] o.s.c.e.EventListenerMethodProcessor     : No @EventListener annotations found on bean class: org.springframework.boot.webmvc.autoconfigure.error.ErrorMvcAutoConfiguration$DefaultErrorViewResolverConfiguration
2026-03-05T10:42:54.602+05:30 TRACE 24928 --- [Java-SLF4J] [main] o.s.c.e.EventListenerMethodProcessor     : No @EventListener annotations found on bean class: org.springframework.boot.webmvc.autoconfigure.error.ErrorMvcAutoConfiguration
2026-03-05T10:42:54.602+05:30 TRACE 24928 --- [Java-SLF4J] [main] o.s.c.e.EventListenerMethodProcessor     : No @EventListener annotations found on bean class: org.springframework.boot.webmvc.autoconfigure.error.BasicErrorController
2026-03-05T10:42:54.603+05:30 TRACE 24928 --- [Java-SLF4J] [main] o.s.c.e.EventListenerMethodProcessor     : No @EventListener annotations found on bean class: org.springframework.boot.webmvc.autoconfigure.WebMvcAutoConfiguration$EnableWebMvcConfiguration
2026-03-05T10:42:54.603+05:30 TRACE 24928 --- [Java-SLF4J] [main] o.s.c.e.EventListenerMethodProcessor     : No @EventListener annotations found on bean class: org.springframework.boot.webmvc.autoconfigure.WebMvcAutoConfiguration$WebMvcAutoConfigurationAdapter
2026-03-05T10:42:54.603+05:30 TRACE 24928 --- [Java-SLF4J] [main] o.s.c.e.EventListenerMethodProcessor     : No @EventListener annotations found on bean class: org.springframework.boot.webmvc.autoconfigure.WebMvcAutoConfiguration
2026-03-05T10:42:54.603+05:30 TRACE 24928 --- [Java-SLF4J] [main] o.s.c.e.EventListenerMethodProcessor     : No @EventListener annotations found on bean class: org.springframework.boot.autoconfigure.aop.AopAutoConfiguration$ClassProxyingConfiguration
2026-03-05T10:42:54.603+05:30 TRACE 24928 --- [Java-SLF4J] [main] o.s.c.e.EventListenerMethodProcessor     : No @EventListener annotations found on bean class: org.springframework.boot.autoconfigure.aop.AopAutoConfiguration
2026-03-05T10:42:54.603+05:30 TRACE 24928 --- [Java-SLF4J] [main] o.s.c.e.EventListenerMethodProcessor     : No @EventListener annotations found on bean class: org.springframework.boot.autoconfigure.availability.ApplicationAvailabilityAutoConfiguration
2026-03-05T10:42:54.603+05:30 TRACE 24928 --- [Java-SLF4J] [main] o.s.c.e.EventListenerMethodProcessor     : No @EventListener annotations found on bean class: org.springframework.boot.autoconfigure.context.ConfigurationPropertiesAutoConfiguration
2026-03-05T10:42:54.603+05:30 TRACE 24928 --- [Java-SLF4J] [main] o.s.c.e.EventListenerMethodProcessor     : No @EventListener annotations found on bean class: org.springframework.boot.autoconfigure.context.LifecycleAutoConfiguration
2026-03-05T10:42:54.603+05:30 TRACE 24928 --- [Java-SLF4J] [main] o.s.c.e.EventListenerMethodProcessor     : No @EventListener annotations found on bean class: org.springframework.boot.autoconfigure.info.ProjectInfoAutoConfiguration
2026-03-05T10:42:54.603+05:30 TRACE 24928 --- [Java-SLF4J] [main] o.s.c.e.EventListenerMethodProcessor     : No @EventListener annotations found on bean class: org.springframework.boot.autoconfigure.ssl.SslAutoConfiguration
2026-03-05T10:42:54.603+05:30 TRACE 24928 --- [Java-SLF4J] [main] o.s.c.e.EventListenerMethodProcessor     : No @EventListener annotations found on bean class: org.springframework.boot.autoconfigure.task.TaskSchedulingConfigurations$ThreadPoolTaskSchedulerBuilderConfiguration
2026-03-05T10:42:54.603+05:30 TRACE 24928 --- [Java-SLF4J] [main] o.s.c.e.EventListenerMethodProcessor     : No @EventListener annotations found on bean class: org.springframework.boot.autoconfigure.task.TaskSchedulingConfigurations$SimpleAsyncTaskSchedulerBuilderConfiguration
2026-03-05T10:42:54.603+05:30 TRACE 24928 --- [Java-SLF4J] [main] o.s.c.e.EventListenerMethodProcessor     : No @EventListener annotations found on bean class: org.springframework.boot.autoconfigure.task.TaskSchedulingAutoConfiguration
2026-03-05T10:42:54.603+05:30 TRACE 24928 --- [Java-SLF4J] [main] o.s.c.e.EventListenerMethodProcessor     : No @EventListener annotations found on bean class: org.springframework.boot.jackson.autoconfigure.JacksonAutoConfiguration$JsonProblemDetailsConfiguration
2026-03-05T10:42:54.603+05:30 TRACE 24928 --- [Java-SLF4J] [main] o.s.c.e.EventListenerMethodProcessor     : No @EventListener annotations found on bean class: org.springframework.boot.jackson.autoconfigure.JacksonAutoConfiguration$JacksonJsonMapperBuilderCustomizerConfiguration
2026-03-05T10:42:54.603+05:30 TRACE 24928 --- [Java-SLF4J] [main] o.s.c.e.EventListenerMethodProcessor     : No @EventListener annotations found on bean class: org.springframework.boot.jackson.autoconfigure.JacksonAutoConfiguration$JacksonMixinConfiguration
2026-03-05T10:42:54.603+05:30 TRACE 24928 --- [Java-SLF4J] [main] o.s.c.e.EventListenerMethodProcessor     : No @EventListener annotations found on bean class: org.springframework.boot.jackson.autoconfigure.JacksonAutoConfiguration
2026-03-05T10:42:54.605+05:30 TRACE 24928 --- [Java-SLF4J] [main] o.s.c.e.EventListenerMethodProcessor     : No @EventListener annotations found on bean class: tools.jackson.databind.json.JsonMapper$Builder
2026-03-05T10:42:54.607+05:30 TRACE 24928 --- [Java-SLF4J] [main] o.s.c.e.EventListenerMethodProcessor     : No @EventListener annotations found on bean class: tools.jackson.databind.json.JsonMapper
2026-03-05T10:42:54.607+05:30 TRACE 24928 --- [Java-SLF4J] [main] o.s.c.e.EventListenerMethodProcessor     : No @EventListener annotations found on bean class: org.springframework.boot.http.converter.autoconfigure.HttpMessageConvertersAutoConfiguration$StringHttpMessageConverterConfiguration
2026-03-05T10:42:54.607+05:30 TRACE 24928 --- [Java-SLF4J] [main] o.s.c.e.EventListenerMethodProcessor     : No @EventListener annotations found on bean class: org.springframework.boot.http.converter.autoconfigure.JacksonHttpMessageConvertersConfiguration$JacksonJsonHttpMessageConverterConfiguration
2026-03-05T10:42:54.607+05:30 TRACE 24928 --- [Java-SLF4J] [main] o.s.c.e.EventListenerMethodProcessor     : No @EventListener annotations found on bean class: org.springframework.boot.http.converter.autoconfigure.JacksonHttpMessageConvertersConfiguration
2026-03-05T10:42:54.607+05:30 TRACE 24928 --- [Java-SLF4J] [main] o.s.c.e.EventListenerMethodProcessor     : No @EventListener annotations found on bean class: org.springframework.boot.http.converter.autoconfigure.Jackson2HttpMessageConvertersConfiguration
2026-03-05T10:42:54.607+05:30 TRACE 24928 --- [Java-SLF4J] [main] o.s.c.e.EventListenerMethodProcessor     : No @EventListener annotations found on bean class: org.springframework.boot.http.converter.autoconfigure.HttpMessageConvertersAutoConfiguration
2026-03-05T10:42:54.607+05:30 TRACE 24928 --- [Java-SLF4J] [main] o.s.c.e.EventListenerMethodProcessor     : No @EventListener annotations found on bean class: org.springframework.boot.servlet.autoconfigure.HttpEncodingAutoConfiguration
2026-03-05T10:42:54.607+05:30 TRACE 24928 --- [Java-SLF4J] [main] o.s.c.e.EventListenerMethodProcessor     : No @EventListener annotations found on bean class: org.springframework.boot.servlet.autoconfigure.MultipartAutoConfiguration
2026-03-05T10:42:54.607+05:30 TRACE 24928 --- [Java-SLF4J] [main] o.s.c.e.EventListenerMethodProcessor     : No @EventListener annotations found on bean class: jakarta.servlet.MultipartConfigElement
2026-03-05T10:42:54.607+05:30 TRACE 24928 --- [Java-SLF4J] [main] o.s.c.e.EventListenerMethodProcessor     : No @EventListener annotations found on bean class: org.springframework.boot.web.server.autoconfigure.servlet.ServletWebServerConfiguration
2026-03-05T10:42:54.607+05:30 TRACE 24928 --- [Java-SLF4J] [main] o.s.c.e.EventListenerMethodProcessor     : No @EventListener annotations found on bean class: org.springframework.boot.tomcat.autoconfigure.TomcatWebServerConfiguration$TomcatWebSocketConfiguration
2026-03-05T10:42:54.607+05:30 TRACE 24928 --- [Java-SLF4J] [main] o.s.c.e.EventListenerMethodProcessor     : No @EventListener annotations found on bean class: org.springframework.boot.tomcat.autoconfigure.TomcatWebServerConfiguration
2026-03-05T10:42:54.607+05:30 TRACE 24928 --- [Java-SLF4J] [main] o.s.c.e.EventListenerMethodProcessor     : No @EventListener annotations found on bean class: org.springframework.boot.tomcat.autoconfigure.servlet.TomcatServletWebServerAutoConfiguration
2026-03-05T10:42:54.608+05:30 TRACE 24928 --- [Java-SLF4J] [main] o.s.c.e.EventListenerMethodProcessor     : No @EventListener annotations found on bean class: org.apache.catalina.core.ApplicationContextFacade
2026-03-05T10:42:54.609+05:30 TRACE 24928 --- [Java-SLF4J] [main] o.s.b.f.s.DefaultListableBeanFactory     : Returning cached instance of singleton bean 'lifecycleProcessor'
2026-03-05T10:42:54.610+05:30 TRACE 24928 --- [Java-SLF4J] [main] ConfigServletWebServerApplicationContext : Using LifecycleProcessor [org.springframework.context.support.DefaultLifecycleProcessor@29fa6b65]
2026-03-05T10:42:54.610+05:30 TRACE 24928 --- [Java-SLF4J] [main] o.s.b.f.s.DefaultListableBeanFactory     : Returning cached instance of singleton bean 'applicationTaskExecutor'
2026-03-05T10:42:54.610+05:30 TRACE 24928 --- [Java-SLF4J] [main] o.s.b.f.s.DefaultListableBeanFactory     : Returning cached instance of singleton bean 'lifecycleProcessor'
2026-03-05T10:42:54.610+05:30 TRACE 24928 --- [Java-SLF4J] [main] o.s.b.f.s.DefaultListableBeanFactory     : Returning cached instance of singleton bean 'springBootLoggingLifecycle'
2026-03-05T10:42:54.610+05:30 TRACE 24928 --- [Java-SLF4J] [main] o.s.b.f.s.DefaultListableBeanFactory     : Returning cached instance of singleton bean 'webServerGracefulShutdown'
2026-03-05T10:42:54.610+05:30 TRACE 24928 --- [Java-SLF4J] [main] o.s.b.f.s.DefaultListableBeanFactory     : Returning cached instance of singleton bean 'webServerStartStop'
2026-03-05T10:42:54.611+05:30 DEBUG 24928 --- [Java-SLF4J] [main] o.s.c.support.DefaultLifecycleProcessor  : Starting beans in phase -2147483647
2026-03-05T10:42:54.611+05:30 TRACE 24928 --- [Java-SLF4J] [main] o.s.c.support.DefaultLifecycleProcessor  : Starting bean 'springBootLoggingLifecycle' of type [org.springframework.boot.context.logging.LoggingApplicationListener$Lifecycle]
2026-03-05T10:42:54.611+05:30 DEBUG 24928 --- [Java-SLF4J] [main] o.s.c.support.DefaultLifecycleProcessor  : Successfully started bean 'springBootLoggingLifecycle'
2026-03-05T10:42:54.611+05:30 DEBUG 24928 --- [Java-SLF4J] [main] o.s.c.support.DefaultLifecycleProcessor  : Starting beans in phase 1073741823
2026-03-05T10:42:54.611+05:30 DEBUG 24928 --- [Java-SLF4J] [main] o.s.c.support.DefaultLifecycleProcessor  : Starting beans in phase 2147481599
2026-03-05T10:42:54.611+05:30 TRACE 24928 --- [Java-SLF4J] [main] o.s.c.support.DefaultLifecycleProcessor  : Starting bean 'webServerStartStop' of type [org.springframework.boot.web.server.servlet.context.WebServerStartStopLifecycle]
2026-03-05T10:42:54.635+05:30 DEBUG 24928 --- [Java-SLF4J] [http-nio-8080-Acceptor] o.apache.tomcat.util.threads.LimitLatch  : Counting up[http-nio-8080-Acceptor] latch=0
2026-03-05T10:42:54.635+05:30  INFO 24928 --- [Java-SLF4J] [main] o.s.boot.tomcat.TomcatWebServer          : Tomcat started on port 8080 (http) with context path '/'
2026-03-05T10:42:54.636+05:30 DEBUG 24928 --- [Java-SLF4J] [main] o.s.c.support.DefaultLifecycleProcessor  : Successfully started bean 'webServerStartStop'
2026-03-05T10:42:54.636+05:30 DEBUG 24928 --- [Java-SLF4J] [main] o.s.c.support.DefaultLifecycleProcessor  : Starting beans in phase 2147482623
2026-03-05T10:42:54.636+05:30 TRACE 24928 --- [Java-SLF4J] [main] o.s.c.support.DefaultLifecycleProcessor  : Starting bean 'webServerGracefulShutdown' of type [org.springframework.boot.web.server.context.WebServerGracefulShutdownLifecycle]
2026-03-05T10:42:54.636+05:30 DEBUG 24928 --- [Java-SLF4J] [main] o.s.c.support.DefaultLifecycleProcessor  : Successfully started bean 'webServerGracefulShutdown'
2026-03-05T10:42:54.636+05:30 TRACE 24928 --- [Java-SLF4J] [main] o.s.b.f.s.DefaultListableBeanFactory     : Returning cached instance of singleton bean 'org.springframework.boot.autoconfigure.internalCachingMetadataReaderFactory'
2026-03-05T10:42:54.636+05:30 TRACE 24928 --- [Java-SLF4J] [main] o.s.b.f.s.DefaultListableBeanFactory     : Returning cached instance of singleton bean 'mvcResourceUrlProvider'
2026-03-05T10:42:54.640+05:30 DEBUG 24928 --- [Java-SLF4J] [main] .s.b.a.l.ConditionEvaluationReportLogger : 


============================
CONDITIONS EVALUATION REPORT
============================


Positive matches:
-----------------

   AopAutoConfiguration matched:
      - @ConditionalOnBooleanProperty (spring.aop.auto=true) matched (OnPropertyCondition)

   AopAutoConfiguration.ClassProxyingConfiguration matched:
      - @ConditionalOnMissingClass did not find unwanted class 'org.aspectj.weaver.Advice' (OnClassCondition)
      - @ConditionalOnBooleanProperty (spring.aop.proxy-target-class=true) matched (OnPropertyCondition)

   ApplicationAvailabilityAutoConfiguration#applicationAvailability matched:
      - @ConditionalOnMissingBean (types: org.springframework.boot.availability.ApplicationAvailability; SearchStrategy: all) did not find any beans (OnBeanCondition)

   DispatcherServletAutoConfiguration matched:
      - @ConditionalOnClass found required class 'org.springframework.web.servlet.DispatcherServlet' (OnClassCondition)
      - found 'session' scope (OnWebApplicationCondition)

   DispatcherServletAutoConfiguration.DispatcherServletConfiguration matched:
      - @ConditionalOnClass found required class 'jakarta.servlet.ServletRegistration' (OnClassCondition)
      - Default DispatcherServlet did not find dispatcher servlet beans (DispatcherServletAutoConfiguration.DefaultDispatcherServletCondition)

   DispatcherServletAutoConfiguration.DispatcherServletRegistrationConfiguration matched:
      - @ConditionalOnClass found required class 'jakarta.servlet.ServletRegistration' (OnClassCondition)
      - DispatcherServlet Registration did not find servlet registration bean (DispatcherServletAutoConfiguration.DispatcherServletRegistrationCondition)

   DispatcherServletAutoConfiguration.DispatcherServletRegistrationConfiguration#dispatcherServletRegistration matched:
      - @ConditionalOnBean (names: dispatcherServlet types: org.springframework.web.servlet.DispatcherServlet; SearchStrategy: all) found bean 'dispatcherServlet' (OnBeanCondition)

   ErrorMvcAutoConfiguration matched:
      - @ConditionalOnClass found required classes 'jakarta.servlet.Servlet', 'org.springframework.web.servlet.DispatcherServlet' (OnClassCondition)
      - found 'session' scope (OnWebApplicationCondition)

   ErrorMvcAutoConfiguration#basicErrorController matched:
      - @ConditionalOnMissingBean (types: org.springframework.boot.webmvc.error.ErrorController; SearchStrategy: current) did not find any beans (OnBeanCondition)

   ErrorMvcAutoConfiguration#errorAttributes matched:
      - @ConditionalOnMissingBean (types: org.springframework.boot.webmvc.error.ErrorAttributes; SearchStrategy: current) did not find any beans (OnBeanCondition)

   ErrorMvcAutoConfiguration.DefaultErrorViewResolverConfiguration#conventionErrorViewResolver matched:
      - @ConditionalOnBean (types: org.springframework.web.servlet.DispatcherServlet; SearchStrategy: all) found bean 'dispatcherServlet'; @ConditionalOnMissingBean (types: org.springframework.boot.webmvc.autoconfigure.error.ErrorViewResolver; SearchStrategy: all) did not find any beans (OnBeanCondition)

   ErrorMvcAutoConfiguration.WhitelabelErrorViewConfiguration matched:
      - @ConditionalOnBooleanProperty (spring.web.error.whitelabel.enabled=true) matched (OnPropertyCondition)
      - ErrorTemplate Missing did not find error template view (ErrorMvcAutoConfiguration.ErrorTemplateMissingCondition)

   ErrorMvcAutoConfiguration.WhitelabelErrorViewConfiguration#beanNameViewResolver matched:
      - @ConditionalOnMissingBean (types: org.springframework.web.servlet.view.BeanNameViewResolver; SearchStrategy: all) did not find any beans (OnBeanCondition)

   ErrorMvcAutoConfiguration.WhitelabelErrorViewConfiguration#defaultErrorView matched:
      - @ConditionalOnMissingBean (names: error; SearchStrategy: all) did not find any beans (OnBeanCondition)

   HttpEncodingAutoConfiguration matched:
      - @ConditionalOnClass found required class 'org.springframework.web.filter.CharacterEncodingFilter' (OnClassCondition)
      - found 'session' scope (OnWebApplicationCondition)
      - @ConditionalOnBooleanProperty (spring.servlet.encoding.enabled=true) matched (OnPropertyCondition)

   HttpEncodingAutoConfiguration#characterEncodingFilter matched:
      - @ConditionalOnMissingBean (types: org.springframework.web.filter.CharacterEncodingFilter; SearchStrategy: all) did not find any beans (OnBeanCondition)

   HttpMessageConvertersAutoConfiguration matched:
      - @ConditionalOnClass found required class 'org.springframework.http.converter.HttpMessageConverter' (OnClassCondition)
      - NoneNestedConditions 0 matched 1 did not; NestedCondition on HttpMessageConvertersAutoConfiguration.NotReactiveWebApplicationCondition.ReactiveWebApplication did not find reactive web application classes (HttpMessageConvertersAutoConfiguration.NotReactiveWebApplicationCondition)

   HttpMessageConvertersAutoConfiguration.StringHttpMessageConverterConfiguration#stringHttpMessageConvertersCustomizer matched:
      - @ConditionalOnMissingBean (types: org.springframework.http.converter.StringHttpMessageConverter; SearchStrategy: all) did not find any beans (OnBeanCondition)

   JacksonAutoConfiguration matched:
      - @ConditionalOnClass found required class 'tools.jackson.databind.json.JsonMapper' (OnClassCondition)

   JacksonAutoConfiguration#jacksonJsonMapper matched:
      - @ConditionalOnMissingBean (types: tools.jackson.databind.json.JsonMapper; SearchStrategy: all) did not find any beans (OnBeanCondition)

   JacksonAutoConfiguration#jsonMapperBuilder matched:
      - @ConditionalOnMissingBean (types: tools.jackson.databind.json.JsonMapper$Builder; SearchStrategy: all) did not find any beans (OnBeanCondition)

   JacksonAutoConfiguration.JsonProblemDetailsConfiguration matched:
      - @ConditionalOnClass found required class 'org.springframework.http.ProblemDetail' (OnClassCondition)

   JacksonHttpMessageConvertersConfiguration.JacksonJsonHttpMessageConverterConfiguration matched:
      - @ConditionalOnClass found required class 'tools.jackson.databind.json.JsonMapper' (OnClassCondition)
      - @ConditionalOnProperty (spring.http.converters.preferred-json-mapper=jackson) matched (OnPropertyCondition)
      - @ConditionalOnBean (types: tools.jackson.databind.json.JsonMapper; SearchStrategy: all) found bean 'jacksonJsonMapper' (OnBeanCondition)

   JacksonHttpMessageConvertersConfiguration.JacksonJsonHttpMessageConverterConfiguration#jacksonJsonHttpMessageConvertersCustomizer matched:
      - @ConditionalOnMissingBean (types: org.springframework.http.converter.json.JacksonJsonHttpMessageConverter ignored: org.springframework.hateoas.server.mvc.TypeConstrainedJacksonJsonHttpMessageConverter,org.springframework.data.rest.webmvc.alps.AlpsJacksonJsonHttpMessageConverter; SearchStrategy: all) did not find any beans (OnBeanCondition)

   LifecycleAutoConfiguration#defaultLifecycleProcessor matched:
      - @ConditionalOnMissingBean (names: lifecycleProcessor; SearchStrategy: current) did not find any beans (OnBeanCondition)

   MultipartAutoConfiguration matched:
      - @ConditionalOnClass found required classes 'jakarta.servlet.Servlet', 'org.springframework.web.multipart.support.StandardServletMultipartResolver', 'jakarta.servlet.MultipartConfigElement' (OnClassCondition)
      - found 'session' scope (OnWebApplicationCondition)
      - @ConditionalOnBooleanProperty (spring.servlet.multipart.enabled=true) matched (OnPropertyCondition)

   MultipartAutoConfiguration#multipartConfigElement matched:
      - @ConditionalOnMissingBean (types: jakarta.servlet.MultipartConfigElement; SearchStrategy: all) did not find any beans (OnBeanCondition)

   MultipartAutoConfiguration#multipartResolver matched:
      - @ConditionalOnMissingBean (types: org.springframework.web.multipart.MultipartResolver; SearchStrategy: all) did not find any beans (OnBeanCondition)

   PropertyPlaceholderAutoConfiguration#propertySourcesPlaceholderConfigurer matched:
      - @ConditionalOnMissingBean (types: org.springframework.context.support.PropertySourcesPlaceholderConfigurer; SearchStrategy: current) did not find any beans (OnBeanCondition)

   SslAutoConfiguration#sslBundleRegistry matched:
      - @ConditionalOnMissingBean (types: org.springframework.boot.ssl.SslBundleRegistry,org.springframework.boot.ssl.SslBundles; SearchStrategy: all) did not find any beans (OnBeanCondition)

   TaskExecutionAutoConfiguration matched:
      - @ConditionalOnClass found required class 'org.springframework.scheduling.concurrent.ThreadPoolTaskExecutor' (OnClassCondition)

   TaskExecutorConfigurations.AsyncConfigurerConfiguration matched:
      - @ConditionalOnMissingBean (types: org.springframework.scheduling.annotation.AsyncConfigurer; SearchStrategy: all) did not find any beans (OnBeanCondition)

   TaskExecutorConfigurations.SimpleAsyncTaskExecutorBuilderConfiguration#simpleAsyncTaskExecutorBuilder matched:
      - @ConditionalOnThreading found PLATFORM (OnThreadingCondition)
      - @ConditionalOnMissingBean (types: org.springframework.boot.task.SimpleAsyncTaskExecutorBuilder; SearchStrategy: all) did not find any beans (OnBeanCondition)

   TaskExecutorConfigurations.TaskExecutorConfiguration matched:
      - AnyNestedCondition 1 matched 1 did not; NestedCondition on TaskExecutorConfigurations.OnExecutorCondition.ModelCondition @ConditionalOnProperty (spring.task.execution.mode=force) did not find property 'spring.task.execution.mode'; NestedCondition on TaskExecutorConfigurations.OnExecutorCondition.ExecutorBeanCondition @ConditionalOnMissingBean (types: java.util.concurrent.Executor; SearchStrategy: all) did not find any beans (TaskExecutorConfigurations.OnExecutorCondition)

   TaskExecutorConfigurations.TaskExecutorConfiguration#applicationTaskExecutor matched:
      - @ConditionalOnThreading found PLATFORM (OnThreadingCondition)

   TaskExecutorConfigurations.ThreadPoolTaskExecutorBuilderConfiguration#threadPoolTaskExecutorBuilder matched:
      - @ConditionalOnMissingBean (types: org.springframework.boot.task.ThreadPoolTaskExecutorBuilder; SearchStrategy: all) did not find any beans (OnBeanCondition)

   TaskSchedulingAutoConfiguration matched:
      - @ConditionalOnClass found required class 'org.springframework.scheduling.concurrent.ThreadPoolTaskScheduler' (OnClassCondition)

   TaskSchedulingConfigurations.SimpleAsyncTaskSchedulerBuilderConfiguration#simpleAsyncTaskSchedulerBuilder matched:
      - @ConditionalOnThreading found PLATFORM (OnThreadingCondition)
      - @ConditionalOnMissingBean (types: org.springframework.boot.task.SimpleAsyncTaskSchedulerBuilder; SearchStrategy: all) did not find any beans (OnBeanCondition)

   TaskSchedulingConfigurations.ThreadPoolTaskSchedulerBuilderConfiguration#threadPoolTaskSchedulerBuilder matched:
      - @ConditionalOnMissingBean (types: org.springframework.boot.task.ThreadPoolTaskSchedulerBuilder; SearchStrategy: all) did not find any beans (OnBeanCondition)

   TomcatServletWebServerAutoConfiguration matched:
      - @ConditionalOnClass found required classes 'jakarta.servlet.ServletRequest', 'org.apache.catalina.startup.Tomcat', 'org.apache.coyote.UpgradeProtocol', 'org.springframework.boot.tomcat.servlet.TomcatServletWebServerFactory' (OnClassCondition)
      - found 'session' scope (OnWebApplicationCondition)

   TomcatServletWebServerAutoConfiguration#tomcatServletWebServerFactory matched:
      - @ConditionalOnMissingBean (types: org.springframework.boot.web.server.servlet.ServletWebServerFactory; SearchStrategy: current) did not find any beans (OnBeanCondition)

   TomcatWebServerConfiguration matched:
      - @ConditionalOnWarDeployment the application is not deployed as a WAR file. (OnWarDeploymentCondition)

   TomcatWebServerConfiguration.TomcatWebSocketConfiguration matched:
      - @ConditionalOnClass found required class 'org.apache.tomcat.websocket.server.WsSci' (OnClassCondition)

   WebMvcAutoConfiguration matched:
      - @ConditionalOnClass found required classes 'jakarta.servlet.Servlet', 'org.springframework.web.servlet.DispatcherServlet', 'org.springframework.web.servlet.config.annotation.WebMvcConfigurer' (OnClassCondition)
      - found 'session' scope (OnWebApplicationCondition)
      - @ConditionalOnMissingBean (types: org.springframework.web.servlet.config.annotation.WebMvcConfigurationSupport; SearchStrategy: all) did not find any beans (OnBeanCondition)

   WebMvcAutoConfiguration#formContentFilter matched:
      - @ConditionalOnBooleanProperty (spring.mvc.formcontent.filter.enabled=true) matched (OnPropertyCondition)
      - @ConditionalOnMissingBean (types: org.springframework.web.filter.FormContentFilter; SearchStrategy: all) did not find any beans (OnBeanCondition)

   WebMvcAutoConfiguration.EnableWebMvcConfiguration#flashMapManager matched:
      - @ConditionalOnMissingBean (names: flashMapManager; SearchStrategy: all) did not find any beans (OnBeanCondition)

   WebMvcAutoConfiguration.EnableWebMvcConfiguration#localeResolver matched:
      - @ConditionalOnMissingBean (names: localeResolver; SearchStrategy: all) did not find any beans (OnBeanCondition)

   WebMvcAutoConfiguration.EnableWebMvcConfiguration#viewNameTranslator matched:
      - @ConditionalOnMissingBean (names: viewNameTranslator; SearchStrategy: all) did not find any beans (OnBeanCondition)

   WebMvcAutoConfiguration.WebMvcAutoConfigurationAdapter#defaultViewResolver matched:
      - @ConditionalOnMissingBean (types: org.springframework.web.servlet.view.InternalResourceViewResolver; SearchStrategy: all) did not find any beans (OnBeanCondition)

   WebMvcAutoConfiguration.WebMvcAutoConfigurationAdapter#requestContextFilter matched:
      - @ConditionalOnMissingBean (types: org.springframework.web.context.request.RequestContextListener,org.springframework.web.filter.RequestContextFilter; SearchStrategy: all) did not find any beans (OnBeanCondition)

   WebMvcAutoConfiguration.WebMvcAutoConfigurationAdapter#viewResolver matched:
      - @ConditionalOnBean (types: org.springframework.web.servlet.ViewResolver; SearchStrategy: all) found beans 'defaultViewResolver', 'beanNameViewResolver', 'mvcViewResolver'; @ConditionalOnMissingBean (names: viewResolver types: org.springframework.web.servlet.view.ContentNegotiatingViewResolver; SearchStrategy: all) did not find any beans (OnBeanCondition)


Negative matches:
-----------------

   AopAutoConfiguration.AspectJAutoProxyingConfiguration:
      Did not match:
         - @ConditionalOnClass did not find required class 'org.aspectj.weaver.Advice' (OnClassCondition)

   DispatcherServletAutoConfiguration.DispatcherServletConfiguration#multipartResolver:
      Did not match:
         - @ConditionalOnBean (types: org.springframework.web.multipart.MultipartResolver; SearchStrategy: all) did not find any beans of type org.springframework.web.multipart.MultipartResolver (OnBeanCondition)

   GsonHttpMessageConvertersConfiguration:
      Did not match:
         - @ConditionalOnClass did not find required class 'com.google.gson.Gson' (OnClassCondition)

   Jackson2HttpMessageConvertersConfiguration.MappingJackson2HttpMessageConverterConfiguration:
      Did not match:
         - @ConditionalOnClass did not find required class 'com.fasterxml.jackson.databind.ObjectMapper' (OnClassCondition)

   Jackson2HttpMessageConvertersConfiguration.MappingJackson2XmlHttpMessageConverterConfiguration:
      Did not match:
         - @ConditionalOnClass did not find required class 'com.fasterxml.jackson.dataformat.xml.XmlMapper' (OnClassCondition)

   JacksonAutoConfiguration.CborConfiguration:
      Did not match:
         - @ConditionalOnClass did not find required class 'tools.jackson.dataformat.cbor.CBORMapper' (OnClassCondition)

   JacksonAutoConfiguration.XmlConfiguration:
      Did not match:
         - @ConditionalOnClass did not find required class 'tools.jackson.dataformat.xml.XmlMapper' (OnClassCondition)

   JacksonHttpMessageConvertersConfiguration.JacksonXmlHttpMessageConverterConfiguration:
      Did not match:
         - @ConditionalOnClass did not find required class 'tools.jackson.dataformat.xml.XmlMapper' (OnClassCondition)

   JmxAutoConfiguration:
      Did not match:
         - @ConditionalOnBooleanProperty (spring.jmx.enabled=true) did not find property 'spring.jmx.enabled' (OnPropertyCondition)
      Matched:
         - @ConditionalOnClass found required class 'org.springframework.jmx.export.MBeanExporter' (OnClassCondition)

   JsonbHttpMessageConvertersConfiguration:
      Did not match:
         - @ConditionalOnClass did not find required class 'jakarta.json.bind.Jsonb' (OnClassCondition)

   KotlinSerializationHttpMessageConvertersConfiguration:
      Did not match:
         - @ConditionalOnClass did not find required classes 'kotlinx.serialization.Serializable', 'kotlinx.serialization.json.Json' (OnClassCondition)

   MessageSourceAutoConfiguration:
      Did not match:
         - ResourceBundle did not find bundle with basename messages (MessageSourceAutoConfiguration.ResourceBundleCondition)

   ProjectInfoAutoConfiguration#buildProperties:
      Did not match:
         - @ConditionalOnResource did not find resource '${spring.info.build.location:classpath:META-INF/build-info.properties}' (OnResourceCondition)

   ProjectInfoAutoConfiguration#gitProperties:
      Did not match:
         - GitResource did not find git info at classpath:git.properties (ProjectInfoAutoConfiguration.GitResourceAvailableCondition)

   ServletHttpExchangesAutoConfiguration:
      Did not match:
         - @ConditionalOnBean did not find required type 'org.springframework.boot.actuate.web.exchanges.HttpExchangeRepository' (OnBeanCondition)

   ServletManagementContextAutoConfiguration:
      Did not match:
         - @ConditionalOnClass did not find required class 'org.springframework.boot.actuate.autoconfigure.endpoint.web.WebEndpointProperties' (OnClassCondition)

   ServletMappingsAutoConfiguration:
      Did not match:
         - @ConditionalOnClass did not find required class 'org.springframework.boot.actuate.autoconfigure.endpoint.condition.ConditionalOnAvailableEndpoint' (OnClassCondition)

   ServletWebServerConfiguration#forwardedHeaderFilter:
      Did not match:
         - @ConditionalOnProperty (server.forward-headers-strategy=framework) did not find property 'server.forward-headers-strategy' (OnPropertyCondition)

   SpringApplicationAdminJmxAutoConfiguration:
      Did not match:
         - @ConditionalOnBooleanProperty (spring.application.admin.enabled=true) did not find property 'spring.application.admin.enabled' (OnPropertyCondition)

   TaskExecutorConfigurations.AsyncConfigurerWrapperConfiguration:
      Did not match:
         - @ConditionalOnBean (types: org.springframework.scheduling.annotation.AsyncConfigurer; SearchStrategy: all) did not find any beans of type org.springframework.scheduling.annotation.AsyncConfigurer (OnBeanCondition)

   TaskExecutorConfigurations.SimpleAsyncTaskExecutorBuilderConfiguration#simpleAsyncTaskExecutorBuilderVirtualThreads:
      Did not match:
         - @ConditionalOnMissingBean (types: org.springframework.boot.task.SimpleAsyncTaskExecutorBuilder; SearchStrategy: all) found beans of type 'org.springframework.boot.task.SimpleAsyncTaskExecutorBuilder' simpleAsyncTaskExecutorBuilder (OnBeanCondition)

   TaskExecutorConfigurations.TaskExecutorConfiguration#applicationTaskExecutorVirtualThreads:
      Did not match:
         - @ConditionalOnThreading did not find VIRTUAL (OnThreadingCondition)

   TaskSchedulingAutoConfiguration#scheduledBeanLazyInitializationExcludeFilter:
      Did not match:
         - @ConditionalOnBean (names: org.springframework.scheduling.config.internalScheduledAnnotationProcessor; SearchStrategy: all) did not find any beans named org.springframework.scheduling.config.internalScheduledAnnotationProcessor (OnBeanCondition)

   TaskSchedulingConfigurations.SimpleAsyncTaskSchedulerBuilderConfiguration#simpleAsyncTaskSchedulerBuilderVirtualThreads:
      Did not match:
         - @ConditionalOnThreading did not find VIRTUAL (OnThreadingCondition)

   TaskSchedulingConfigurations.TaskSchedulerConfiguration:
      Did not match:
         - @ConditionalOnBean (names: org.springframework.scheduling.config.internalScheduledAnnotationProcessor; SearchStrategy: all) did not find any beans named org.springframework.scheduling.config.internalScheduledAnnotationProcessor (OnBeanCondition)

   TomcatMetricsAutoConfiguration:
      Did not match:
         - @ConditionalOnClass did not find required class 'io.micrometer.core.instrument.binder.tomcat.TomcatMetrics' (OnClassCondition)

   TomcatReactiveManagementContextAutoConfiguration:
      Did not match:
         - @ConditionalOnClass did not find required class 'org.springframework.boot.actuate.autoconfigure.web.server.ManagementContextFactory' (OnClassCondition)

   TomcatReactiveWebServerAutoConfiguration:
      Did not match:
         - @ConditionalOnWebApplication did not find reactive web application classes (OnWebApplicationCondition)

   TomcatServletManagementContextAutoConfiguration:
      Did not match:
         - @ConditionalOnClass did not find required class 'org.springframework.boot.actuate.autoconfigure.web.server.ManagementContextFactory' (OnClassCondition)

   TomcatServletWebServerAutoConfiguration#tomcatForwardedHeaderFilterCustomizer:
      Did not match:
         - @ConditionalOnProperty (server.forward-headers-strategy=framework) did not find property 'server.forward-headers-strategy' (OnPropertyCondition)

   TomcatWebServerConfiguration#tomcatVirtualThreadsProtocolHandlerCustomizer:
      Did not match:
         - @ConditionalOnThreading did not find VIRTUAL (OnThreadingCondition)

   WebMvcAutoConfiguration#hiddenHttpMethodFilter:
      Did not match:
         - @ConditionalOnBooleanProperty (spring.mvc.hiddenmethod.filter.enabled=true) did not find property 'spring.mvc.hiddenmethod.filter.enabled' (OnPropertyCondition)

   WebMvcAutoConfiguration.ProblemDetailsErrorHandlingConfiguration:
      Did not match:
         - @ConditionalOnBooleanProperty (spring.mvc.problemdetails.enabled=true) did not find property 'spring.mvc.problemdetails.enabled' (OnPropertyCondition)

   WebMvcAutoConfiguration.ResourceChainCustomizerConfiguration:
      Did not match:
         - @ConditionalOnEnabledResourceChain did not find class org.webjars.WebJarVersionLocator (OnEnabledResourceChainCondition)

   WebMvcAutoConfiguration.WebMvcAutoConfigurationAdapter#beanNameViewResolver:
      Did not match:
         - @ConditionalOnMissingBean (types: org.springframework.web.servlet.view.BeanNameViewResolver; SearchStrategy: all) found beans of type 'org.springframework.web.servlet.view.BeanNameViewResolver' beanNameViewResolver (OnBeanCondition)

   WebMvcHealthEndpointExtensionAutoConfiguration:
      Did not match:
         - @ConditionalOnClass did not find required class 'org.springframework.boot.health.actuate.endpoint.HealthEndpoint' (OnClassCondition)

   WebMvcMappingsAutoConfiguration:
      Did not match:
         - @ConditionalOnClass did not find required class 'org.springframework.boot.actuate.autoconfigure.endpoint.condition.ConditionalOnAvailableEndpoint' (OnClassCondition)

   WebMvcObservationAutoConfiguration:
      Did not match:
         - @ConditionalOnClass did not find required class 'org.springframework.boot.micrometer.observation.autoconfigure.ObservationProperties' (OnClassCondition)


Exclusions:
-----------

    None


Unconditional classes:
----------------------

    org.springframework.boot.autoconfigure.context.ConfigurationPropertiesAutoConfiguration

    org.springframework.boot.autoconfigure.ssl.SslAutoConfiguration

    org.springframework.boot.autoconfigure.context.LifecycleAutoConfiguration

    org.springframework.boot.autoconfigure.context.PropertyPlaceholderAutoConfiguration

    org.springframework.boot.autoconfigure.availability.ApplicationAvailabilityAutoConfiguration

    org.springframework.boot.autoconfigure.info.ProjectInfoAutoConfiguration



2026-03-05T10:42:54.641+05:30 TRACE 24928 --- [Java-SLF4J] [main] o.s.b.f.s.DefaultListableBeanFactory     : Returning cached instance of singleton bean 'welcomePageHandlerMapping'
2026-03-05T10:42:54.641+05:30 TRACE 24928 --- [Java-SLF4J] [main] o.s.b.f.s.DefaultListableBeanFactory     : Returning cached instance of singleton bean 'welcomePageNotAcceptableHandlerMapping'
2026-03-05T10:42:54.641+05:30 TRACE 24928 --- [Java-SLF4J] [main] o.s.b.f.s.DefaultListableBeanFactory     : Returning cached instance of singleton bean 'requestMappingHandlerMapping'
2026-03-05T10:42:54.641+05:30 TRACE 24928 --- [Java-SLF4J] [main] o.s.b.f.s.DefaultListableBeanFactory     : Returning cached instance of singleton bean 'viewControllerHandlerMapping'
2026-03-05T10:42:54.642+05:30 TRACE 24928 --- [Java-SLF4J] [main] o.s.b.f.s.DefaultListableBeanFactory     : Failed to convert bean 'viewControllerHandlerMapping' to required type 'org.springframework.web.servlet.HandlerMapping'

org.springframework.beans.ConversionNotSupportedException: Failed to convert value of type 'org.springframework.beans.factory.support.NullBean' to required type 'org.springframework.web.servlet.HandlerMapping'; Cannot convert value of type 'org.springframework.beans.factory.support.NullBean' to required type 'org.springframework.web.servlet.HandlerMapping': no matching editors or conversion strategy found
	at org.springframework.beans.TypeConverterSupport.convertIfNecessary(TypeConverterSupport.java:79) ~[spring-beans-7.0.5.jar:7.0.5]
	at org.springframework.beans.TypeConverterSupport.convertIfNecessary(TypeConverterSupport.java:44) ~[spring-beans-7.0.5.jar:7.0.5]
	at org.springframework.beans.factory.support.AbstractBeanFactory.adaptBeanInstance(AbstractBeanFactory.java:407) ~[spring-beans-7.0.5.jar:7.0.5]
	at org.springframework.beans.factory.support.AbstractBeanFactory.doGetBean(AbstractBeanFactory.java:399) ~[spring-beans-7.0.5.jar:7.0.5]
	at org.springframework.beans.factory.support.AbstractBeanFactory.getBean(AbstractBeanFactory.java:201) ~[spring-beans-7.0.5.jar:7.0.5]
	at org.springframework.beans.factory.support.DefaultListableBeanFactory.resolveBean(DefaultListableBeanFactory.java:1225) ~[spring-beans-7.0.5.jar:7.0.5]
	at org.springframework.beans.factory.support.DefaultListableBeanFactory$1.orderedStream(DefaultListableBeanFactory.java:518) ~[spring-beans-7.0.5.jar:7.0.5]
	at org.springframework.web.servlet.resource.ResourceUrlProvider.detectResourceHandlers(ResourceUrlProvider.java:165) ~[spring-webmvc-7.0.5.jar:7.0.5]
	at org.springframework.web.servlet.resource.ResourceUrlProvider.onApplicationEvent(ResourceUrlProvider.java:157) ~[spring-webmvc-7.0.5.jar:7.0.5]
	at org.springframework.web.servlet.resource.ResourceUrlProvider.onApplicationEvent(ResourceUrlProvider.java:54) ~[spring-webmvc-7.0.5.jar:7.0.5]
	at org.springframework.context.event.SimpleApplicationEventMulticaster.doInvokeListener(SimpleApplicationEventMulticaster.java:180) ~[spring-context-7.0.5.jar:7.0.5]
	at org.springframework.context.event.SimpleApplicationEventMulticaster.invokeListener(SimpleApplicationEventMulticaster.java:173) ~[spring-context-7.0.5.jar:7.0.5]
	at org.springframework.context.event.SimpleApplicationEventMulticaster.multicastEvent(SimpleApplicationEventMulticaster.java:151) ~[spring-context-7.0.5.jar:7.0.5]
	at org.springframework.context.support.AbstractApplicationContext.publishEvent(AbstractApplicationContext.java:448) ~[spring-context-7.0.5.jar:7.0.5]
	at org.springframework.context.support.AbstractApplicationContext.publishEvent(AbstractApplicationContext.java:381) ~[spring-context-7.0.5.jar:7.0.5]
	at org.springframework.context.support.AbstractApplicationContext.finishRefresh(AbstractApplicationContext.java:1016) ~[spring-context-7.0.5.jar:7.0.5]
	at org.springframework.context.support.AbstractApplicationContext.refresh(AbstractApplicationContext.java:624) ~[spring-context-7.0.5.jar:7.0.5]
	at org.springframework.boot.web.server.servlet.context.ServletWebServerApplicationContext.refresh(ServletWebServerApplicationContext.java:143) ~[spring-boot-web-server-4.0.3.jar:4.0.3]
	at org.springframework.boot.SpringApplication.refresh(SpringApplication.java:756) ~[spring-boot-4.0.3.jar:4.0.3]
	at org.springframework.boot.SpringApplication.refreshContext(SpringApplication.java:445) ~[spring-boot-4.0.3.jar:4.0.3]
	at org.springframework.boot.SpringApplication.run(SpringApplication.java:321) ~[spring-boot-4.0.3.jar:4.0.3]
	at org.springframework.boot.SpringApplication.run(SpringApplication.java:1365) ~[spring-boot-4.0.3.jar:4.0.3]
	at org.springframework.boot.SpringApplication.run(SpringApplication.java:1354) ~[spring-boot-4.0.3.jar:4.0.3]
	at com.dhyana.javaslf4j.JavaSlf4JApplication.main(JavaSlf4JApplication.java:10) ~[classes/:na]
Caused by: java.lang.IllegalStateException: Cannot convert value of type 'org.springframework.beans.factory.support.NullBean' to required type 'org.springframework.web.servlet.HandlerMapping': no matching editors or conversion strategy found
	at org.springframework.beans.TypeConverterDelegate.convertIfNecessary(TypeConverterDelegate.java:270) ~[spring-beans-7.0.5.jar:7.0.5]
	at org.springframework.beans.TypeConverterSupport.convertIfNecessary(TypeConverterSupport.java:75) ~[spring-beans-7.0.5.jar:7.0.5]
	... 23 common frames omitted

2026-03-05T10:42:54.642+05:30 TRACE 24928 --- [Java-SLF4J] [main] o.s.b.f.s.DefaultListableBeanFactory     : Returning cached instance of singleton bean 'viewControllerHandlerMapping'
2026-03-05T10:42:54.642+05:30 TRACE 24928 --- [Java-SLF4J] [main] o.s.b.f.s.DefaultListableBeanFactory     : Returning cached instance of singleton bean 'beanNameHandlerMapping'
2026-03-05T10:42:54.642+05:30 TRACE 24928 --- [Java-SLF4J] [main] o.s.b.f.s.DefaultListableBeanFactory     : Returning cached instance of singleton bean 'routerFunctionMapping'
2026-03-05T10:42:54.642+05:30 TRACE 24928 --- [Java-SLF4J] [main] o.s.b.f.s.DefaultListableBeanFactory     : Returning cached instance of singleton bean 'resourceHandlerMapping'
2026-03-05T10:42:54.642+05:30 TRACE 24928 --- [Java-SLF4J] [main] o.s.b.f.s.DefaultListableBeanFactory     : Returning cached instance of singleton bean 'defaultServletHandlerMapping'
2026-03-05T10:42:54.642+05:30 TRACE 24928 --- [Java-SLF4J] [main] o.s.b.f.s.DefaultListableBeanFactory     : Failed to convert bean 'defaultServletHandlerMapping' to required type 'org.springframework.web.servlet.HandlerMapping'

org.springframework.beans.ConversionNotSupportedException: Failed to convert value of type 'org.springframework.beans.factory.support.NullBean' to required type 'org.springframework.web.servlet.HandlerMapping'; Cannot convert value of type 'org.springframework.beans.factory.support.NullBean' to required type 'org.springframework.web.servlet.HandlerMapping': no matching editors or conversion strategy found
	at org.springframework.beans.TypeConverterSupport.convertIfNecessary(TypeConverterSupport.java:79) ~[spring-beans-7.0.5.jar:7.0.5]
	at org.springframework.beans.TypeConverterSupport.convertIfNecessary(TypeConverterSupport.java:44) ~[spring-beans-7.0.5.jar:7.0.5]
	at org.springframework.beans.factory.support.AbstractBeanFactory.adaptBeanInstance(AbstractBeanFactory.java:407) ~[spring-beans-7.0.5.jar:7.0.5]
	at org.springframework.beans.factory.support.AbstractBeanFactory.doGetBean(AbstractBeanFactory.java:399) ~[spring-beans-7.0.5.jar:7.0.5]
	at org.springframework.beans.factory.support.AbstractBeanFactory.getBean(AbstractBeanFactory.java:201) ~[spring-beans-7.0.5.jar:7.0.5]
	at org.springframework.beans.factory.support.DefaultListableBeanFactory.resolveBean(DefaultListableBeanFactory.java:1225) ~[spring-beans-7.0.5.jar:7.0.5]
	at org.springframework.beans.factory.support.DefaultListableBeanFactory$1.orderedStream(DefaultListableBeanFactory.java:518) ~[spring-beans-7.0.5.jar:7.0.5]
	at org.springframework.web.servlet.resource.ResourceUrlProvider.detectResourceHandlers(ResourceUrlProvider.java:165) ~[spring-webmvc-7.0.5.jar:7.0.5]
	at org.springframework.web.servlet.resource.ResourceUrlProvider.onApplicationEvent(ResourceUrlProvider.java:157) ~[spring-webmvc-7.0.5.jar:7.0.5]
	at org.springframework.web.servlet.resource.ResourceUrlProvider.onApplicationEvent(ResourceUrlProvider.java:54) ~[spring-webmvc-7.0.5.jar:7.0.5]
	at org.springframework.context.event.SimpleApplicationEventMulticaster.doInvokeListener(SimpleApplicationEventMulticaster.java:180) ~[spring-context-7.0.5.jar:7.0.5]
	at org.springframework.context.event.SimpleApplicationEventMulticaster.invokeListener(SimpleApplicationEventMulticaster.java:173) ~[spring-context-7.0.5.jar:7.0.5]
	at org.springframework.context.event.SimpleApplicationEventMulticaster.multicastEvent(SimpleApplicationEventMulticaster.java:151) ~[spring-context-7.0.5.jar:7.0.5]
	at org.springframework.context.support.AbstractApplicationContext.publishEvent(AbstractApplicationContext.java:448) ~[spring-context-7.0.5.jar:7.0.5]
	at org.springframework.context.support.AbstractApplicationContext.publishEvent(AbstractApplicationContext.java:381) ~[spring-context-7.0.5.jar:7.0.5]
	at org.springframework.context.support.AbstractApplicationContext.finishRefresh(AbstractApplicationContext.java:1016) ~[spring-context-7.0.5.jar:7.0.5]
	at org.springframework.context.support.AbstractApplicationContext.refresh(AbstractApplicationContext.java:624) ~[spring-context-7.0.5.jar:7.0.5]
	at org.springframework.boot.web.server.servlet.context.ServletWebServerApplicationContext.refresh(ServletWebServerApplicationContext.java:143) ~[spring-boot-web-server-4.0.3.jar:4.0.3]
	at org.springframework.boot.SpringApplication.refresh(SpringApplication.java:756) ~[spring-boot-4.0.3.jar:4.0.3]
	at org.springframework.boot.SpringApplication.refreshContext(SpringApplication.java:445) ~[spring-boot-4.0.3.jar:4.0.3]
	at org.springframework.boot.SpringApplication.run(SpringApplication.java:321) ~[spring-boot-4.0.3.jar:4.0.3]
	at org.springframework.boot.SpringApplication.run(SpringApplication.java:1365) ~[spring-boot-4.0.3.jar:4.0.3]
	at org.springframework.boot.SpringApplication.run(SpringApplication.java:1354) ~[spring-boot-4.0.3.jar:4.0.3]
	at com.dhyana.javaslf4j.JavaSlf4JApplication.main(JavaSlf4JApplication.java:10) ~[classes/:na]
Caused by: java.lang.IllegalStateException: Cannot convert value of type 'org.springframework.beans.factory.support.NullBean' to required type 'org.springframework.web.servlet.HandlerMapping': no matching editors or conversion strategy found
	at org.springframework.beans.TypeConverterDelegate.convertIfNecessary(TypeConverterDelegate.java:270) ~[spring-beans-7.0.5.jar:7.0.5]
	at org.springframework.beans.TypeConverterSupport.convertIfNecessary(TypeConverterSupport.java:75) ~[spring-beans-7.0.5.jar:7.0.5]
	... 23 common frames omitted

2026-03-05T10:42:54.643+05:30 TRACE 24928 --- [Java-SLF4J] [main] o.s.b.f.s.DefaultListableBeanFactory     : Returning cached instance of singleton bean 'defaultServletHandlerMapping'
2026-03-05T10:42:54.645+05:30  INFO 24928 --- [Java-SLF4J] [main] c.dhyana.javaslf4j.JavaSlf4JApplication  : Started JavaSlf4JApplication in 1.414 seconds (process running for 1.814)
2026-03-05T10:42:54.646+05:30 TRACE 24928 --- [Java-SLF4J] [main] o.s.b.f.s.DefaultListableBeanFactory     : Returning cached instance of singleton bean 'applicationAvailability'
2026-03-05T10:42:54.646+05:30 DEBUG 24928 --- [Java-SLF4J] [main] o.s.b.a.ApplicationAvailabilityBean      : Application availability state LivenessState changed to CORRECT
2026-03-05T10:42:54.647+05:30 TRACE 24928 --- [Java-SLF4J] [main] o.s.b.f.s.DefaultListableBeanFactory     : Returning cached instance of singleton bean 'applicationAvailability'
2026-03-05T10:42:54.647+05:30 DEBUG 24928 --- [Java-SLF4J] [main] o.s.b.a.ApplicationAvailabilityBean      : Application availability state ReadinessState changed to ACCEPTING_TRAFFIC
2026-03-05T10:42:55.635+05:30 DEBUG 24928 --- [Java-SLF4J] [http-nio-8080-Poller] org.apache.tomcat.util.net.NioEndpoint   : timeout completed: keys processed=0; now=1772687575633; nextExpiration=0; keyCount=0; hasEvents=false; eval=false
2026-03-05T10:42:56.635+05:30 DEBUG 24928 --- [Java-SLF4J] [http-nio-8080-Poller] org.apache.tomcat.util.net.NioEndpoint   : timeout completed: keys processed=0; now=1772687576635; nextExpiration=1772687576633; keyCount=0; hasEvents=false; eval=false
2026-03-05T10:42:57.635+05:30 DEBUG 24928 --- [Java-SLF4J] [http-nio-8080-Poller] org.apache.tomcat.util.net.NioEndpoint   : timeout completed: keys processed=0; now=1772687577635; nextExpiration=1772687577635; keyCount=0; hasEvents=false; eval=false
2026-03-05T10:42:58.636+05:30 DEBUG 24928 --- [Java-SLF4J] [http-nio-8080-Poller] org.apache.tomcat.util.net.NioEndpoint   : timeout completed: keys processed=0; now=1772687578636; nextExpiration=1772687578635; keyCount=0; hasEvents=false; eval=false
2026-03-05T10:42:59.515+05:30 DEBUG 24928 --- [Java-SLF4J] [http-nio-8080-Acceptor] o.apache.tomcat.util.threads.LimitLatch  : Counting up[http-nio-8080-Acceptor] latch=1
2026-03-05T10:42:59.531+05:30 DEBUG 24928 --- [Java-SLF4J] [http-nio-8080-exec-1] o.a.coyote.http11.Http11InputBuffer      : Before fill(): parsingHeader: [true], parsingRequestLine: [true], parsingRequestLinePhase: [0], parsingRequestLineStart: [0], byteBuffer.position(): [0], byteBuffer.limit(): [0], end: [0]
2026-03-05T10:42:59.532+05:30 DEBUG 24928 --- [Java-SLF4J] [http-nio-8080-exec-1] o.a.tomcat.util.net.SocketWrapperBase    : Socket: [org.apache.tomcat.util.net.NioEndpoint$NioSocketWrapper@3e423423:org.apache.tomcat.util.net.NioChannel@a38a98a:java.nio.channels.SocketChannel[connected local=/[0:0:0:0:0:0:0:1]:8080 remote=/[0:0:0:0:0:0:0:1]:58836]], Read from buffer: [0]
2026-03-05T10:42:59.532+05:30 DEBUG 24928 --- [Java-SLF4J] [http-nio-8080-exec-1] org.apache.tomcat.util.net.NioEndpoint   : Socket: [org.apache.tomcat.util.net.NioEndpoint$NioSocketWrapper@3e423423:org.apache.tomcat.util.net.NioChannel@a38a98a:java.nio.channels.SocketChannel[connected local=/[0:0:0:0:0:0:0:1]:8080 remote=/[0:0:0:0:0:0:0:1]:58836]], Read direct from socket: [2121]
2026-03-05T10:42:59.532+05:30 DEBUG 24928 --- [Java-SLF4J] [http-nio-8080-exec-1] o.a.coyote.http11.Http11InputBuffer      : Received [GET /hello HTTP/1.1
Host: localhost:8080
Connection: keep-alive
Cache-Control: max-age=0
sec-ch-ua: "Not:A-Brand";v="99", "Brave";v="145", "Chromium";v="145"
sec-ch-ua-mobile: ?0
sec-ch-ua-platform: "Windows"
Upgrade-Insecure-Requests: 1
User-Agent: Mozilla/5.0 (Windows NT 10.0; Win64; x64) AppleWebKit/537.36 (KHTML, like Gecko) Chrome/145.0.0.0 Safari/537.36
Accept: text/html,application/xhtml+xml,application/xml;q=0.9,image/avif,image/webp,image/apng,*/*;q=0.8
Sec-GPC: 1
Accept-Language: en-US,en;q=0.8
Sec-Fetch-Site: none
Sec-Fetch-Mode: navigate
Sec-Fetch-User: ?1
Sec-Fetch-Dest: document
Accept-Encoding: gzip, deflate, br, zstd
Cookie: rl_page_init_referrer=RudderEncrypt%3AU2FsdGVkX19CJLbYmB9Pn6tQCJRUeKWGkvpFYWUlg3M%3D; rl_page_init_referring_domain=RudderEncrypt%3AU2FsdGVkX1%2FIaNwVldQozYfy9cOPKzBNHFL85pk9Cv0%3D; rl_anonymous_id=RudderEncrypt%3AU2FsdGVkX19Droh%2FVt2b1jlUn5OWEUvBst%2Bjok%2BdYoInFmRFuhPSWfDhNYbp4PD4kGxOTevtUQjNMtQQE9%2BYow%3D%3D; rl_user_id=RudderEncrypt%3AU2FsdGVkX186tQ9lkomxkdvd7rDF9vV%2Bk6PZ3YyZ3R4PELjMQN6g3eVTPGQ2%2BIKI08NN1tROoutgf7KPedU%2B8WtYeryemr%2B67Ek2nw%2BvxekfhhZIHyhtgkuKMNEk6zG80nPUybTptcDleDIyMHjB%2B5H1IRkpPiZQYAcYx0Ml%2BHk%3D; rl_trait=RudderEncrypt%3AU2FsdGVkX18rN%2B4HuKFrTnn9Fo4kjXKERUXNJvZkg3oTlwQBvHCp9JryK4v1bzl56gCRdFXPlqY17mqfAeGt3Cl2rZKPV%2FMALhi8SngE4EtxCb8s9rQzSCYTUOzIfU0HKStUYNhoR9mjlPq2hSxy1iE1jNh7hNy%2Fk89%2FMLHYTIU%3D; rl_session=RudderEncrypt%3AU2FsdGVkX19SMFVwpVHUOeIJ7LkIGqQ%2BYhk3uf1mBZi2lONOeW9QmZ%2BUL9UcQ%2Bh94inE7fRTdZjCk2lIIKGtKZS1HAeV0dJ%2F65%2BuqIhfRdz5rF36578Q7rwN9E5m0UnPCOdwP2gx1zSzH5NmjDGFIA%3D%3D; ph_phc_4URIAm1uYfJO7j8kWSe0J8lc8IqnstRLS7Jx8NcakHo_posthog=%7B%22%24device_id%22%3A%22019c932b-ad0d-7eb6-9820-406801cc580c%22%2C%22distinct_id%22%3A%224cd8cb74c964d779d8cfe9de570f35283dd0d17c0e812839987893312d0e30f8%23e4deeb4a-a4d7-460c-8d07-94063cea9644%22%2C%22%24sesid%22%3A%5B1772000499199%2C%22019c936d-55f1-7418-911b-270a2887a139%22%2C1771999942129%5D%2C%22%24epp%22%3Atrue%2C%22%24initial_person_info%22%3A%7B%22r%22%3A%22%24direct%22%2C%22u%22%3A%22http%3A%2F%2Flocalhost%3A5678%2Fhome%2Fworkflows%22%7D%7D

]
2026-03-05T10:42:59.545+05:30 DEBUG 24928 --- [Java-SLF4J] [http-nio-8080-exec-1] org.apache.tomcat.util.http.Parameters   : Set query string encoding to UTF-8
2026-03-05T10:42:59.546+05:30 DEBUG 24928 --- [Java-SLF4J] [http-nio-8080-exec-1] o.a.t.util.http.Rfc6265CookieProcessor   : Cookies: Parsing b[]: rl_page_init_referrer=RudderEncrypt%3AU2FsdGVkX19CJLbYmB9Pn6tQCJRUeKWGkvpFYWUlg3M%3D; rl_page_init_referring_domain=RudderEncrypt%3AU2FsdGVkX1%2FIaNwVldQozYfy9cOPKzBNHFL85pk9Cv0%3D; rl_anonymous_id=RudderEncrypt%3AU2FsdGVkX19Droh%2FVt2b1jlUn5OWEUvBst%2Bjok%2BdYoInFmRFuhPSWfDhNYbp4PD4kGxOTevtUQjNMtQQE9%2BYow%3D%3D; rl_user_id=RudderEncrypt%3AU2FsdGVkX186tQ9lkomxkdvd7rDF9vV%2Bk6PZ3YyZ3R4PELjMQN6g3eVTPGQ2%2BIKI08NN1tROoutgf7KPedU%2B8WtYeryemr%2B67Ek2nw%2BvxekfhhZIHyhtgkuKMNEk6zG80nPUybTptcDleDIyMHjB%2B5H1IRkpPiZQYAcYx0Ml%2BHk%3D; rl_trait=RudderEncrypt%3AU2FsdGVkX18rN%2B4HuKFrTnn9Fo4kjXKERUXNJvZkg3oTlwQBvHCp9JryK4v1bzl56gCRdFXPlqY17mqfAeGt3Cl2rZKPV%2FMALhi8SngE4EtxCb8s9rQzSCYTUOzIfU0HKStUYNhoR9mjlPq2hSxy1iE1jNh7hNy%2Fk89%2FMLHYTIU%3D; rl_session=RudderEncrypt%3AU2FsdGVkX19SMFVwpVHUOeIJ7LkIGqQ%2BYhk3uf1mBZi2lONOeW9QmZ%2BUL9UcQ%2Bh94inE7fRTdZjCk2lIIKGtKZS1HAeV0dJ%2F65%2BuqIhfRdz5rF36578Q7rwN9E5m0UnPCOdwP2gx1zSzH5NmjDGFIA%3D%3D; ph_phc_4URIAm1uYfJO7j8kWSe0J8lc8IqnstRLS7Jx8NcakHo_posthog=%7B%22%24device_id%22%3A%22019c932b-ad0d-7eb6-9820-406801cc580c%22%2C%22distinct_id%22%3A%224cd8cb74c964d779d8cfe9de570f35283dd0d17c0e812839987893312d0e30f8%23e4deeb4a-a4d7-460c-8d07-94063cea9644%22%2C%22%24sesid%22%3A%5B1772000499199%2C%22019c936d-55f1-7418-911b-270a2887a139%22%2C1771999942129%5D%2C%22%24epp%22%3Atrue%2C%22%24initial_person_info%22%3A%7B%22r%22%3A%22%24direct%22%2C%22u%22%3A%22http%3A%2F%2Flocalhost%3A5678%2Fhome%2Fworkflows%22%7D%7D
2026-03-05T10:42:59.547+05:30 DEBUG 24928 --- [Java-SLF4J] [http-nio-8080-exec-1] o.a.c.authenticator.AuthenticatorBase    : Security checking request GET /hello
2026-03-05T10:42:59.547+05:30 DEBUG 24928 --- [Java-SLF4J] [http-nio-8080-exec-1] org.apache.catalina.realm.RealmBase      :   No applicable constraints defined
2026-03-05T10:42:59.550+05:30 DEBUG 24928 --- [Java-SLF4J] [http-nio-8080-exec-1] o.a.c.a.jaspic.AuthConfigFactoryImpl     : Loading persistent provider registrations from [C:\Users\user\AppData\Local\Temp\tomcat.8080.1306471995596648395\conf\jaspic-providers.xml]
2026-03-05T10:42:59.550+05:30 DEBUG 24928 --- [Java-SLF4J] [http-nio-8080-exec-1] o.a.c.authenticator.AuthenticatorBase    : Not subject to any constraint
2026-03-05T10:42:59.551+05:30  INFO 24928 --- [Java-SLF4J] [http-nio-8080-exec-1] o.a.c.c.C.[Tomcat].[localhost].[/]       : Initializing Spring DispatcherServlet 'dispatcherServlet'
2026-03-05T10:42:59.551+05:30  INFO 24928 --- [Java-SLF4J] [http-nio-8080-exec-1] o.s.web.servlet.DispatcherServlet        : Initializing Servlet 'dispatcherServlet'
2026-03-05T10:42:59.551+05:30 TRACE 24928 --- [Java-SLF4J] [http-nio-8080-exec-1] o.s.b.f.s.DefaultListableBeanFactory     : Returning cached instance of singleton bean 'multipartResolver'
2026-03-05T10:42:59.552+05:30 TRACE 24928 --- [Java-SLF4J] [http-nio-8080-exec-1] o.s.web.servlet.DispatcherServlet        : Detected org.springframework.web.multipart.support.StandardServletMultipartResolver@6fb0774f
2026-03-05T10:42:59.552+05:30 TRACE 24928 --- [Java-SLF4J] [http-nio-8080-exec-1] o.s.b.f.s.DefaultListableBeanFactory     : Returning cached instance of singleton bean 'localeResolver'
2026-03-05T10:42:59.552+05:30 TRACE 24928 --- [Java-SLF4J] [http-nio-8080-exec-1] o.s.web.servlet.DispatcherServlet        : Detected org.springframework.web.servlet.i18n.AcceptHeaderLocaleResolver@46d86ea
2026-03-05T10:42:59.552+05:30 TRACE 24928 --- [Java-SLF4J] [http-nio-8080-exec-1] o.s.b.f.s.DefaultListableBeanFactory     : Returning cached instance of singleton bean 'welcomePageHandlerMapping'
2026-03-05T10:42:59.552+05:30 TRACE 24928 --- [Java-SLF4J] [http-nio-8080-exec-1] o.s.b.f.s.DefaultListableBeanFactory     : Returning cached instance of singleton bean 'welcomePageNotAcceptableHandlerMapping'
2026-03-05T10:42:59.552+05:30 TRACE 24928 --- [Java-SLF4J] [http-nio-8080-exec-1] o.s.b.f.s.DefaultListableBeanFactory     : Returning cached instance of singleton bean 'requestMappingHandlerMapping'
2026-03-05T10:42:59.552+05:30 TRACE 24928 --- [Java-SLF4J] [http-nio-8080-exec-1] o.s.b.f.s.DefaultListableBeanFactory     : Returning cached instance of singleton bean 'viewControllerHandlerMapping'
2026-03-05T10:42:59.552+05:30 TRACE 24928 --- [Java-SLF4J] [http-nio-8080-exec-1] o.s.b.f.s.DefaultListableBeanFactory     : Failed to convert bean 'viewControllerHandlerMapping' to required type 'org.springframework.web.servlet.HandlerMapping'

org.springframework.beans.ConversionNotSupportedException: Failed to convert value of type 'org.springframework.beans.factory.support.NullBean' to required type 'org.springframework.web.servlet.HandlerMapping'; Cannot convert value of type 'org.springframework.beans.factory.support.NullBean' to required type 'org.springframework.web.servlet.HandlerMapping': no matching editors or conversion strategy found
	at org.springframework.beans.TypeConverterSupport.convertIfNecessary(TypeConverterSupport.java:79) ~[spring-beans-7.0.5.jar:7.0.5]
	at org.springframework.beans.TypeConverterSupport.convertIfNecessary(TypeConverterSupport.java:44) ~[spring-beans-7.0.5.jar:7.0.5]
	at org.springframework.beans.factory.support.AbstractBeanFactory.adaptBeanInstance(AbstractBeanFactory.java:407) ~[spring-beans-7.0.5.jar:7.0.5]
	at org.springframework.beans.factory.support.AbstractBeanFactory.doGetBean(AbstractBeanFactory.java:399) ~[spring-beans-7.0.5.jar:7.0.5]
	at org.springframework.beans.factory.support.AbstractBeanFactory.getBean(AbstractBeanFactory.java:201) ~[spring-beans-7.0.5.jar:7.0.5]
	at org.springframework.beans.factory.support.DefaultListableBeanFactory.getBeansOfType(DefaultListableBeanFactory.java:740) ~[spring-beans-7.0.5.jar:7.0.5]
	at org.springframework.context.support.AbstractApplicationContext.getBeansOfType(AbstractApplicationContext.java:1457) ~[spring-context-7.0.5.jar:7.0.5]
	at org.springframework.beans.factory.BeanFactoryUtils.beansOfTypeIncludingAncestors(BeanFactoryUtils.java:373) ~[spring-beans-7.0.5.jar:7.0.5]
	at org.springframework.web.servlet.DispatcherServlet.initHandlerMappings(DispatcherServlet.java:512) ~[spring-webmvc-7.0.5.jar:7.0.5]
	at org.springframework.web.servlet.DispatcherServlet.initStrategies(DispatcherServlet.java:444) ~[spring-webmvc-7.0.5.jar:7.0.5]
	at org.springframework.web.servlet.DispatcherServlet.onRefresh(DispatcherServlet.java:434) ~[spring-webmvc-7.0.5.jar:7.0.5]
	at org.springframework.web.servlet.FrameworkServlet.initWebApplicationContext(FrameworkServlet.java:594) ~[spring-webmvc-7.0.5.jar:7.0.5]
	at org.springframework.web.servlet.FrameworkServlet.initServletBean(FrameworkServlet.java:528) ~[spring-webmvc-7.0.5.jar:7.0.5]
	at org.springframework.web.servlet.HttpServletBean.init(HttpServletBean.java:168) ~[spring-webmvc-7.0.5.jar:7.0.5]
	at jakarta.servlet.GenericServlet.init(GenericServlet.java:145) ~[tomcat-embed-core-11.0.18.jar:6.1]
	at jakarta.servlet.http.HttpServlet.init(HttpServlet.java:124) ~[tomcat-embed-core-11.0.18.jar:6.1]
	at org.apache.catalina.core.StandardWrapper.initServlet(StandardWrapper.java:819) ~[tomcat-embed-core-11.0.18.jar:11.0.18]
	at org.apache.catalina.core.StandardWrapper.allocate(StandardWrapper.java:584) ~[tomcat-embed-core-11.0.18.jar:11.0.18]
	at org.apache.catalina.core.StandardWrapperValve.invoke(StandardWrapperValve.java:113) ~[tomcat-embed-core-11.0.18.jar:11.0.18]
	at org.apache.catalina.core.StandardContextValve.invoke(StandardContextValve.java:77) ~[tomcat-embed-core-11.0.18.jar:11.0.18]
	at org.apache.catalina.authenticator.AuthenticatorBase.invoke(AuthenticatorBase.java:492) ~[tomcat-embed-core-11.0.18.jar:11.0.18]
	at org.apache.catalina.core.StandardHostValve.invoke(StandardHostValve.java:113) ~[tomcat-embed-core-11.0.18.jar:11.0.18]
	at org.apache.catalina.valves.ErrorReportValve.invoke(ErrorReportValve.java:83) ~[tomcat-embed-core-11.0.18.jar:11.0.18]
	at org.apache.catalina.core.StandardEngineValve.invoke(StandardEngineValve.java:72) ~[tomcat-embed-core-11.0.18.jar:11.0.18]
	at org.apache.catalina.connector.CoyoteAdapter.service(CoyoteAdapter.java:341) ~[tomcat-embed-core-11.0.18.jar:11.0.18]
	at org.apache.coyote.http11.Http11Processor.service(Http11Processor.java:397) ~[tomcat-embed-core-11.0.18.jar:11.0.18]
	at org.apache.coyote.AbstractProcessorLight.process(AbstractProcessorLight.java:63) ~[tomcat-embed-core-11.0.18.jar:11.0.18]
	at org.apache.coyote.AbstractProtocol$ConnectionHandler.process(AbstractProtocol.java:903) ~[tomcat-embed-core-11.0.18.jar:11.0.18]
	at org.apache.tomcat.util.net.NioEndpoint$SocketProcessor.doRun(NioEndpoint.java:1779) ~[tomcat-embed-core-11.0.18.jar:11.0.18]
	at org.apache.tomcat.util.net.SocketProcessorBase.run(SocketProcessorBase.java:52) ~[tomcat-embed-core-11.0.18.jar:11.0.18]
	at org.apache.tomcat.util.threads.ThreadPoolExecutor.runWorker(ThreadPoolExecutor.java:946) ~[tomcat-embed-core-11.0.18.jar:11.0.18]
	at org.apache.tomcat.util.threads.ThreadPoolExecutor$Worker.run(ThreadPoolExecutor.java:480) ~[tomcat-embed-core-11.0.18.jar:11.0.18]
	at org.apache.tomcat.util.threads.TaskThread$WrappingRunnable.run(TaskThread.java:57) ~[tomcat-embed-core-11.0.18.jar:11.0.18]
	at java.base/java.lang.Thread.run(Thread.java:1474) ~[na:na]
Caused by: java.lang.IllegalStateException: Cannot convert value of type 'org.springframework.beans.factory.support.NullBean' to required type 'org.springframework.web.servlet.HandlerMapping': no matching editors or conversion strategy found
	at org.springframework.beans.TypeConverterDelegate.convertIfNecessary(TypeConverterDelegate.java:270) ~[spring-beans-7.0.5.jar:7.0.5]
	at org.springframework.beans.TypeConverterSupport.convertIfNecessary(TypeConverterSupport.java:75) ~[spring-beans-7.0.5.jar:7.0.5]
	... 33 common frames omitted

2026-03-05T10:42:59.553+05:30 TRACE 24928 --- [Java-SLF4J] [http-nio-8080-exec-1] o.s.b.f.s.DefaultListableBeanFactory     : Returning cached instance of singleton bean 'beanNameHandlerMapping'
2026-03-05T10:42:59.553+05:30 TRACE 24928 --- [Java-SLF4J] [http-nio-8080-exec-1] o.s.b.f.s.DefaultListableBeanFactory     : Returning cached instance of singleton bean 'routerFunctionMapping'
2026-03-05T10:42:59.553+05:30 TRACE 24928 --- [Java-SLF4J] [http-nio-8080-exec-1] o.s.b.f.s.DefaultListableBeanFactory     : Returning cached instance of singleton bean 'resourceHandlerMapping'
2026-03-05T10:42:59.553+05:30 TRACE 24928 --- [Java-SLF4J] [http-nio-8080-exec-1] o.s.b.f.s.DefaultListableBeanFactory     : Returning cached instance of singleton bean 'defaultServletHandlerMapping'
2026-03-05T10:42:59.554+05:30 TRACE 24928 --- [Java-SLF4J] [http-nio-8080-exec-1] o.s.b.f.s.DefaultListableBeanFactory     : Failed to convert bean 'defaultServletHandlerMapping' to required type 'org.springframework.web.servlet.HandlerMapping'

org.springframework.beans.ConversionNotSupportedException: Failed to convert value of type 'org.springframework.beans.factory.support.NullBean' to required type 'org.springframework.web.servlet.HandlerMapping'; Cannot convert value of type 'org.springframework.beans.factory.support.NullBean' to required type 'org.springframework.web.servlet.HandlerMapping': no matching editors or conversion strategy found
	at org.springframework.beans.TypeConverterSupport.convertIfNecessary(TypeConverterSupport.java:79) ~[spring-beans-7.0.5.jar:7.0.5]
	at org.springframework.beans.TypeConverterSupport.convertIfNecessary(TypeConverterSupport.java:44) ~[spring-beans-7.0.5.jar:7.0.5]
	at org.springframework.beans.factory.support.AbstractBeanFactory.adaptBeanInstance(AbstractBeanFactory.java:407) ~[spring-beans-7.0.5.jar:7.0.5]
	at org.springframework.beans.factory.support.AbstractBeanFactory.doGetBean(AbstractBeanFactory.java:399) ~[spring-beans-7.0.5.jar:7.0.5]
	at org.springframework.beans.factory.support.AbstractBeanFactory.getBean(AbstractBeanFactory.java:201) ~[spring-beans-7.0.5.jar:7.0.5]
	at org.springframework.beans.factory.support.DefaultListableBeanFactory.getBeansOfType(DefaultListableBeanFactory.java:740) ~[spring-beans-7.0.5.jar:7.0.5]
	at org.springframework.context.support.AbstractApplicationContext.getBeansOfType(AbstractApplicationContext.java:1457) ~[spring-context-7.0.5.jar:7.0.5]
	at org.springframework.beans.factory.BeanFactoryUtils.beansOfTypeIncludingAncestors(BeanFactoryUtils.java:373) ~[spring-beans-7.0.5.jar:7.0.5]
	at org.springframework.web.servlet.DispatcherServlet.initHandlerMappings(DispatcherServlet.java:512) ~[spring-webmvc-7.0.5.jar:7.0.5]
	at org.springframework.web.servlet.DispatcherServlet.initStrategies(DispatcherServlet.java:444) ~[spring-webmvc-7.0.5.jar:7.0.5]
	at org.springframework.web.servlet.DispatcherServlet.onRefresh(DispatcherServlet.java:434) ~[spring-webmvc-7.0.5.jar:7.0.5]
	at org.springframework.web.servlet.FrameworkServlet.initWebApplicationContext(FrameworkServlet.java:594) ~[spring-webmvc-7.0.5.jar:7.0.5]
	at org.springframework.web.servlet.FrameworkServlet.initServletBean(FrameworkServlet.java:528) ~[spring-webmvc-7.0.5.jar:7.0.5]
	at org.springframework.web.servlet.HttpServletBean.init(HttpServletBean.java:168) ~[spring-webmvc-7.0.5.jar:7.0.5]
	at jakarta.servlet.GenericServlet.init(GenericServlet.java:145) ~[tomcat-embed-core-11.0.18.jar:6.1]
	at jakarta.servlet.http.HttpServlet.init(HttpServlet.java:124) ~[tomcat-embed-core-11.0.18.jar:6.1]
	at org.apache.catalina.core.StandardWrapper.initServlet(StandardWrapper.java:819) ~[tomcat-embed-core-11.0.18.jar:11.0.18]
	at org.apache.catalina.core.StandardWrapper.allocate(StandardWrapper.java:584) ~[tomcat-embed-core-11.0.18.jar:11.0.18]
	at org.apache.catalina.core.StandardWrapperValve.invoke(StandardWrapperValve.java:113) ~[tomcat-embed-core-11.0.18.jar:11.0.18]
	at org.apache.catalina.core.StandardContextValve.invoke(StandardContextValve.java:77) ~[tomcat-embed-core-11.0.18.jar:11.0.18]
	at org.apache.catalina.authenticator.AuthenticatorBase.invoke(AuthenticatorBase.java:492) ~[tomcat-embed-core-11.0.18.jar:11.0.18]
	at org.apache.catalina.core.StandardHostValve.invoke(StandardHostValve.java:113) ~[tomcat-embed-core-11.0.18.jar:11.0.18]
	at org.apache.catalina.valves.ErrorReportValve.invoke(ErrorReportValve.java:83) ~[tomcat-embed-core-11.0.18.jar:11.0.18]
	at org.apache.catalina.core.StandardEngineValve.invoke(StandardEngineValve.java:72) ~[tomcat-embed-core-11.0.18.jar:11.0.18]
	at org.apache.catalina.connector.CoyoteAdapter.service(CoyoteAdapter.java:341) ~[tomcat-embed-core-11.0.18.jar:11.0.18]
	at org.apache.coyote.http11.Http11Processor.service(Http11Processor.java:397) ~[tomcat-embed-core-11.0.18.jar:11.0.18]
	at org.apache.coyote.AbstractProcessorLight.process(AbstractProcessorLight.java:63) ~[tomcat-embed-core-11.0.18.jar:11.0.18]
	at org.apache.coyote.AbstractProtocol$ConnectionHandler.process(AbstractProtocol.java:903) ~[tomcat-embed-core-11.0.18.jar:11.0.18]
	at org.apache.tomcat.util.net.NioEndpoint$SocketProcessor.doRun(NioEndpoint.java:1779) ~[tomcat-embed-core-11.0.18.jar:11.0.18]
	at org.apache.tomcat.util.net.SocketProcessorBase.run(SocketProcessorBase.java:52) ~[tomcat-embed-core-11.0.18.jar:11.0.18]
	at org.apache.tomcat.util.threads.ThreadPoolExecutor.runWorker(ThreadPoolExecutor.java:946) ~[tomcat-embed-core-11.0.18.jar:11.0.18]
	at org.apache.tomcat.util.threads.ThreadPoolExecutor$Worker.run(ThreadPoolExecutor.java:480) ~[tomcat-embed-core-11.0.18.jar:11.0.18]
	at org.apache.tomcat.util.threads.TaskThread$WrappingRunnable.run(TaskThread.java:57) ~[tomcat-embed-core-11.0.18.jar:11.0.18]
	at java.base/java.lang.Thread.run(Thread.java:1474) ~[na:na]
Caused by: java.lang.IllegalStateException: Cannot convert value of type 'org.springframework.beans.factory.support.NullBean' to required type 'org.springframework.web.servlet.HandlerMapping': no matching editors or conversion strategy found
	at org.springframework.beans.TypeConverterDelegate.convertIfNecessary(TypeConverterDelegate.java:270) ~[spring-beans-7.0.5.jar:7.0.5]
	at org.springframework.beans.TypeConverterSupport.convertIfNecessary(TypeConverterSupport.java:75) ~[spring-beans-7.0.5.jar:7.0.5]
	... 33 common frames omitted

2026-03-05T10:42:59.554+05:30 TRACE 24928 --- [Java-SLF4J] [http-nio-8080-exec-1] o.s.b.f.s.DefaultListableBeanFactory     : Returning cached instance of singleton bean 'requestMappingHandlerAdapter'
2026-03-05T10:42:59.554+05:30 TRACE 24928 --- [Java-SLF4J] [http-nio-8080-exec-1] o.s.b.f.s.DefaultListableBeanFactory     : Returning cached instance of singleton bean 'handlerFunctionAdapter'
2026-03-05T10:42:59.554+05:30 TRACE 24928 --- [Java-SLF4J] [http-nio-8080-exec-1] o.s.b.f.s.DefaultListableBeanFactory     : Returning cached instance of singleton bean 'httpRequestHandlerAdapter'
2026-03-05T10:42:59.554+05:30 TRACE 24928 --- [Java-SLF4J] [http-nio-8080-exec-1] o.s.b.f.s.DefaultListableBeanFactory     : Returning cached instance of singleton bean 'simpleControllerHandlerAdapter'
2026-03-05T10:42:59.554+05:30 TRACE 24928 --- [Java-SLF4J] [http-nio-8080-exec-1] o.s.b.f.s.DefaultListableBeanFactory     : Returning cached instance of singleton bean 'errorAttributes'
2026-03-05T10:42:59.554+05:30 TRACE 24928 --- [Java-SLF4J] [http-nio-8080-exec-1] o.s.b.f.s.DefaultListableBeanFactory     : Returning cached instance of singleton bean 'handlerExceptionResolver'
2026-03-05T10:42:59.554+05:30 TRACE 24928 --- [Java-SLF4J] [http-nio-8080-exec-1] o.s.b.f.s.DefaultListableBeanFactory     : Returning cached instance of singleton bean 'viewNameTranslator'
2026-03-05T10:42:59.555+05:30 TRACE 24928 --- [Java-SLF4J] [http-nio-8080-exec-1] o.s.web.servlet.DispatcherServlet        : Detected DefaultRequestToViewNameTranslator
2026-03-05T10:42:59.555+05:30 TRACE 24928 --- [Java-SLF4J] [http-nio-8080-exec-1] o.s.b.f.s.DefaultListableBeanFactory     : Returning cached instance of singleton bean 'beanNameViewResolver'
2026-03-05T10:42:59.555+05:30 TRACE 24928 --- [Java-SLF4J] [http-nio-8080-exec-1] o.s.b.f.s.DefaultListableBeanFactory     : Returning cached instance of singleton bean 'mvcViewResolver'
2026-03-05T10:42:59.555+05:30 TRACE 24928 --- [Java-SLF4J] [http-nio-8080-exec-1] o.s.b.f.s.DefaultListableBeanFactory     : Returning cached instance of singleton bean 'defaultViewResolver'
2026-03-05T10:42:59.555+05:30 TRACE 24928 --- [Java-SLF4J] [http-nio-8080-exec-1] o.s.b.f.s.DefaultListableBeanFactory     : Returning cached instance of singleton bean 'viewResolver'
2026-03-05T10:42:59.555+05:30 TRACE 24928 --- [Java-SLF4J] [http-nio-8080-exec-1] o.s.b.f.s.DefaultListableBeanFactory     : Returning cached instance of singleton bean 'flashMapManager'
2026-03-05T10:42:59.555+05:30 TRACE 24928 --- [Java-SLF4J] [http-nio-8080-exec-1] o.s.web.servlet.DispatcherServlet        : Detected SessionFlashMapManager
2026-03-05T10:42:59.555+05:30 DEBUG 24928 --- [Java-SLF4J] [http-nio-8080-exec-1] o.s.web.servlet.DispatcherServlet        : enableLoggingRequestDetails='false': request parameters and headers will be masked to prevent unsafe logging of potentially sensitive data
2026-03-05T10:42:59.555+05:30  INFO 24928 --- [Java-SLF4J] [http-nio-8080-exec-1] o.s.web.servlet.DispatcherServlet        : Completed initialization in 4 ms
2026-03-05T10:42:59.555+05:30 DEBUG 24928 --- [Java-SLF4J] [http-nio-8080-exec-1] o.apache.catalina.core.StandardWrapper   :   Returning instance
2026-03-05T10:42:59.558+05:30 TRACE 24928 --- [Java-SLF4J] [http-nio-8080-exec-1] o.s.b.s.f.OrderedRequestContextFilter    : Bound request context to thread: org.apache.catalina.connector.RequestFacade@6dd92454
2026-03-05T10:42:59.560+05:30 DEBUG 24928 --- [Java-SLF4J] [http-nio-8080-exec-1] org.apache.tomcat.util.http.Parameters   : Set encoding to UTF-8
2026-03-05T10:42:59.561+05:30 TRACE 24928 --- [Java-SLF4J] [http-nio-8080-exec-1] o.s.web.servlet.DispatcherServlet        : GET "/hello", parameters={}, headers={masked} in DispatcherServlet 'dispatcherServlet'
2026-03-05T10:42:59.571+05:30 TRACE 24928 --- [Java-SLF4J] [http-nio-8080-exec-1] o.s.b.f.s.DefaultListableBeanFactory     : Returning cached instance of singleton bean 'basicController'
2026-03-05T10:42:59.571+05:30 TRACE 24928 --- [Java-SLF4J] [http-nio-8080-exec-1] s.w.s.m.m.a.RequestMappingHandlerMapping : Mapped to com.dhyana.javaslf4j.BasicController#sayHello()
2026-03-05T10:42:59.577+05:30 TRACE 24928 --- [Java-SLF4J] [http-nio-8080-exec-1] o.s.web.method.HandlerMethod             : Arguments: []
2026-03-05T10:42:59.578+05:30  INFO 24928 --- [Java-SLF4J] [http-nio-8080-exec-1] com.dhyana.javaslf4j.BasicController     : Recived request for /hello :Dhyana
2026-03-05T10:42:59.578+05:30 TRACE 24928 --- [Java-SLF4J] [http-nio-8080-exec-1] com.dhyana.javaslf4j.BasicController     : TRACE: LOG
2026-03-05T10:42:59.578+05:30 DEBUG 24928 --- [Java-SLF4J] [http-nio-8080-exec-1] com.dhyana.javaslf4j.BasicController     : DEBUG: LOG
2026-03-05T10:42:59.578+05:30  INFO 24928 --- [Java-SLF4J] [http-nio-8080-exec-1] com.dhyana.javaslf4j.BasicController     : INFO: LOG
2026-03-05T10:42:59.578+05:30  WARN 24928 --- [Java-SLF4J] [http-nio-8080-exec-1] com.dhyana.javaslf4j.BasicController     : WARN: LOG
2026-03-05T10:42:59.578+05:30 ERROR 24928 --- [Java-SLF4J] [http-nio-8080-exec-1] com.dhyana.javaslf4j.BasicController     : ERROR: LOG
2026-03-05T10:42:59.586+05:30 DEBUG 24928 --- [Java-SLF4J] [http-nio-8080-exec-1] m.m.a.RequestResponseBodyMethodProcessor : Using 'text/html', given [text/html, application/xhtml+xml, image/avif, image/webp, image/apng, application/xml;q=0.9, */*;q=0.8] and supported [text/plain, */*, application/json, application/*+json]
2026-03-05T10:42:59.587+05:30 TRACE 24928 --- [Java-SLF4J] [http-nio-8080-exec-1] m.m.a.RequestResponseBodyMethodProcessor : Writing ["Hello World This is Demo"]
2026-03-05T10:42:59.592+05:30 TRACE 24928 --- [Java-SLF4J] [http-nio-8080-exec-1] s.w.s.m.m.a.RequestMappingHandlerAdapter : Applying default cacheSeconds=-1
2026-03-05T10:42:59.592+05:30 TRACE 24928 --- [Java-SLF4J] [http-nio-8080-exec-1] o.s.web.servlet.DispatcherServlet        : No view rendering, null ModelAndView returned.
2026-03-05T10:42:59.593+05:30 DEBUG 24928 --- [Java-SLF4J] [http-nio-8080-exec-1] o.s.web.servlet.DispatcherServlet        : Completed 200 OK, headers={masked}
2026-03-05T10:42:59.594+05:30 TRACE 24928 --- [Java-SLF4J] [http-nio-8080-exec-1] o.s.b.s.f.OrderedRequestContextFilter    : Cleared thread-bound request context: org.apache.catalina.connector.RequestFacade@6dd92454
2026-03-05T10:42:59.594+05:30 DEBUG 24928 --- [Java-SLF4J] [http-nio-8080-exec-1] o.a.coyote.http11.Http11InputBuffer      : Before fill(): parsingHeader: [true], parsingRequestLine: [true], parsingRequestLinePhase: [0], parsingRequestLineStart: [0], byteBuffer.position(): [0], byteBuffer.limit(): [0], end: [2121]
2026-03-05T10:42:59.594+05:30 DEBUG 24928 --- [Java-SLF4J] [http-nio-8080-exec-1] o.a.tomcat.util.net.SocketWrapperBase    : Socket: [org.apache.tomcat.util.net.NioEndpoint$NioSocketWrapper@3e423423:org.apache.tomcat.util.net.NioChannel@a38a98a:java.nio.channels.SocketChannel[connected local=/[0:0:0:0:0:0:0:1]:8080 remote=/[0:0:0:0:0:0:0:1]:58836]], Read from buffer: [0]
2026-03-05T10:42:59.594+05:30 DEBUG 24928 --- [Java-SLF4J] [http-nio-8080-exec-1] org.apache.tomcat.util.net.NioEndpoint   : Socket: [org.apache.tomcat.util.net.NioEndpoint$NioSocketWrapper@3e423423:org.apache.tomcat.util.net.NioChannel@a38a98a:java.nio.channels.SocketChannel[connected local=/[0:0:0:0:0:0:0:1]:8080 remote=/[0:0:0:0:0:0:0:1]:58836]], Read direct from socket: [0]
2026-03-05T10:42:59.594+05:30 DEBUG 24928 --- [Java-SLF4J] [http-nio-8080-exec-1] o.a.coyote.http11.Http11InputBuffer      : Received []
2026-03-05T10:42:59.594+05:30 DEBUG 24928 --- [Java-SLF4J] [http-nio-8080-exec-1] o.apache.coyote.http11.Http11Processor   : Socket: [org.apache.tomcat.util.net.NioEndpoint$NioSocketWrapper@3e423423:org.apache.tomcat.util.net.NioChannel@a38a98a:java.nio.channels.SocketChannel[connected local=/[0:0:0:0:0:0:0:1]:8080 remote=/[0:0:0:0:0:0:0:1]:58836]], Status in: [OPEN_READ], State out: [OPEN]
2026-03-05T10:42:59.594+05:30 DEBUG 24928 --- [Java-SLF4J] [http-nio-8080-exec-1] org.apache.tomcat.util.net.NioEndpoint   : Registered read interest for [org.apache.tomcat.util.net.NioEndpoint$NioSocketWrapper@3e423423:org.apache.tomcat.util.net.NioChannel@a38a98a:java.nio.channels.SocketChannel[connected local=/[0:0:0:0:0:0:0:1]:8080 remote=/[0:0:0:0:0:0:0:1]:58836]]
2026-03-05T10:43:00.597+05:30 DEBUG 24928 --- [Java-SLF4J] [http-nio-8080-Poller] org.apache.tomcat.util.net.NioEndpoint   : timeout completed: keys processed=1; now=1772687580597; nextExpiration=1772687579636; keyCount=0; hasEvents=false; eval=false
2026-03-05T10:43:01.598+05:30 DEBUG 24928 --- [Java-SLF4J] [http-nio-8080-Poller] org.apache.tomcat.util.net.NioEndpoint   : timeout completed: keys processed=1; now=1772687581598; nextExpiration=1772687581597; keyCount=0; hasEvents=false; eval=false
2026-03-05T10:43:02.598+05:30 DEBUG 24928 --- [Java-SLF4J] [http-nio-8080-Poller] org.apache.tomcat.util.net.NioEndpoint   : timeout completed: keys processed=1; now=1772687582598; nextExpiration=1772687582598; keyCount=0; hasEvents=false; eval=false
2026-03-05T10:43:03.599+05:30 DEBUG 24928 --- [Java-SLF4J] [http-nio-8080-Poller] org.apache.tomcat.util.net.NioEndpoint   : timeout completed: keys processed=1; now=1772687583599; nextExpiration=1772687583598; keyCount=0; hasEvents=false; eval=false
2026-03-05T10:43:04.600+05:30 DEBUG 24928 --- [Java-SLF4J] [http-nio-8080-Poller] org.apache.tomcat.util.net.NioEndpoint   : timeout completed: keys processed=1; now=1772687584600; nextExpiration=1772687584599; keyCount=0; hasEvents=false; eval=false
2026-03-05T10:43:05.600+05:30 DEBUG 24928 --- [Java-SLF4J] [http-nio-8080-Poller] org.apache.tomcat.util.net.NioEndpoint   : timeout completed: keys processed=1; now=1772687585600; nextExpiration=1772687585600; keyCount=0; hasEvents=false; eval=false
2026-03-05T10:43:06.600+05:30 DEBUG 24928 --- [Java-SLF4J] [http-nio-8080-Poller] org.apache.tomcat.util.net.NioEndpoint   : timeout completed: keys processed=1; now=1772687586600; nextExpiration=1772687586600; keyCount=0; hasEvents=false; eval=false
2026-03-05T10:43:07.600+05:30 DEBUG 24928 --- [Java-SLF4J] [http-nio-8080-Poller] org.apache.tomcat.util.net.NioEndpoint   : timeout completed: keys processed=1; now=1772687587600; nextExpiration=1772687587600; keyCount=0; hasEvents=false; eval=false
2026-03-05T10:43:08.601+05:30 DEBUG 24928 --- [Java-SLF4J] [http-nio-8080-Poller] org.apache.tomcat.util.net.NioEndpoint   : timeout completed: keys processed=1; now=1772687588601; nextExpiration=1772687588600; keyCount=0; hasEvents=false; eval=false
2026-03-05T10:43:09.601+05:30 DEBUG 24928 --- [Java-SLF4J] [http-nio-8080-Poller] org.apache.tomcat.util.net.NioEndpoint   : timeout completed: keys processed=1; now=1772687589601; nextExpiration=1772687589601; keyCount=0; hasEvents=false; eval=false
2026-03-05T10:43:10.602+05:30 DEBUG 24928 --- [Java-SLF4J] [http-nio-8080-Poller] org.apache.tomcat.util.net.NioEndpoint   : timeout completed: keys processed=1; now=1772687590602; nextExpiration=1772687590601; keyCount=0; hasEvents=false; eval=false
2026-03-05T10:43:11.602+05:30 DEBUG 24928 --- [Java-SLF4J] [http-nio-8080-Poller] org.apache.tomcat.util.net.NioEndpoint   : timeout completed: keys processed=1; now=1772687591602; nextExpiration=1772687591602; keyCount=0; hasEvents=false; eval=false
2026-03-05T10:43:12.603+05:30 DEBUG 24928 --- [Java-SLF4J] [http-nio-8080-Poller] org.apache.tomcat.util.net.NioEndpoint   : timeout completed: keys processed=1; now=1772687592603; nextExpiration=1772687592602; keyCount=0; hasEvents=false; eval=false
2026-03-05T10:43:13.604+05:30 DEBUG 24928 --- [Java-SLF4J] [http-nio-8080-Poller] org.apache.tomcat.util.net.NioEndpoint   : timeout completed: keys processed=1; now=1772687593604; nextExpiration=1772687593603; keyCount=0; hasEvents=false; eval=false
2026-03-05T10:43:14.604+05:30 DEBUG 24928 --- [Java-SLF4J] [http-nio-8080-Poller] org.apache.tomcat.util.net.NioEndpoint   : timeout completed: keys processed=1; now=1772687594604; nextExpiration=1772687594604; keyCount=0; hasEvents=false; eval=false
2026-03-05T10:43:15.604+05:30 DEBUG 24928 --- [Java-SLF4J] [http-nio-8080-Poller] org.apache.tomcat.util.net.NioEndpoint   : timeout completed: keys processed=1; now=1772687595604; nextExpiration=1772687595604; keyCount=0; hasEvents=false; eval=false
2026-03-05T10:43:16.605+05:30 DEBUG 24928 --- [Java-SLF4J] [http-nio-8080-Poller] org.apache.tomcat.util.net.NioEndpoint   : timeout completed: keys processed=1; now=1772687596605; nextExpiration=1772687596604; keyCount=0; hasEvents=false; eval=false
2026-03-05T10:43:17.606+05:30 DEBUG 24928 --- [Java-SLF4J] [http-nio-8080-Poller] org.apache.tomcat.util.net.NioEndpoint   : timeout completed: keys processed=1; now=1772687597606; nextExpiration=1772687597605; keyCount=0; hasEvents=false; eval=false
2026-03-05T10:43:18.607+05:30 DEBUG 24928 --- [Java-SLF4J] [http-nio-8080-Poller] org.apache.tomcat.util.net.NioEndpoint   : timeout completed: keys processed=1; now=1772687598607; nextExpiration=1772687598606; keyCount=0; hasEvents=false; eval=false
2026-03-05T10:43:19.607+05:30 DEBUG 24928 --- [Java-SLF4J] [http-nio-8080-Poller] org.apache.tomcat.util.net.NioEndpoint   : timeout completed: keys processed=1; now=1772687599607; nextExpiration=1772687599607; keyCount=0; hasEvents=false; eval=false
2026-03-05T10:43:20.608+05:30 DEBUG 24928 --- [Java-SLF4J] [http-nio-8080-Poller] org.apache.tomcat.util.net.NioEndpoint   : timeout completed: keys processed=1; now=1772687600608; nextExpiration=1772687600607; keyCount=0; hasEvents=false; eval=false
2026-03-05T10:43:21.609+05:30 DEBUG 24928 --- [Java-SLF4J] [http-nio-8080-Poller] org.apache.tomcat.util.net.NioEndpoint   : timeout completed: keys processed=1; now=1772687601609; nextExpiration=1772687601608; keyCount=0; hasEvents=false; eval=false
2026-03-05T10:43:22.609+05:30 DEBUG 24928 --- [Java-SLF4J] [http-nio-8080-Poller] org.apache.tomcat.util.net.NioEndpoint   : timeout completed: keys processed=1; now=1772687602609; nextExpiration=1772687602609; keyCount=0; hasEvents=false; eval=false
2026-03-05T10:43:23.609+05:30 DEBUG 24928 --- [Java-SLF4J] [http-nio-8080-Poller] org.apache.tomcat.util.net.NioEndpoint   : timeout completed: keys processed=1; now=1772687603609; nextExpiration=1772687603609; keyCount=0; hasEvents=false; eval=false
2026-03-05T10:43:24.610+05:30 DEBUG 24928 --- [Java-SLF4J] [http-nio-8080-Poller] org.apache.tomcat.util.net.NioEndpoint   : timeout completed: keys processed=1; now=1772687604610; nextExpiration=1772687604609; keyCount=0; hasEvents=false; eval=false
2026-03-05T10:43:25.611+05:30 DEBUG 24928 --- [Java-SLF4J] [http-nio-8080-Poller] org.apache.tomcat.util.net.NioEndpoint   : timeout completed: keys processed=1; now=1772687605611; nextExpiration=1772687605610; keyCount=0; hasEvents=false; eval=false
2026-03-05T10:43:26.612+05:30 DEBUG 24928 --- [Java-SLF4J] [http-nio-8080-Poller] org.apache.tomcat.util.net.NioEndpoint   : timeout completed: keys processed=1; now=1772687606612; nextExpiration=1772687606611; keyCount=0; hasEvents=false; eval=false
2026-03-05T10:43:27.612+05:30 DEBUG 24928 --- [Java-SLF4J] [http-nio-8080-Poller] org.apache.tomcat.util.net.NioEndpoint   : timeout completed: keys processed=1; now=1772687607612; nextExpiration=1772687607612; keyCount=0; hasEvents=false; eval=false
2026-03-05T10:43:28.612+05:30 DEBUG 24928 --- [Java-SLF4J] [http-nio-8080-Poller] org.apache.tomcat.util.net.NioEndpoint   : timeout completed: keys processed=1; now=1772687608612; nextExpiration=1772687608612; keyCount=0; hasEvents=false; eval=false
2026-03-05T10:43:29.613+05:30 DEBUG 24928 --- [Java-SLF4J] [http-nio-8080-Poller] org.apache.tomcat.util.net.NioEndpoint   : timeout completed: keys processed=1; now=1772687609613; nextExpiration=1772687609612; keyCount=0; hasEvents=false; eval=false
2026-03-05T10:43:30.613+05:30 DEBUG 24928 --- [Java-SLF4J] [http-nio-8080-Poller] org.apache.tomcat.util.net.NioEndpoint   : timeout completed: keys processed=1; now=1772687610613; nextExpiration=1772687610613; keyCount=0; hasEvents=false; eval=false
2026-03-05T10:43:31.614+05:30 DEBUG 24928 --- [Java-SLF4J] [http-nio-8080-Poller] org.apache.tomcat.util.net.NioEndpoint   : timeout completed: keys processed=1; now=1772687611614; nextExpiration=1772687611613; keyCount=0; hasEvents=false; eval=false
2026-03-05T10:43:32.614+05:30 DEBUG 24928 --- [Java-SLF4J] [http-nio-8080-Poller] org.apache.tomcat.util.net.NioEndpoint   : timeout completed: keys processed=1; now=1772687612614; nextExpiration=1772687612614; keyCount=0; hasEvents=false; eval=false
2026-03-05T10:43:33.615+05:30 DEBUG 24928 --- [Java-SLF4J] [http-nio-8080-Poller] org.apache.tomcat.util.net.NioEndpoint   : timeout completed: keys processed=1; now=1772687613615; nextExpiration=1772687613614; keyCount=0; hasEvents=false; eval=false
2026-03-05T10:43:34.615+05:30 DEBUG 24928 --- [Java-SLF4J] [http-nio-8080-Poller] org.apache.tomcat.util.net.NioEndpoint   : timeout completed: keys processed=1; now=1772687614615; nextExpiration=1772687614615; keyCount=0; hasEvents=false; eval=false
2026-03-05T10:43:35.616+05:30 DEBUG 24928 --- [Java-SLF4J] [http-nio-8080-Poller] org.apache.tomcat.util.net.NioEndpoint   : timeout completed: keys processed=1; now=1772687615616; nextExpiration=1772687615615; keyCount=0; hasEvents=false; eval=false
2026-03-05T10:43:36.616+05:30 DEBUG 24928 --- [Java-SLF4J] [http-nio-8080-Poller] org.apache.tomcat.util.net.NioEndpoint   : timeout completed: keys processed=1; now=1772687616616; nextExpiration=1772687616616; keyCount=0; hasEvents=false; eval=false
2026-03-05T10:43:37.617+05:30 DEBUG 24928 --- [Java-SLF4J] [http-nio-8080-Poller] org.apache.tomcat.util.net.NioEndpoint   : timeout completed: keys processed=1; now=1772687617617; nextExpiration=1772687617616; keyCount=0; hasEvents=false; eval=false
2026-03-05T10:43:38.617+05:30 DEBUG 24928 --- [Java-SLF4J] [http-nio-8080-Poller] org.apache.tomcat.util.net.NioEndpoint   : timeout completed: keys processed=1; now=1772687618617; nextExpiration=1772687618617; keyCount=0; hasEvents=false; eval=false
2026-03-05T10:43:39.618+05:30 DEBUG 24928 --- [Java-SLF4J] [http-nio-8080-Poller] org.apache.tomcat.util.net.NioEndpoint   : timeout completed: keys processed=1; now=1772687619618; nextExpiration=1772687619617; keyCount=0; hasEvents=false; eval=false
2026-03-05T10:43:40.619+05:30 DEBUG 24928 --- [Java-SLF4J] [http-nio-8080-Poller] org.apache.tomcat.util.net.NioEndpoint   : timeout completed: keys processed=1; now=1772687620619; nextExpiration=1772687620618; keyCount=0; hasEvents=false; eval=false
2026-03-05T10:43:41.620+05:30 DEBUG 24928 --- [Java-SLF4J] [http-nio-8080-Poller] org.apache.tomcat.util.net.NioEndpoint   : timeout completed: keys processed=1; now=1772687621620; nextExpiration=1772687621619; keyCount=0; hasEvents=false; eval=false
2026-03-05T10:43:42.621+05:30 DEBUG 24928 --- [Java-SLF4J] [http-nio-8080-Poller] org.apache.tomcat.util.net.NioEndpoint   : timeout completed: keys processed=1; now=1772687622621; nextExpiration=1772687622620; keyCount=0; hasEvents=false; eval=false
2026-03-05T10:43:43.621+05:30 DEBUG 24928 --- [Java-SLF4J] [http-nio-8080-Poller] org.apache.tomcat.util.net.NioEndpoint   : timeout completed: keys processed=1; now=1772687623621; nextExpiration=1772687623621; keyCount=0; hasEvents=false; eval=false
2026-03-05T10:43:44.621+05:30 DEBUG 24928 --- [Java-SLF4J] [http-nio-8080-Poller] org.apache.tomcat.util.net.NioEndpoint   : timeout completed: keys processed=1; now=1772687624621; nextExpiration=1772687624621; keyCount=0; hasEvents=false; eval=false
2026-03-05T10:43:45.622+05:30 DEBUG 24928 --- [Java-SLF4J] [http-nio-8080-Poller] org.apache.tomcat.util.net.NioEndpoint   : timeout completed: keys processed=1; now=1772687625622; nextExpiration=1772687625621; keyCount=0; hasEvents=false; eval=false
2026-03-05T10:43:46.622+05:30 DEBUG 24928 --- [Java-SLF4J] [http-nio-8080-Poller] org.apache.tomcat.util.net.NioEndpoint   : timeout completed: keys processed=1; now=1772687626622; nextExpiration=1772687626622; keyCount=0; hasEvents=false; eval=false
2026-03-05T10:43:47.622+05:30 DEBUG 24928 --- [Java-SLF4J] [http-nio-8080-Poller] org.apache.tomcat.util.net.NioEndpoint   : timeout completed: keys processed=1; now=1772687627622; nextExpiration=1772687627622; keyCount=0; hasEvents=false; eval=false
2026-03-05T10:43:48.623+05:30 DEBUG 24928 --- [Java-SLF4J] [http-nio-8080-Poller] org.apache.tomcat.util.net.NioEndpoint   : timeout completed: keys processed=1; now=1772687628623; nextExpiration=1772687628622; keyCount=0; hasEvents=false; eval=false
2026-03-05T10:43:49.624+05:30 DEBUG 24928 --- [Java-SLF4J] [http-nio-8080-Poller] org.apache.tomcat.util.net.NioEndpoint   : timeout completed: keys processed=1; now=1772687629624; nextExpiration=1772687629623; keyCount=0; hasEvents=false; eval=false
2026-03-05T10:43:50.624+05:30 DEBUG 24928 --- [Java-SLF4J] [http-nio-8080-Poller] org.apache.tomcat.util.net.NioEndpoint   : timeout completed: keys processed=1; now=1772687630624; nextExpiration=1772687630624; keyCount=0; hasEvents=false; eval=false
2026-03-05T10:43:51.624+05:30 DEBUG 24928 --- [Java-SLF4J] [http-nio-8080-Poller] org.apache.tomcat.util.net.NioEndpoint   : timeout completed: keys processed=1; now=1772687631624; nextExpiration=1772687631624; keyCount=0; hasEvents=false; eval=false
2026-03-05T10:43:52.625+05:30 DEBUG 24928 --- [Java-SLF4J] [http-nio-8080-Poller] org.apache.tomcat.util.net.NioEndpoint   : timeout completed: keys processed=1; now=1772687632625; nextExpiration=1772687632624; keyCount=0; hasEvents=false; eval=false
2026-03-05T10:43:53.625+05:30 DEBUG 24928 --- [Java-SLF4J] [http-nio-8080-Poller] org.apache.tomcat.util.net.NioEndpoint   : timeout completed: keys processed=1; now=1772687633625; nextExpiration=1772687633625; keyCount=0; hasEvents=false; eval=false
2026-03-05T10:43:54.378+05:30 DEBUG 24928 --- [Java-SLF4J] [Catalina-utility-1] o.apache.catalina.session.ManagerBase    : Start expire sessions StandardManager at 1772687634377 sessioncount 0
2026-03-05T10:43:54.378+05:30 DEBUG 24928 --- [Java-SLF4J] [Catalina-utility-1] o.apache.catalina.session.ManagerBase    : End expire sessions StandardManager processingTime 1 expired sessions: 0
2026-03-05T10:43:54.625+05:30 DEBUG 24928 --- [Java-SLF4J] [http-nio-8080-Poller] org.apache.tomcat.util.net.NioEndpoint   : timeout completed: keys processed=1; now=1772687634625; nextExpiration=1772687634625; keyCount=0; hasEvents=false; eval=false
2026-03-05T10:43:55.626+05:30 DEBUG 24928 --- [Java-SLF4J] [http-nio-8080-Poller] org.apache.tomcat.util.net.NioEndpoint   : timeout completed: keys processed=1; now=1772687635626; nextExpiration=1772687635625; keyCount=0; hasEvents=false; eval=false
2026-03-05T10:43:56.627+05:30 DEBUG 24928 --- [Java-SLF4J] [http-nio-8080-Poller] org.apache.tomcat.util.net.NioEndpoint   : timeout completed: keys processed=1; now=1772687636627; nextExpiration=1772687636626; keyCount=0; hasEvents=false; eval=false
2026-03-05T10:43:57.627+05:30 DEBUG 24928 --- [Java-SLF4J] [http-nio-8080-Poller] org.apache.tomcat.util.net.NioEndpoint   : timeout completed: keys processed=1; now=1772687637627; nextExpiration=1772687637627; keyCount=0; hasEvents=false; eval=false
2026-03-05T10:43:58.627+05:30 DEBUG 24928 --- [Java-SLF4J] [http-nio-8080-Poller] org.apache.tomcat.util.net.NioEndpoint   : timeout completed: keys processed=1; now=1772687638627; nextExpiration=1772687638627; keyCount=0; hasEvents=false; eval=false
2026-03-05T10:43:59.628+05:30 DEBUG 24928 --- [Java-SLF4J] [http-nio-8080-Poller] org.apache.tomcat.util.net.NioEndpoint   : timeout completed: keys processed=1; now=1772687639628; nextExpiration=1772687639627; keyCount=0; hasEvents=false; eval=false
2026-03-05T10:43:59.628+05:30 DEBUG 24928 --- [Java-SLF4J] [http-nio-8080-exec-2] o.apache.tomcat.util.threads.LimitLatch  : Counting down[http-nio-8080-exec-2] latch=1
2026-03-05T10:43:59.628+05:30 DEBUG 24928 --- [Java-SLF4J] [http-nio-8080-exec-2] org.apache.tomcat.util.net.NioEndpoint   : Calling [org.apache.tomcat.util.net.NioEndpoint@262ae4f1].closeSocket([org.apache.tomcat.util.net.NioEndpoint$NioSocketWrapper@3e423423:org.apache.tomcat.util.net.NioChannel@a38a98a:java.nio.channels.SocketChannel[connected local=/[0:0:0:0:0:0:0:1]:8080 remote=/[0:0:0:0:0:0:0:1]:58836]])
2026-03-05T10:44:00.628+05:30 DEBUG 24928 --- [Java-SLF4J] [http-nio-8080-Poller] org.apache.tomcat.util.net.NioEndpoint   : timeout completed: keys processed=0; now=1772687640628; nextExpiration=1772687640628; keyCount=0; hasEvents=false; eval=false
2026-03-05T10:44:01.629+05:30 DEBUG 24928 --- [Java-SLF4J] [http-nio-8080-Poller] org.apache.tomcat.util.net.NioEndpoint   : timeout completed: keys processed=0; now=1772687641629; nextExpiration=1772687641628; keyCount=0; hasEvents=false; eval=false
2026-03-05T10:44:02.630+05:30 DEBUG 24928 --- [Java-SLF4J] [http-nio-8080-Poller] org.apache.tomcat.util.net.NioEndpoint   : timeout completed: keys processed=0; now=1772687642630; nextExpiration=1772687642629; keyCount=0; hasEvents=false; eval=false
2026-03-05T10:44:03.630+05:30 DEBUG 24928 --- [Java-SLF4J] [http-nio-8080-Poller] org.apache.tomcat.util.net.NioEndpoint   : timeout completed: keys processed=0; now=1772687643630; nextExpiration=1772687643630; keyCount=0; hasEvents=false; eval=false
2026-03-05T10:44:04.631+05:30 DEBUG 24928 --- [Java-SLF4J] [http-nio-8080-Poller] org.apache.tomcat.util.net.NioEndpoint   : timeout completed: keys processed=0; now=1772687644631; nextExpiration=1772687644630; keyCount=0; hasEvents=false; eval=false
2026-03-05T10:44:05.631+05:30 DEBUG 24928 --- [Java-SLF4J] [http-nio-8080-Poller] org.apache.tomcat.util.net.NioEndpoint   : timeout completed: keys processed=0; now=1772687645631; nextExpiration=1772687645631; keyCount=0; hasEvents=false; eval=false
2026-03-05T10:44:06.632+05:30 DEBUG 24928 --- [Java-SLF4J] [http-nio-8080-Poller] org.apache.tomcat.util.net.NioEndpoint   : timeout completed: keys processed=0; now=1772687646632; nextExpiration=1772687646631; keyCount=0; hasEvents=false; eval=false
2026-03-05T10:44:07.632+05:30 DEBUG 24928 --- [Java-SLF4J] [http-nio-8080-Poller] org.apache.tomcat.util.net.NioEndpoint   : timeout completed: keys processed=0; now=1772687647632; nextExpiration=1772687647632; keyCount=0; hasEvents=false; eval=false
2026-03-05T10:44:08.633+05:30 DEBUG 24928 --- [Java-SLF4J] [http-nio-8080-Poller] org.apache.tomcat.util.net.NioEndpoint   : timeout completed: keys processed=0; now=1772687648633; nextExpiration=1772687648632; keyCount=0; hasEvents=false; eval=false
2026-03-05T10:44:09.634+05:30 DEBUG 24928 --- [Java-SLF4J] [http-nio-8080-Poller] org.apache.tomcat.util.net.NioEndpoint   : timeout completed: keys processed=0; now=1772687649634; nextExpiration=1772687649633; keyCount=0; hasEvents=false; eval=false
2026-03-05T10:44:10.634+05:30 DEBUG 24928 --- [Java-SLF4J] [http-nio-8080-Poller] org.apache.tomcat.util.net.NioEndpoint   : timeout completed: keys processed=0; now=1772687650634; nextExpiration=1772687650634; keyCount=0; hasEvents=false; eval=false
2026-03-05T10:44:11.635+05:30 DEBUG 24928 --- [Java-SLF4J] [http-nio-8080-Poller] org.apache.tomcat.util.net.NioEndpoint   : timeout completed: keys processed=0; now=1772687651635; nextExpiration=1772687651634; keyCount=0; hasEvents=false; eval=false
2026-03-05T10:44:12.636+05:30 DEBUG 24928 --- [Java-SLF4J] [http-nio-8080-Poller] org.apache.tomcat.util.net.NioEndpoint   : timeout completed: keys processed=0; now=1772687652636; nextExpiration=1772687652635; keyCount=0; hasEvents=false; eval=false
2026-03-05T10:44:13.637+05:30 DEBUG 24928 --- [Java-SLF4J] [http-nio-8080-Poller] org.apache.tomcat.util.net.NioEndpoint   : timeout completed: keys processed=0; now=1772687653637; nextExpiration=1772687653636; keyCount=0; hasEvents=false; eval=false
2026-03-05T10:44:14.637+05:30 DEBUG 24928 --- [Java-SLF4J] [http-nio-8080-Poller] org.apache.tomcat.util.net.NioEndpoint   : timeout completed: keys processed=0; now=1772687654637; nextExpiration=1772687654637; keyCount=0; hasEvents=false; eval=false
2026-03-05T10:44:15.638+05:30 DEBUG 24928 --- [Java-SLF4J] [http-nio-8080-Poller] org.apache.tomcat.util.net.NioEndpoint   : timeout completed: keys processed=0; now=1772687655638; nextExpiration=1772687655637; keyCount=0; hasEvents=false; eval=false
2026-03-05T10:44:16.639+05:30 DEBUG 24928 --- [Java-SLF4J] [http-nio-8080-Poller] org.apache.tomcat.util.net.NioEndpoint   : timeout completed: keys processed=0; now=1772687656639; nextExpiration=1772687656638; keyCount=0; hasEvents=false; eval=false
2026-03-05T10:44:17.639+05:30 DEBUG 24928 --- [Java-SLF4J] [http-nio-8080-Poller] org.apache.tomcat.util.net.NioEndpoint   : timeout completed: keys processed=0; now=1772687657639; nextExpiration=1772687657639; keyCount=0; hasEvents=false; eval=false
2026-03-05T10:44:18.639+05:30 DEBUG 24928 --- [Java-SLF4J] [http-nio-8080-Poller] org.apache.tomcat.util.net.NioEndpoint   : timeout completed: keys processed=0; now=1772687658639; nextExpiration=1772687658639; keyCount=0; hasEvents=false; eval=false
2026-03-05T10:44:19.640+05:30 DEBUG 24928 --- [Java-SLF4J] [http-nio-8080-Poller] org.apache.tomcat.util.net.NioEndpoint   : timeout completed: keys processed=0; now=1772687659640; nextExpiration=1772687659639; keyCount=0; hasEvents=false; eval=false
2026-03-05T10:44:20.641+05:30 DEBUG 24928 --- [Java-SLF4J] [http-nio-8080-Poller] org.apache.tomcat.util.net.NioEndpoint   : timeout completed: keys processed=0; now=1772687660641; nextExpiration=1772687660640; keyCount=0; hasEvents=false; eval=false
2026-03-05T10:44:21.642+05:30 DEBUG 24928 --- [Java-SLF4J] [http-nio-8080-Poller] org.apache.tomcat.util.net.NioEndpoint   : timeout completed: keys processed=0; now=1772687661642; nextExpiration=1772687661641; keyCount=0; hasEvents=false; eval=false
2026-03-05T10:44:22.642+05:30 DEBUG 24928 --- [Java-SLF4J] [http-nio-8080-Poller] org.apache.tomcat.util.net.NioEndpoint   : timeout completed: keys processed=0; now=1772687662642; nextExpiration=1772687662642; keyCount=0; hasEvents=false; eval=false
2026-03-05T10:44:23.642+05:30 DEBUG 24928 --- [Java-SLF4J] [http-nio-8080-Poller] org.apache.tomcat.util.net.NioEndpoint   : timeout completed: keys processed=0; now=1772687663642; nextExpiration=1772687663642; keyCount=0; hasEvents=false; eval=false
2026-03-05T10:44:24.643+05:30 DEBUG 24928 --- [Java-SLF4J] [http-nio-8080-Poller] org.apache.tomcat.util.net.NioEndpoint   : timeout completed: keys processed=0; now=1772687664643; nextExpiration=1772687664642; keyCount=0; hasEvents=false; eval=false
2026-03-05T10:44:25.643+05:30 DEBUG 24928 --- [Java-SLF4J] [http-nio-8080-Poller] org.apache.tomcat.util.net.NioEndpoint   : timeout completed: keys processed=0; now=1772687665643; nextExpiration=1772687665643; keyCount=0; hasEvents=false; eval=false
2026-03-05T10:44:26.643+05:30 DEBUG 24928 --- [Java-SLF4J] [http-nio-8080-Poller] org.apache.tomcat.util.net.NioEndpoint   : timeout completed: keys processed=0; now=1772687666643; nextExpiration=1772687666643; keyCount=0; hasEvents=false; eval=false
2026-03-05T10:44:27.644+05:30 DEBUG 24928 --- [Java-SLF4J] [http-nio-8080-Poller] org.apache.tomcat.util.net.NioEndpoint   : timeout completed: keys processed=0; now=1772687667644; nextExpiration=1772687667643; keyCount=0; hasEvents=false; eval=false
2026-03-05T10:44:28.645+05:30 DEBUG 24928 --- [Java-SLF4J] [http-nio-8080-Poller] org.apache.tomcat.util.net.NioEndpoint   : timeout completed: keys processed=0; now=1772687668645; nextExpiration=1772687668644; keyCount=0; hasEvents=false; eval=false
2026-03-05T10:44:29.645+05:30 DEBUG 24928 --- [Java-SLF4J] [http-nio-8080-Poller] org.apache.tomcat.util.net.NioEndpoint   : timeout completed: keys processed=0; now=1772687669645; nextExpiration=1772687669645; keyCount=0; hasEvents=false; eval=false
2026-03-05T10:44:30.646+05:30 DEBUG 24928 --- [Java-SLF4J] [http-nio-8080-Poller] org.apache.tomcat.util.net.NioEndpoint   : timeout completed: keys processed=0; now=1772687670646; nextExpiration=1772687670645; keyCount=0; hasEvents=false; eval=false
2026-03-05T10:44:31.646+05:30 DEBUG 24928 --- [Java-SLF4J] [http-nio-8080-Poller] org.apache.tomcat.util.net.NioEndpoint   : timeout completed: keys processed=0; now=1772687671646; nextExpiration=1772687671646; keyCount=0; hasEvents=false; eval=false
2026-03-05T10:44:32.646+05:30 DEBUG 24928 --- [Java-SLF4J] [http-nio-8080-Poller] org.apache.tomcat.util.net.NioEndpoint   : timeout completed: keys processed=0; now=1772687672646; nextExpiration=1772687672646; keyCount=0; hasEvents=false; eval=false
2026-03-05T10:44:33.647+05:30 DEBUG 24928 --- [Java-SLF4J] [http-nio-8080-Poller] org.apache.tomcat.util.net.NioEndpoint   : timeout completed: keys processed=0; now=1772687673647; nextExpiration=1772687673646; keyCount=0; hasEvents=false; eval=false
2026-03-05T10:44:34.647+05:30 DEBUG 24928 --- [Java-SLF4J] [http-nio-8080-Poller] org.apache.tomcat.util.net.NioEndpoint   : timeout completed: keys processed=0; now=1772687674647; nextExpiration=1772687674647; keyCount=0; hasEvents=false; eval=false
2026-03-05T10:44:35.648+05:30 DEBUG 24928 --- [Java-SLF4J] [http-nio-8080-Poller] org.apache.tomcat.util.net.NioEndpoint   : timeout completed: keys processed=0; now=1772687675648; nextExpiration=1772687675647; keyCount=0; hasEvents=false; eval=false
2026-03-05T10:44:36.648+05:30 DEBUG 24928 --- [Java-SLF4J] [http-nio-8080-Poller] org.apache.tomcat.util.net.NioEndpoint   : timeout completed: keys processed=0; now=1772687676648; nextExpiration=1772687676648; keyCount=0; hasEvents=false; eval=false
2026-03-05T10:44:37.650+05:30 DEBUG 24928 --- [Java-SLF4J] [http-nio-8080-Poller] org.apache.tomcat.util.net.NioEndpoint   : timeout completed: keys processed=0; now=1772687677650; nextExpiration=1772687677648; keyCount=0; hasEvents=false; eval=false
2026-03-05T10:44:38.651+05:30 DEBUG 24928 --- [Java-SLF4J] [http-nio-8080-Poller] org.apache.tomcat.util.net.NioEndpoint   : timeout completed: keys processed=0; now=1772687678651; nextExpiration=1772687678650; keyCount=0; hasEvents=false; eval=false
2026-03-05T10:44:39.651+05:30 DEBUG 24928 --- [Java-SLF4J] [http-nio-8080-Poller] org.apache.tomcat.util.net.NioEndpoint   : timeout completed: keys processed=0; now=1772687679651; nextExpiration=1772687679651; keyCount=0; hasEvents=false; eval=false
2026-03-05T10:44:40.652+05:30 DEBUG 24928 --- [Java-SLF4J] [http-nio-8080-Poller] org.apache.tomcat.util.net.NioEndpoint   : timeout completed: keys processed=0; now=1772687680652; nextExpiration=1772687680651; keyCount=0; hasEvents=false; eval=false
2026-03-05T10:44:41.652+05:30 DEBUG 24928 --- [Java-SLF4J] [http-nio-8080-Poller] org.apache.tomcat.util.net.NioEndpoint   : timeout completed: keys processed=0; now=1772687681652; nextExpiration=1772687681652; keyCount=0; hasEvents=false; eval=false
2026-03-05T10:44:42.653+05:30 DEBUG 24928 --- [Java-SLF4J] [http-nio-8080-Poller] org.apache.tomcat.util.net.NioEndpoint   : timeout completed: keys processed=0; now=1772687682653; nextExpiration=1772687682652; keyCount=0; hasEvents=false; eval=false
2026-03-05T10:44:43.653+05:30 DEBUG 24928 --- [Java-SLF4J] [http-nio-8080-Poller] org.apache.tomcat.util.net.NioEndpoint   : timeout completed: keys processed=0; now=1772687683653; nextExpiration=1772687683653; keyCount=0; hasEvents=false; eval=false
2026-03-05T10:44:44.654+05:30 DEBUG 24928 --- [Java-SLF4J] [http-nio-8080-Poller] org.apache.tomcat.util.net.NioEndpoint   : timeout completed: keys processed=0; now=1772687684654; nextExpiration=1772687684653; keyCount=0; hasEvents=false; eval=false
2026-03-05T10:44:45.654+05:30 DEBUG 24928 --- [Java-SLF4J] [http-nio-8080-Poller] org.apache.tomcat.util.net.NioEndpoint   : timeout completed: keys processed=0; now=1772687685654; nextExpiration=1772687685654; keyCount=0; hasEvents=false; eval=false
2026-03-05T10:44:46.655+05:30 DEBUG 24928 --- [Java-SLF4J] [http-nio-8080-Poller] org.apache.tomcat.util.net.NioEndpoint   : timeout completed: keys processed=0; now=1772687686655; nextExpiration=1772687686654; keyCount=0; hasEvents=false; eval=false
2026-03-05T10:44:47.655+05:30 DEBUG 24928 --- [Java-SLF4J] [http-nio-8080-Poller] org.apache.tomcat.util.net.NioEndpoint   : timeout completed: keys processed=0; now=1772687687655; nextExpiration=1772687687655; keyCount=0; hasEvents=false; eval=false
2026-03-05T10:44:48.656+05:30 DEBUG 24928 --- [Java-SLF4J] [http-nio-8080-Poller] org.apache.tomcat.util.net.NioEndpoint   : timeout completed: keys processed=0; now=1772687688656; nextExpiration=1772687688655; keyCount=0; hasEvents=false; eval=false
2026-03-05T10:44:49.657+05:30 DEBUG 24928 --- [Java-SLF4J] [http-nio-8080-Poller] org.apache.tomcat.util.net.NioEndpoint   : timeout completed: keys processed=0; now=1772687689657; nextExpiration=1772687689656; keyCount=0; hasEvents=false; eval=false
2026-03-05T10:44:50.657+05:30 DEBUG 24928 --- [Java-SLF4J] [http-nio-8080-Poller] org.apache.tomcat.util.net.NioEndpoint   : timeout completed: keys processed=0; now=1772687690657; nextExpiration=1772687690657; keyCount=0; hasEvents=false; eval=false
2026-03-05T10:44:51.657+05:30 DEBUG 24928 --- [Java-SLF4J] [http-nio-8080-Poller] org.apache.tomcat.util.net.NioEndpoint   : timeout completed: keys processed=0; now=1772687691657; nextExpiration=1772687691657; keyCount=0; hasEvents=false; eval=false
2026-03-05T10:44:52.659+05:30 DEBUG 24928 --- [Java-SLF4J] [http-nio-8080-Poller] org.apache.tomcat.util.net.NioEndpoint   : timeout completed: keys processed=0; now=1772687692659; nextExpiration=1772687692657; keyCount=0; hasEvents=false; eval=false
2026-03-05T10:44:53.660+05:30 DEBUG 24928 --- [Java-SLF4J] [http-nio-8080-Poller] org.apache.tomcat.util.net.NioEndpoint   : timeout completed: keys processed=0; now=1772687693660; nextExpiration=1772687693659; keyCount=0; hasEvents=false; eval=false
2026-03-05T10:44:54.383+05:30 DEBUG 24928 --- [Java-SLF4J] [Catalina-utility-2] o.apache.catalina.session.ManagerBase    : Start expire sessions StandardManager at 1772687694383 sessioncount 0
2026-03-05T10:44:54.383+05:30 DEBUG 24928 --- [Java-SLF4J] [Catalina-utility-2] o.apache.catalina.session.ManagerBase    : End expire sessions StandardManager processingTime 0 expired sessions: 0
2026-03-05T10:44:54.660+05:30 DEBUG 24928 --- [Java-SLF4J] [http-nio-8080-Poller] org.apache.tomcat.util.net.NioEndpoint   : timeout completed: keys processed=0; now=1772687694660; nextExpiration=1772687694660; keyCount=0; hasEvents=false; eval=false
2026-03-05T10:44:55.660+05:30 DEBUG 24928 --- [Java-SLF4J] [http-nio-8080-Poller] org.apache.tomcat.util.net.NioEndpoint   : timeout completed: keys processed=0; now=1772687695660; nextExpiration=1772687695660; keyCount=0; hasEvents=false; eval=false
2026-03-05T10:44:56.660+05:30 DEBUG 24928 --- [Java-SLF4J] [http-nio-8080-Poller] org.apache.tomcat.util.net.NioEndpoint   : timeout completed: keys processed=0; now=1772687696660; nextExpiration=1772687696660; keyCount=0; hasEvents=false; eval=false
2026-03-05T10:44:57.660+05:30 DEBUG 24928 --- [Java-SLF4J] [http-nio-8080-Poller] org.apache.tomcat.util.net.NioEndpoint   : timeout completed: keys processed=0; now=1772687697660; nextExpiration=1772687697660; keyCount=0; hasEvents=false; eval=false
2026-03-05T10:44:58.661+05:30 DEBUG 24928 --- [Java-SLF4J] [http-nio-8080-Poller] org.apache.tomcat.util.net.NioEndpoint   : timeout completed: keys processed=0; now=1772687698661; nextExpiration=1772687698660; keyCount=0; hasEvents=false; eval=false
2026-03-05T10:44:59.662+05:30 DEBUG 24928 --- [Java-SLF4J] [http-nio-8080-Poller] org.apache.tomcat.util.net.NioEndpoint   : timeout completed: keys processed=0; now=1772687699662; nextExpiration=1772687699661; keyCount=0; hasEvents=false; eval=false
2026-03-05T10:45:00.662+05:30 DEBUG 24928 --- [Java-SLF4J] [http-nio-8080-Poller] org.apache.tomcat.util.net.NioEndpoint   : timeout completed: keys processed=0; now=1772687700662; nextExpiration=1772687700662; keyCount=0; hasEvents=false; eval=false
2026-03-05T10:45:01.662+05:30 DEBUG 24928 --- [Java-SLF4J] [http-nio-8080-Poller] org.apache.tomcat.util.net.NioEndpoint   : timeout completed: keys processed=0; now=1772687701662; nextExpiration=1772687701662; keyCount=0; hasEvents=false; eval=false
2026-03-05T10:45:02.662+05:30 DEBUG 24928 --- [Java-SLF4J] [http-nio-8080-Poller] org.apache.tomcat.util.net.NioEndpoint   : timeout completed: keys processed=0; now=1772687702662; nextExpiration=1772687702662; keyCount=0; hasEvents=false; eval=false
2026-03-05T10:45:03.663+05:30 DEBUG 24928 --- [Java-SLF4J] [http-nio-8080-Poller] org.apache.tomcat.util.net.NioEndpoint   : timeout completed: keys processed=0; now=1772687703663; nextExpiration=1772687703662; keyCount=0; hasEvents=false; eval=false
2026-03-05T10:45:04.663+05:30 DEBUG 24928 --- [Java-SLF4J] [http-nio-8080-Poller] org.apache.tomcat.util.net.NioEndpoint   : timeout completed: keys processed=0; now=1772687704663; nextExpiration=1772687704663; keyCount=0; hasEvents=false; eval=false
2026-03-05T10:45:05.663+05:30 DEBUG 24928 --- [Java-SLF4J] [http-nio-8080-Poller] org.apache.tomcat.util.net.NioEndpoint   : timeout completed: keys processed=0; now=1772687705663; nextExpiration=1772687705663; keyCount=0; hasEvents=false; eval=false
2026-03-05T10:45:06.663+05:30 DEBUG 24928 --- [Java-SLF4J] [http-nio-8080-Poller] org.apache.tomcat.util.net.NioEndpoint   : timeout completed: keys processed=0; now=1772687706663; nextExpiration=1772687706663; keyCount=0; hasEvents=false; eval=false
2026-03-05T10:45:07.664+05:30 DEBUG 24928 --- [Java-SLF4J] [http-nio-8080-Poller] org.apache.tomcat.util.net.NioEndpoint   : timeout completed: keys processed=0; now=1772687707664; nextExpiration=1772687707663; keyCount=0; hasEvents=false; eval=false
2026-03-05T10:45:08.664+05:30 DEBUG 24928 --- [Java-SLF4J] [http-nio-8080-Poller] org.apache.tomcat.util.net.NioEndpoint   : timeout completed: keys processed=0; now=1772687708664; nextExpiration=1772687708664; keyCount=0; hasEvents=false; eval=false
2026-03-05T10:45:09.664+05:30 DEBUG 24928 --- [Java-SLF4J] [http-nio-8080-Poller] org.apache.tomcat.util.net.NioEndpoint   : timeout completed: keys processed=0; now=1772687709664; nextExpiration=1772687709664; keyCount=0; hasEvents=false; eval=false
2026-03-05T10:45:10.665+05:30 DEBUG 24928 --- [Java-SLF4J] [http-nio-8080-Poller] org.apache.tomcat.util.net.NioEndpoint   : timeout completed: keys processed=0; now=1772687710665; nextExpiration=1772687710664; keyCount=0; hasEvents=false; eval=false
2026-03-05T10:45:11.666+05:30 DEBUG 24928 --- [Java-SLF4J] [http-nio-8080-Poller] org.apache.tomcat.util.net.NioEndpoint   : timeout completed: keys processed=0; now=1772687711666; nextExpiration=1772687711665; keyCount=0; hasEvents=false; eval=false
2026-03-05T10:45:12.667+05:30 DEBUG 24928 --- [Java-SLF4J] [http-nio-8080-Poller] org.apache.tomcat.util.net.NioEndpoint   : timeout completed: keys processed=0; now=1772687712667; nextExpiration=1772687712666; keyCount=0; hasEvents=false; eval=false
2026-03-05T10:45:13.668+05:30 DEBUG 24928 --- [Java-SLF4J] [http-nio-8080-Poller] org.apache.tomcat.util.net.NioEndpoint   : timeout completed: keys processed=0; now=1772687713668; nextExpiration=1772687713667; keyCount=0; hasEvents=false; eval=false
2026-03-05T10:45:14.668+05:30 DEBUG 24928 --- [Java-SLF4J] [http-nio-8080-Poller] org.apache.tomcat.util.net.NioEndpoint   : timeout completed: keys processed=0; now=1772687714668; nextExpiration=1772687714668; keyCount=0; hasEvents=false; eval=false
2026-03-05T10:45:15.668+05:30 DEBUG 24928 --- [Java-SLF4J] [http-nio-8080-Poller] org.apache.tomcat.util.net.NioEndpoint   : timeout completed: keys processed=0; now=1772687715668; nextExpiration=1772687715668; keyCount=0; hasEvents=false; eval=false
2026-03-05T10:45:16.668+05:30 DEBUG 24928 --- [Java-SLF4J] [http-nio-8080-Poller] org.apache.tomcat.util.net.NioEndpoint   : timeout completed: keys processed=0; now=1772687716668; nextExpiration=1772687716668; keyCount=0; hasEvents=false; eval=false
2026-03-05T10:45:17.669+05:30 DEBUG 24928 --- [Java-SLF4J] [http-nio-8080-Poller] org.apache.tomcat.util.net.NioEndpoint   : timeout completed: keys processed=0; now=1772687717669; nextExpiration=1772687717668; keyCount=0; hasEvents=false; eval=false
2026-03-05T10:45:18.669+05:30 DEBUG 24928 --- [Java-SLF4J] [http-nio-8080-Poller] org.apache.tomcat.util.net.NioEndpoint   : timeout completed: keys processed=0; now=1772687718669; nextExpiration=1772687718669; keyCount=0; hasEvents=false; eval=false
2026-03-05T10:45:19.669+05:30 DEBUG 24928 --- [Java-SLF4J] [http-nio-8080-Poller] org.apache.tomcat.util.net.NioEndpoint   : timeout completed: keys processed=0; now=1772687719669; nextExpiration=1772687719669; keyCount=0; hasEvents=false; eval=false
2026-03-05T10:45:20.669+05:30 DEBUG 24928 --- [Java-SLF4J] [http-nio-8080-Poller] org.apache.tomcat.util.net.NioEndpoint   : timeout completed: keys processed=0; now=1772687720669; nextExpiration=1772687720669; keyCount=0; hasEvents=false; eval=false
2026-03-05T10:45:21.670+05:30 DEBUG 24928 --- [Java-SLF4J] [http-nio-8080-Poller] org.apache.tomcat.util.net.NioEndpoint   : timeout completed: keys processed=0; now=1772687721670; nextExpiration=1772687721669; keyCount=0; hasEvents=false; eval=false
2026-03-05T10:45:22.670+05:30 DEBUG 24928 --- [Java-SLF4J] [http-nio-8080-Poller] org.apache.tomcat.util.net.NioEndpoint   : timeout completed: keys processed=0; now=1772687722670; nextExpiration=1772687722670; keyCount=0; hasEvents=false; eval=false
2026-03-05T10:45:23.671+05:30 DEBUG 24928 --- [Java-SLF4J] [http-nio-8080-Poller] org.apache.tomcat.util.net.NioEndpoint   : timeout completed: keys processed=0; now=1772687723671; nextExpiration=1772687723670; keyCount=0; hasEvents=false; eval=false
2026-03-05T10:45:24.672+05:30 DEBUG 24928 --- [Java-SLF4J] [http-nio-8080-Poller] org.apache.tomcat.util.net.NioEndpoint   : timeout completed: keys processed=0; now=1772687724672; nextExpiration=1772687724671; keyCount=0; hasEvents=false; eval=false
2026-03-05T10:45:25.672+05:30 DEBUG 24928 --- [Java-SLF4J] [http-nio-8080-Poller] org.apache.tomcat.util.net.NioEndpoint   : timeout completed: keys processed=0; now=1772687725672; nextExpiration=1772687725672; keyCount=0; hasEvents=false; eval=false
2026-03-05T10:45:26.673+05:30 DEBUG 24928 --- [Java-SLF4J] [http-nio-8080-Poller] org.apache.tomcat.util.net.NioEndpoint   : timeout completed: keys processed=0; now=1772687726673; nextExpiration=1772687726672; keyCount=0; hasEvents=false; eval=false
2026-03-05T10:45:27.674+05:30 DEBUG 24928 --- [Java-SLF4J] [http-nio-8080-Poller] org.apache.tomcat.util.net.NioEndpoint   : timeout completed: keys processed=0; now=1772687727674; nextExpiration=1772687727673; keyCount=0; hasEvents=false; eval=false
2026-03-05T10:45:28.674+05:30 DEBUG 24928 --- [Java-SLF4J] [http-nio-8080-Poller] org.apache.tomcat.util.net.NioEndpoint   : timeout completed: keys processed=0; now=1772687728674; nextExpiration=1772687728674; keyCount=0; hasEvents=false; eval=false
2026-03-05T10:45:29.674+05:30 DEBUG 24928 --- [Java-SLF4J] [http-nio-8080-Poller] org.apache.tomcat.util.net.NioEndpoint   : timeout completed: keys processed=0; now=1772687729674; nextExpiration=1772687729674; keyCount=0; hasEvents=false; eval=false
2026-03-05T10:45:30.675+05:30 DEBUG 24928 --- [Java-SLF4J] [http-nio-8080-Poller] org.apache.tomcat.util.net.NioEndpoint   : timeout completed: keys processed=0; now=1772687730675; nextExpiration=1772687730674; keyCount=0; hasEvents=false; eval=false
2026-03-05T10:45:31.675+05:30 DEBUG 24928 --- [Java-SLF4J] [http-nio-8080-Poller] org.apache.tomcat.util.net.NioEndpoint   : timeout completed: keys processed=0; now=1772687731675; nextExpiration=1772687731675; keyCount=0; hasEvents=false; eval=false
2026-03-05T10:45:32.676+05:30 DEBUG 24928 --- [Java-SLF4J] [http-nio-8080-Poller] org.apache.tomcat.util.net.NioEndpoint   : timeout completed: keys processed=0; now=1772687732676; nextExpiration=1772687732675; keyCount=0; hasEvents=false; eval=false
2026-03-05T10:45:33.676+05:30 DEBUG 24928 --- [Java-SLF4J] [http-nio-8080-Poller] org.apache.tomcat.util.net.NioEndpoint   : timeout completed: keys processed=0; now=1772687733676; nextExpiration=1772687733676; keyCount=0; hasEvents=false; eval=false
2026-03-05T10:45:34.676+05:30 DEBUG 24928 --- [Java-SLF4J] [http-nio-8080-Poller] org.apache.tomcat.util.net.NioEndpoint   : timeout completed: keys processed=0; now=1772687734676; nextExpiration=1772687734676; keyCount=0; hasEvents=false; eval=false
2026-03-05T10:45:35.677+05:30 DEBUG 24928 --- [Java-SLF4J] [http-nio-8080-Poller] org.apache.tomcat.util.net.NioEndpoint   : timeout completed: keys processed=0; now=1772687735677; nextExpiration=1772687735676; keyCount=0; hasEvents=false; eval=false
2026-03-05T10:45:36.677+05:30 DEBUG 24928 --- [Java-SLF4J] [http-nio-8080-Poller] org.apache.tomcat.util.net.NioEndpoint   : timeout completed: keys processed=0; now=1772687736677; nextExpiration=1772687736677; keyCount=0; hasEvents=false; eval=false
2026-03-05T10:45:37.677+05:30 DEBUG 24928 --- [Java-SLF4J] [http-nio-8080-Poller] org.apache.tomcat.util.net.NioEndpoint   : timeout completed: keys processed=0; now=1772687737677; nextExpiration=1772687737677; keyCount=0; hasEvents=false; eval=false
2026-03-05T10:45:38.677+05:30 DEBUG 24928 --- [Java-SLF4J] [http-nio-8080-Poller] org.apache.tomcat.util.net.NioEndpoint   : timeout completed: keys processed=0; now=1772687738677; nextExpiration=1772687738677; keyCount=0; hasEvents=false; eval=false
2026-03-05T10:45:39.678+05:30 DEBUG 24928 --- [Java-SLF4J] [http-nio-8080-Poller] org.apache.tomcat.util.net.NioEndpoint   : timeout completed: keys processed=0; now=1772687739678; nextExpiration=1772687739677; keyCount=0; hasEvents=false; eval=false
2026-03-05T10:45:40.678+05:30 DEBUG 24928 --- [Java-SLF4J] [http-nio-8080-Poller] org.apache.tomcat.util.net.NioEndpoint   : timeout completed: keys processed=0; now=1772687740678; nextExpiration=1772687740678; keyCount=0; hasEvents=false; eval=false
2026-03-05T10:45:41.679+05:30 DEBUG 24928 --- [Java-SLF4J] [http-nio-8080-Poller] org.apache.tomcat.util.net.NioEndpoint   : timeout completed: keys processed=0; now=1772687741679; nextExpiration=1772687741678; keyCount=0; hasEvents=false; eval=false
2026-03-05T10:45:42.680+05:30 DEBUG 24928 --- [Java-SLF4J] [http-nio-8080-Poller] org.apache.tomcat.util.net.NioEndpoint   : timeout completed: keys processed=0; now=1772687742680; nextExpiration=1772687742679; keyCount=0; hasEvents=false; eval=false
2026-03-05T10:45:43.680+05:30 DEBUG 24928 --- [Java-SLF4J] [http-nio-8080-Poller] org.apache.tomcat.util.net.NioEndpoint   : timeout completed: keys processed=0; now=1772687743680; nextExpiration=1772687743680; keyCount=0; hasEvents=false; eval=false
2026-03-05T10:45:44.681+05:30 DEBUG 24928 --- [Java-SLF4J] [http-nio-8080-Poller] org.apache.tomcat.util.net.NioEndpoint   : timeout completed: keys processed=0; now=1772687744681; nextExpiration=1772687744680; keyCount=0; hasEvents=false; eval=false
2026-03-05T10:45:45.682+05:30 DEBUG 24928 --- [Java-SLF4J] [http-nio-8080-Poller] org.apache.tomcat.util.net.NioEndpoint   : timeout completed: keys processed=0; now=1772687745682; nextExpiration=1772687745681; keyCount=0; hasEvents=false; eval=false
2026-03-05T10:45:46.682+05:30 DEBUG 24928 --- [Java-SLF4J] [http-nio-8080-Poller] org.apache.tomcat.util.net.NioEndpoint   : timeout completed: keys processed=0; now=1772687746682; nextExpiration=1772687746682; keyCount=0; hasEvents=false; eval=false
2026-03-05T10:45:47.683+05:30 DEBUG 24928 --- [Java-SLF4J] [http-nio-8080-Poller] org.apache.tomcat.util.net.NioEndpoint   : timeout completed: keys processed=0; now=1772687747683; nextExpiration=1772687747682; keyCount=0; hasEvents=false; eval=false
2026-03-05T10:45:48.683+05:30 DEBUG 24928 --- [Java-SLF4J] [http-nio-8080-Poller] org.apache.tomcat.util.net.NioEndpoint   : timeout completed: keys processed=0; now=1772687748683; nextExpiration=1772687748683; keyCount=0; hasEvents=false; eval=false
2026-03-05T10:45:49.684+05:30 DEBUG 24928 --- [Java-SLF4J] [http-nio-8080-Poller] org.apache.tomcat.util.net.NioEndpoint   : timeout completed: keys processed=0; now=1772687749684; nextExpiration=1772687749683; keyCount=0; hasEvents=false; eval=false
2026-03-05T10:45:50.684+05:30 DEBUG 24928 --- [Java-SLF4J] [http-nio-8080-Poller] org.apache.tomcat.util.net.NioEndpoint   : timeout completed: keys processed=0; now=1772687750684; nextExpiration=1772687750684; keyCount=0; hasEvents=false; eval=false
2026-03-05T10:45:51.685+05:30 DEBUG 24928 --- [Java-SLF4J] [http-nio-8080-Poller] org.apache.tomcat.util.net.NioEndpoint   : timeout completed: keys processed=0; now=1772687751685; nextExpiration=1772687751684; keyCount=0; hasEvents=false; eval=false
2026-03-05T10:45:52.686+05:30 DEBUG 24928 --- [Java-SLF4J] [http-nio-8080-Poller] org.apache.tomcat.util.net.NioEndpoint   : timeout completed: keys processed=0; now=1772687752686; nextExpiration=1772687752685; keyCount=0; hasEvents=false; eval=false
2026-03-05T10:45:53.686+05:30 DEBUG 24928 --- [Java-SLF4J] [http-nio-8080-Poller] org.apache.tomcat.util.net.NioEndpoint   : timeout completed: keys processed=0; now=1772687753686; nextExpiration=1772687753686; keyCount=0; hasEvents=false; eval=false
2026-03-05T10:45:54.391+05:30 DEBUG 24928 --- [Java-SLF4J] [Catalina-utility-1] o.apache.catalina.session.ManagerBase    : Start expire sessions StandardManager at 1772687754391 sessioncount 0
2026-03-05T10:45:54.391+05:30 DEBUG 24928 --- [Java-SLF4J] [Catalina-utility-1] o.apache.catalina.session.ManagerBase    : End expire sessions StandardManager processingTime 0 expired sessions: 0
2026-03-05T10:45:54.686+05:30 DEBUG 24928 --- [Java-SLF4J] [http-nio-8080-Poller] org.apache.tomcat.util.net.NioEndpoint   : timeout completed: keys processed=0; now=1772687754686; nextExpiration=1772687754686; keyCount=0; hasEvents=false; eval=false
2026-03-05T10:45:55.688+05:30 DEBUG 24928 --- [Java-SLF4J] [http-nio-8080-Poller] org.apache.tomcat.util.net.NioEndpoint   : timeout completed: keys processed=0; now=1772687755688; nextExpiration=1772687755686; keyCount=0; hasEvents=false; eval=false
2026-03-05T10:45:56.688+05:30 DEBUG 24928 --- [Java-SLF4J] [http-nio-8080-Poller] org.apache.tomcat.util.net.NioEndpoint   : timeout completed: keys processed=0; now=1772687756688; nextExpiration=1772687756688; keyCount=0; hasEvents=false; eval=false
2026-03-05T10:45:57.689+05:30 DEBUG 24928 --- [Java-SLF4J] [http-nio-8080-Poller] org.apache.tomcat.util.net.NioEndpoint   : timeout completed: keys processed=0; now=1772687757689; nextExpiration=1772687757688; keyCount=0; hasEvents=false; eval=false
2026-03-05T10:45:58.690+05:30 DEBUG 24928 --- [Java-SLF4J] [http-nio-8080-Poller] org.apache.tomcat.util.net.NioEndpoint   : timeout completed: keys processed=0; now=1772687758690; nextExpiration=1772687758689; keyCount=0; hasEvents=false; eval=false
2026-03-05T10:45:59.690+05:30 DEBUG 24928 --- [Java-SLF4J] [http-nio-8080-Poller] org.apache.tomcat.util.net.NioEndpoint   : timeout completed: keys processed=0; now=1772687759690; nextExpiration=1772687759690; keyCount=0; hasEvents=false; eval=false
2026-03-05T10:46:00.691+05:30 DEBUG 24928 --- [Java-SLF4J] [http-nio-8080-Poller] org.apache.tomcat.util.net.NioEndpoint   : timeout completed: keys processed=0; now=1772687760691; nextExpiration=1772687760690; keyCount=0; hasEvents=false; eval=false
2026-03-05T10:46:01.691+05:30 DEBUG 24928 --- [Java-SLF4J] [http-nio-8080-Poller] org.apache.tomcat.util.net.NioEndpoint   : timeout completed: keys processed=0; now=1772687761691; nextExpiration=1772687761691; keyCount=0; hasEvents=false; eval=false
2026-03-05T10:46:02.692+05:30 DEBUG 24928 --- [Java-SLF4J] [http-nio-8080-Poller] org.apache.tomcat.util.net.NioEndpoint   : timeout completed: keys processed=0; now=1772687762692; nextExpiration=1772687762691; keyCount=0; hasEvents=false; eval=false
2026-03-05T10:46:03.692+05:30 DEBUG 24928 --- [Java-SLF4J] [http-nio-8080-Poller] org.apache.tomcat.util.net.NioEndpoint   : timeout completed: keys processed=0; now=1772687763692; nextExpiration=1772687763692; keyCount=0; hasEvents=false; eval=false
2026-03-05T10:46:04.693+05:30 DEBUG 24928 --- [Java-SLF4J] [http-nio-8080-Poller] org.apache.tomcat.util.net.NioEndpoint   : timeout completed: keys processed=0; now=1772687764693; nextExpiration=1772687764692; keyCount=0; hasEvents=false; eval=false
2026-03-05T10:46:05.694+05:30 DEBUG 24928 --- [Java-SLF4J] [http-nio-8080-Poller] org.apache.tomcat.util.net.NioEndpoint   : timeout completed: keys processed=0; now=1772687765694; nextExpiration=1772687765693; keyCount=0; hasEvents=false; eval=false
2026-03-05T10:46:06.694+05:30 DEBUG 24928 --- [Java-SLF4J] [http-nio-8080-Poller] org.apache.tomcat.util.net.NioEndpoint   : timeout completed: keys processed=0; now=1772687766694; nextExpiration=1772687766694; keyCount=0; hasEvents=false; eval=false
2026-03-05T10:46:07.695+05:30 DEBUG 24928 --- [Java-SLF4J] [http-nio-8080-Poller] org.apache.tomcat.util.net.NioEndpoint   : timeout completed: keys processed=0; now=1772687767695; nextExpiration=1772687767694; keyCount=0; hasEvents=false; eval=false
2026-03-05T10:46:08.696+05:30 DEBUG 24928 --- [Java-SLF4J] [http-nio-8080-Poller] org.apache.tomcat.util.net.NioEndpoint   : timeout completed: keys processed=0; now=1772687768696; nextExpiration=1772687768695; keyCount=0; hasEvents=false; eval=false
2026-03-05T10:46:09.696+05:30 DEBUG 24928 --- [Java-SLF4J] [http-nio-8080-Poller] org.apache.tomcat.util.net.NioEndpoint   : timeout completed: keys processed=0; now=1772687769696; nextExpiration=1772687769696; keyCount=0; hasEvents=false; eval=false
2026-03-05T10:46:10.697+05:30 DEBUG 24928 --- [Java-SLF4J] [http-nio-8080-Poller] org.apache.tomcat.util.net.NioEndpoint   : timeout completed: keys processed=0; now=1772687770697; nextExpiration=1772687770696; keyCount=0; hasEvents=false; eval=false
2026-03-05T10:46:11.697+05:30 DEBUG 24928 --- [Java-SLF4J] [http-nio-8080-Poller] org.apache.tomcat.util.net.NioEndpoint   : timeout completed: keys processed=0; now=1772687771697; nextExpiration=1772687771697; keyCount=0; hasEvents=false; eval=false
2026-03-05T10:46:12.698+05:30 DEBUG 24928 --- [Java-SLF4J] [http-nio-8080-Poller] org.apache.tomcat.util.net.NioEndpoint   : timeout completed: keys processed=0; now=1772687772698; nextExpiration=1772687772697; keyCount=0; hasEvents=false; eval=false
2026-03-05T10:46:13.698+05:30 DEBUG 24928 --- [Java-SLF4J] [http-nio-8080-Poller] org.apache.tomcat.util.net.NioEndpoint   : timeout completed: keys processed=0; now=1772687773698; nextExpiration=1772687773698; keyCount=0; hasEvents=false; eval=false
2026-03-05T10:46:14.698+05:30 DEBUG 24928 --- [Java-SLF4J] [http-nio-8080-Poller] org.apache.tomcat.util.net.NioEndpoint   : timeout completed: keys processed=0; now=1772687774698; nextExpiration=1772687774698; keyCount=0; hasEvents=false; eval=false
2026-03-05T10:46:15.699+05:30 DEBUG 24928 --- [Java-SLF4J] [http-nio-8080-Poller] org.apache.tomcat.util.net.NioEndpoint   : timeout completed: keys processed=0; now=1772687775699; nextExpiration=1772687775698; keyCount=0; hasEvents=false; eval=false
2026-03-05T10:46:16.699+05:30 DEBUG 24928 --- [Java-SLF4J] [http-nio-8080-Poller] org.apache.tomcat.util.net.NioEndpoint   : timeout completed: keys processed=0; now=1772687776699; nextExpiration=1772687776699; keyCount=0; hasEvents=false; eval=false
2026-03-05T10:46:17.700+05:30 DEBUG 24928 --- [Java-SLF4J] [http-nio-8080-Poller] org.apache.tomcat.util.net.NioEndpoint   : timeout completed: keys processed=0; now=1772687777700; nextExpiration=1772687777699; keyCount=0; hasEvents=false; eval=false
2026-03-05T10:46:18.700+05:30 DEBUG 24928 --- [Java-SLF4J] [http-nio-8080-Poller] org.apache.tomcat.util.net.NioEndpoint   : timeout completed: keys processed=0; now=1772687778700; nextExpiration=1772687778700; keyCount=0; hasEvents=false; eval=false
2026-03-05T10:46:19.702+05:30 DEBUG 24928 --- [Java-SLF4J] [http-nio-8080-Poller] org.apache.tomcat.util.net.NioEndpoint   : timeout completed: keys processed=0; now=1772687779702; nextExpiration=1772687779700; keyCount=0; hasEvents=false; eval=false
2026-03-05T10:46:20.702+05:30 DEBUG 24928 --- [Java-SLF4J] [http-nio-8080-Poller] org.apache.tomcat.util.net.NioEndpoint   : timeout completed: keys processed=0; now=1772687780702; nextExpiration=1772687780702; keyCount=0; hasEvents=false; eval=false
2026-03-05T10:46:21.703+05:30 DEBUG 24928 --- [Java-SLF4J] [http-nio-8080-Poller] org.apache.tomcat.util.net.NioEndpoint   : timeout completed: keys processed=0; now=1772687781703; nextExpiration=1772687781702; keyCount=0; hasEvents=false; eval=false
2026-03-05T10:46:22.703+05:30 DEBUG 24928 --- [Java-SLF4J] [http-nio-8080-Poller] org.apache.tomcat.util.net.NioEndpoint   : timeout completed: keys processed=0; now=1772687782703; nextExpiration=1772687782703; keyCount=0; hasEvents=false; eval=false
2026-03-05T10:46:23.704+05:30 DEBUG 24928 --- [Java-SLF4J] [http-nio-8080-Poller] org.apache.tomcat.util.net.NioEndpoint   : timeout completed: keys processed=0; now=1772687783704; nextExpiration=1772687783703; keyCount=0; hasEvents=false; eval=false
2026-03-05T10:46:24.704+05:30 DEBUG 24928 --- [Java-SLF4J] [http-nio-8080-Poller] org.apache.tomcat.util.net.NioEndpoint   : timeout completed: keys processed=0; now=1772687784704; nextExpiration=1772687784704; keyCount=0; hasEvents=false; eval=false
2026-03-05T10:46:25.704+05:30 DEBUG 24928 --- [Java-SLF4J] [http-nio-8080-Poller] org.apache.tomcat.util.net.NioEndpoint   : timeout completed: keys processed=0; now=1772687785704; nextExpiration=1772687785704; keyCount=0; hasEvents=false; eval=false
2026-03-05T10:46:26.704+05:30 DEBUG 24928 --- [Java-SLF4J] [http-nio-8080-Poller] org.apache.tomcat.util.net.NioEndpoint   : timeout completed: keys processed=0; now=1772687786704; nextExpiration=1772687786704; keyCount=0; hasEvents=false; eval=false
2026-03-05T10:46:27.705+05:30 DEBUG 24928 --- [Java-SLF4J] [http-nio-8080-Poller] org.apache.tomcat.util.net.NioEndpoint   : timeout completed: keys processed=0; now=1772687787705; nextExpiration=1772687787704; keyCount=0; hasEvents=false; eval=false
2026-03-05T10:46:28.705+05:30 DEBUG 24928 --- [Java-SLF4J] [http-nio-8080-Poller] org.apache.tomcat.util.net.NioEndpoint   : timeout completed: keys processed=0; now=1772687788705; nextExpiration=1772687788705; keyCount=0; hasEvents=false; eval=false
2026-03-05T10:46:29.706+05:30 DEBUG 24928 --- [Java-SLF4J] [http-nio-8080-Poller] org.apache.tomcat.util.net.NioEndpoint   : timeout completed: keys processed=0; now=1772687789706; nextExpiration=1772687789705; keyCount=0; hasEvents=false; eval=false
2026-03-05T10:46:30.706+05:30 DEBUG 24928 --- [Java-SLF4J] [http-nio-8080-Poller] org.apache.tomcat.util.net.NioEndpoint   : timeout completed: keys processed=0; now=1772687790706; nextExpiration=1772687790706; keyCount=0; hasEvents=false; eval=false
2026-03-05T10:46:31.706+05:30 DEBUG 24928 --- [Java-SLF4J] [http-nio-8080-Poller] org.apache.tomcat.util.net.NioEndpoint   : timeout completed: keys processed=0; now=1772687791706; nextExpiration=1772687791706; keyCount=0; hasEvents=false; eval=false
2026-03-05T10:46:32.706+05:30 DEBUG 24928 --- [Java-SLF4J] [http-nio-8080-Poller] org.apache.tomcat.util.net.NioEndpoint   : timeout completed: keys processed=0; now=1772687792706; nextExpiration=1772687792706; keyCount=0; hasEvents=false; eval=false
2026-03-05T10:46:33.707+05:30 DEBUG 24928 --- [Java-SLF4J] [http-nio-8080-Poller] org.apache.tomcat.util.net.NioEndpoint   : timeout completed: keys processed=0; now=1772687793707; nextExpiration=1772687793706; keyCount=0; hasEvents=false; eval=false
2026-03-05T10:46:34.707+05:30 DEBUG 24928 --- [Java-SLF4J] [http-nio-8080-Poller] org.apache.tomcat.util.net.NioEndpoint   : timeout completed: keys processed=0; now=1772687794707; nextExpiration=1772687794707; keyCount=0; hasEvents=false; eval=false
2026-03-05T10:46:35.708+05:30 DEBUG 24928 --- [Java-SLF4J] [http-nio-8080-Poller] org.apache.tomcat.util.net.NioEndpoint   : timeout completed: keys processed=0; now=1772687795708; nextExpiration=1772687795707; keyCount=0; hasEvents=false; eval=false
2026-03-05T10:46:36.709+05:30 DEBUG 24928 --- [Java-SLF4J] [http-nio-8080-Poller] org.apache.tomcat.util.net.NioEndpoint   : timeout completed: keys processed=0; now=1772687796709; nextExpiration=1772687796708; keyCount=0; hasEvents=false; eval=false
2026-03-05T10:46:37.709+05:30 DEBUG 24928 --- [Java-SLF4J] [http-nio-8080-Poller] org.apache.tomcat.util.net.NioEndpoint   : timeout completed: keys processed=0; now=1772687797709; nextExpiration=1772687797709; keyCount=0; hasEvents=false; eval=false
2026-03-05T10:46:38.710+05:30 DEBUG 24928 --- [Java-SLF4J] [http-nio-8080-Poller] org.apache.tomcat.util.net.NioEndpoint   : timeout completed: keys processed=0; now=1772687798710; nextExpiration=1772687798709; keyCount=0; hasEvents=false; eval=false
2026-03-05T10:46:39.710+05:30 DEBUG 24928 --- [Java-SLF4J] [http-nio-8080-Poller] org.apache.tomcat.util.net.NioEndpoint   : timeout completed: keys processed=0; now=1772687799710; nextExpiration=1772687799710; keyCount=0; hasEvents=false; eval=false
2026-03-05T10:46:40.711+05:30 DEBUG 24928 --- [Java-SLF4J] [http-nio-8080-Poller] org.apache.tomcat.util.net.NioEndpoint   : timeout completed: keys processed=0; now=1772687800711; nextExpiration=1772687800710; keyCount=0; hasEvents=false; eval=false
2026-03-05T10:46:41.711+05:30 DEBUG 24928 --- [Java-SLF4J] [http-nio-8080-Poller] org.apache.tomcat.util.net.NioEndpoint   : timeout completed: keys processed=0; now=1772687801711; nextExpiration=1772687801711; keyCount=0; hasEvents=false; eval=false
2026-03-05T10:46:42.712+05:30 DEBUG 24928 --- [Java-SLF4J] [http-nio-8080-Poller] org.apache.tomcat.util.net.NioEndpoint   : timeout completed: keys processed=0; now=1772687802712; nextExpiration=1772687802711; keyCount=0; hasEvents=false; eval=false
2026-03-05T10:46:43.713+05:30 DEBUG 24928 --- [Java-SLF4J] [http-nio-8080-Poller] org.apache.tomcat.util.net.NioEndpoint   : timeout completed: keys processed=0; now=1772687803713; nextExpiration=1772687803712; keyCount=0; hasEvents=false; eval=false
2026-03-05T10:46:44.713+05:30 DEBUG 24928 --- [Java-SLF4J] [http-nio-8080-Poller] org.apache.tomcat.util.net.NioEndpoint   : timeout completed: keys processed=0; now=1772687804713; nextExpiration=1772687804713; keyCount=0; hasEvents=false; eval=false
2026-03-05T10:46:45.713+05:30 DEBUG 24928 --- [Java-SLF4J] [http-nio-8080-Poller] org.apache.tomcat.util.net.NioEndpoint   : timeout completed: keys processed=0; now=1772687805713; nextExpiration=1772687805713; keyCount=0; hasEvents=false; eval=false
2026-03-05T10:46:46.714+05:30 DEBUG 24928 --- [Java-SLF4J] [http-nio-8080-Poller] org.apache.tomcat.util.net.NioEndpoint   : timeout completed: keys processed=0; now=1772687806714; nextExpiration=1772687806713; keyCount=0; hasEvents=false; eval=false
2026-03-05T10:46:47.715+05:30 DEBUG 24928 --- [Java-SLF4J] [http-nio-8080-Poller] org.apache.tomcat.util.net.NioEndpoint   : timeout completed: keys processed=0; now=1772687807715; nextExpiration=1772687807714; keyCount=0; hasEvents=false; eval=false
2026-03-05T10:46:48.715+05:30 DEBUG 24928 --- [Java-SLF4J] [http-nio-8080-Poller] org.apache.tomcat.util.net.NioEndpoint   : timeout completed: keys processed=0; now=1772687808715; nextExpiration=1772687808715; keyCount=0; hasEvents=false; eval=false
2026-03-05T10:46:49.716+05:30 DEBUG 24928 --- [Java-SLF4J] [http-nio-8080-Poller] org.apache.tomcat.util.net.NioEndpoint   : timeout completed: keys processed=0; now=1772687809716; nextExpiration=1772687809715; keyCount=0; hasEvents=false; eval=false
2026-03-05T10:46:50.716+05:30 DEBUG 24928 --- [Java-SLF4J] [http-nio-8080-Poller] org.apache.tomcat.util.net.NioEndpoint   : timeout completed: keys processed=0; now=1772687810716; nextExpiration=1772687810716; keyCount=0; hasEvents=false; eval=false
2026-03-05T10:46:51.717+05:30 DEBUG 24928 --- [Java-SLF4J] [http-nio-8080-Poller] org.apache.tomcat.util.net.NioEndpoint   : timeout completed: keys processed=0; now=1772687811717; nextExpiration=1772687811716; keyCount=0; hasEvents=false; eval=false
2026-03-05T10:46:52.717+05:30 DEBUG 24928 --- [Java-SLF4J] [http-nio-8080-Poller] org.apache.tomcat.util.net.NioEndpoint   : timeout completed: keys processed=0; now=1772687812717; nextExpiration=1772687812717; keyCount=0; hasEvents=false; eval=false
2026-03-05T10:46:53.717+05:30 DEBUG 24928 --- [Java-SLF4J] [http-nio-8080-Poller] org.apache.tomcat.util.net.NioEndpoint   : timeout completed: keys processed=0; now=1772687813717; nextExpiration=1772687813717; keyCount=0; hasEvents=false; eval=false
2026-03-05T10:46:54.396+05:30 DEBUG 24928 --- [Java-SLF4J] [Catalina-utility-1] o.apache.catalina.session.ManagerBase    : Start expire sessions StandardManager at 1772687814396 sessioncount 0
2026-03-05T10:46:54.396+05:30 DEBUG 24928 --- [Java-SLF4J] [Catalina-utility-1] o.apache.catalina.session.ManagerBase    : End expire sessions StandardManager processingTime 0 expired sessions: 0
2026-03-05T10:46:54.718+05:30 DEBUG 24928 --- [Java-SLF4J] [http-nio-8080-Poller] org.apache.tomcat.util.net.NioEndpoint   : timeout completed: keys processed=0; now=1772687814718; nextExpiration=1772687814717; keyCount=0; hasEvents=false; eval=false
2026-03-05T10:46:55.719+05:30 DEBUG 24928 --- [Java-SLF4J] [http-nio-8080-Poller] org.apache.tomcat.util.net.NioEndpoint   : timeout completed: keys processed=0; now=1772687815719; nextExpiration=1772687815718; keyCount=0; hasEvents=false; eval=false
2026-03-05T10:46:56.720+05:30 DEBUG 24928 --- [Java-SLF4J] [http-nio-8080-Poller] org.apache.tomcat.util.net.NioEndpoint   : timeout completed: keys processed=0; now=1772687816720; nextExpiration=1772687816719; keyCount=0; hasEvents=false; eval=false
2026-03-05T10:46:57.721+05:30 DEBUG 24928 --- [Java-SLF4J] [http-nio-8080-Poller] org.apache.tomcat.util.net.NioEndpoint   : timeout completed: keys processed=0; now=1772687817721; nextExpiration=1772687817720; keyCount=0; hasEvents=false; eval=false
2026-03-05T10:46:58.721+05:30 DEBUG 24928 --- [Java-SLF4J] [http-nio-8080-Poller] org.apache.tomcat.util.net.NioEndpoint   : timeout completed: keys processed=0; now=1772687818721; nextExpiration=1772687818721; keyCount=0; hasEvents=false; eval=false
2026-03-05T10:46:59.721+05:30 DEBUG 24928 --- [Java-SLF4J] [http-nio-8080-Poller] org.apache.tomcat.util.net.NioEndpoint   : timeout completed: keys processed=0; now=1772687819721; nextExpiration=1772687819721; keyCount=0; hasEvents=false; eval=false
2026-03-05T10:47:00.722+05:30 DEBUG 24928 --- [Java-SLF4J] [http-nio-8080-Poller] org.apache.tomcat.util.net.NioEndpoint   : timeout completed: keys processed=0; now=1772687820722; nextExpiration=1772687820721; keyCount=0; hasEvents=false; eval=false
2026-03-05T10:47:01.723+05:30 DEBUG 24928 --- [Java-SLF4J] [http-nio-8080-Poller] org.apache.tomcat.util.net.NioEndpoint   : timeout completed: keys processed=0; now=1772687821723; nextExpiration=1772687821722; keyCount=0; hasEvents=false; eval=false
2026-03-05T10:47:02.723+05:30 DEBUG 24928 --- [Java-SLF4J] [http-nio-8080-Poller] org.apache.tomcat.util.net.NioEndpoint   : timeout completed: keys processed=0; now=1772687822723; nextExpiration=1772687822723; keyCount=0; hasEvents=false; eval=false
2026-03-05T10:47:03.724+05:30 DEBUG 24928 --- [Java-SLF4J] [http-nio-8080-Poller] org.apache.tomcat.util.net.NioEndpoint   : timeout completed: keys processed=0; now=1772687823724; nextExpiration=1772687823723; keyCount=0; hasEvents=false; eval=false
2026-03-05T10:47:04.724+05:30 DEBUG 24928 --- [Java-SLF4J] [http-nio-8080-Poller] org.apache.tomcat.util.net.NioEndpoint   : timeout completed: keys processed=0; now=1772687824724; nextExpiration=1772687824724; keyCount=0; hasEvents=false; eval=false
2026-03-05T10:47:05.725+05:30 DEBUG 24928 --- [Java-SLF4J] [http-nio-8080-Poller] org.apache.tomcat.util.net.NioEndpoint   : timeout completed: keys processed=0; now=1772687825725; nextExpiration=1772687825724; keyCount=0; hasEvents=false; eval=false
2026-03-05T10:47:06.725+05:30 DEBUG 24928 --- [Java-SLF4J] [http-nio-8080-Poller] org.apache.tomcat.util.net.NioEndpoint   : timeout completed: keys processed=0; now=1772687826725; nextExpiration=1772687826725; keyCount=0; hasEvents=false; eval=false
2026-03-05T10:47:07.726+05:30 DEBUG 24928 --- [Java-SLF4J] [http-nio-8080-Poller] org.apache.tomcat.util.net.NioEndpoint   : timeout completed: keys processed=0; now=1772687827726; nextExpiration=1772687827725; keyCount=0; hasEvents=false; eval=false
2026-03-05T10:47:08.727+05:30 DEBUG 24928 --- [Java-SLF4J] [http-nio-8080-Poller] org.apache.tomcat.util.net.NioEndpoint   : timeout completed: keys processed=0; now=1772687828727; nextExpiration=1772687828726; keyCount=0; hasEvents=false; eval=false
2026-03-05T10:47:09.727+05:30 DEBUG 24928 --- [Java-SLF4J] [http-nio-8080-Poller] org.apache.tomcat.util.net.NioEndpoint   : timeout completed: keys processed=0; now=1772687829727; nextExpiration=1772687829727; keyCount=0; hasEvents=false; eval=false
2026-03-05T10:47:10.728+05:30 DEBUG 24928 --- [Java-SLF4J] [http-nio-8080-Poller] org.apache.tomcat.util.net.NioEndpoint   : timeout completed: keys processed=0; now=1772687830728; nextExpiration=1772687830727; keyCount=0; hasEvents=false; eval=false
2026-03-05T10:47:11.728+05:30 DEBUG 24928 --- [Java-SLF4J] [http-nio-8080-Poller] org.apache.tomcat.util.net.NioEndpoint   : timeout completed: keys processed=0; now=1772687831728; nextExpiration=1772687831728; keyCount=0; hasEvents=false; eval=false
2026-03-05T10:47:12.728+05:30 DEBUG 24928 --- [Java-SLF4J] [http-nio-8080-Poller] org.apache.tomcat.util.net.NioEndpoint   : timeout completed: keys processed=0; now=1772687832728; nextExpiration=1772687832728; keyCount=0; hasEvents=false; eval=false
2026-03-05T10:47:13.729+05:30 DEBUG 24928 --- [Java-SLF4J] [http-nio-8080-Poller] org.apache.tomcat.util.net.NioEndpoint   : timeout completed: keys processed=0; now=1772687833729; nextExpiration=1772687833728; keyCount=0; hasEvents=false; eval=false
2026-03-05T10:47:14.729+05:30 DEBUG 24928 --- [Java-SLF4J] [http-nio-8080-Poller] org.apache.tomcat.util.net.NioEndpoint   : timeout completed: keys processed=0; now=1772687834729; nextExpiration=1772687834729; keyCount=0; hasEvents=false; eval=false
2026-03-05T10:47:15.730+05:30 DEBUG 24928 --- [Java-SLF4J] [http-nio-8080-Poller] org.apache.tomcat.util.net.NioEndpoint   : timeout completed: keys processed=0; now=1772687835730; nextExpiration=1772687835729; keyCount=0; hasEvents=false; eval=false
2026-03-05T10:47:16.731+05:30 DEBUG 24928 --- [Java-SLF4J] [http-nio-8080-Poller] org.apache.tomcat.util.net.NioEndpoint   : timeout completed: keys processed=0; now=1772687836731; nextExpiration=1772687836730; keyCount=0; hasEvents=false; eval=false
2026-03-05T10:47:17.732+05:30 DEBUG 24928 --- [Java-SLF4J] [http-nio-8080-Poller] org.apache.tomcat.util.net.NioEndpoint   : timeout completed: keys processed=0; now=1772687837732; nextExpiration=1772687837731; keyCount=0; hasEvents=false; eval=false
2026-03-05T10:47:18.733+05:30 DEBUG 24928 --- [Java-SLF4J] [http-nio-8080-Poller] org.apache.tomcat.util.net.NioEndpoint   : timeout completed: keys processed=0; now=1772687838733; nextExpiration=1772687838732; keyCount=0; hasEvents=false; eval=false
2026-03-05T10:47:19.733+05:30 DEBUG 24928 --- [Java-SLF4J] [http-nio-8080-Poller] org.apache.tomcat.util.net.NioEndpoint   : timeout completed: keys processed=0; now=1772687839733; nextExpiration=1772687839733; keyCount=0; hasEvents=false; eval=false
2026-03-05T10:47:20.734+05:30 DEBUG 24928 --- [Java-SLF4J] [http-nio-8080-Poller] org.apache.tomcat.util.net.NioEndpoint   : timeout completed: keys processed=0; now=1772687840734; nextExpiration=1772687840733; keyCount=0; hasEvents=false; eval=false
2026-03-05T10:47:21.734+05:30 DEBUG 24928 --- [Java-SLF4J] [http-nio-8080-Poller] org.apache.tomcat.util.net.NioEndpoint   : timeout completed: keys processed=0; now=1772687841734; nextExpiration=1772687841734; keyCount=0; hasEvents=false; eval=false
2026-03-05T10:47:22.734+05:30 DEBUG 24928 --- [Java-SLF4J] [http-nio-8080-Poller] org.apache.tomcat.util.net.NioEndpoint   : timeout completed: keys processed=0; now=1772687842734; nextExpiration=1772687842734; keyCount=0; hasEvents=false; eval=false
2026-03-05T10:47:23.735+05:30 DEBUG 24928 --- [Java-SLF4J] [http-nio-8080-Poller] org.apache.tomcat.util.net.NioEndpoint   : timeout completed: keys processed=0; now=1772687843735; nextExpiration=1772687843734; keyCount=0; hasEvents=false; eval=false
2026-03-05T10:47:24.735+05:30 DEBUG 24928 --- [Java-SLF4J] [http-nio-8080-Poller] org.apache.tomcat.util.net.NioEndpoint   : timeout completed: keys processed=0; now=1772687844735; nextExpiration=1772687844735; keyCount=0; hasEvents=false; eval=false
2026-03-05T10:47:25.735+05:30 DEBUG 24928 --- [Java-SLF4J] [http-nio-8080-Poller] org.apache.tomcat.util.net.NioEndpoint   : timeout completed: keys processed=0; now=1772687845735; nextExpiration=1772687845735; keyCount=0; hasEvents=false; eval=false
2026-03-05T10:47:26.736+05:30 DEBUG 24928 --- [Java-SLF4J] [http-nio-8080-Poller] org.apache.tomcat.util.net.NioEndpoint   : timeout completed: keys processed=0; now=1772687846736; nextExpiration=1772687846735; keyCount=0; hasEvents=false; eval=false
2026-03-05T10:47:27.737+05:30 DEBUG 24928 --- [Java-SLF4J] [http-nio-8080-Poller] org.apache.tomcat.util.net.NioEndpoint   : timeout completed: keys processed=0; now=1772687847737; nextExpiration=1772687847736; keyCount=0; hasEvents=false; eval=false
2026-03-05T10:47:28.737+05:30 DEBUG 24928 --- [Java-SLF4J] [http-nio-8080-Poller] org.apache.tomcat.util.net.NioEndpoint   : timeout completed: keys processed=0; now=1772687848737; nextExpiration=1772687848737; keyCount=0; hasEvents=false; eval=false
2026-03-05T10:47:29.738+05:30 DEBUG 24928 --- [Java-SLF4J] [http-nio-8080-Poller] org.apache.tomcat.util.net.NioEndpoint   : timeout completed: keys processed=0; now=1772687849738; nextExpiration=1772687849737; keyCount=0; hasEvents=false; eval=false
2026-03-05T10:47:30.739+05:30 DEBUG 24928 --- [Java-SLF4J] [http-nio-8080-Poller] org.apache.tomcat.util.net.NioEndpoint   : timeout completed: keys processed=0; now=1772687850739; nextExpiration=1772687850738; keyCount=0; hasEvents=false; eval=false
2026-03-05T10:47:31.739+05:30 DEBUG 24928 --- [Java-SLF4J] [http-nio-8080-Poller] org.apache.tomcat.util.net.NioEndpoint   : timeout completed: keys processed=0; now=1772687851739; nextExpiration=1772687851739; keyCount=0; hasEvents=false; eval=false
2026-03-05T10:47:32.740+05:30 DEBUG 24928 --- [Java-SLF4J] [http-nio-8080-Poller] org.apache.tomcat.util.net.NioEndpoint   : timeout completed: keys processed=0; now=1772687852740; nextExpiration=1772687852739; keyCount=0; hasEvents=false; eval=false
2026-03-05T10:47:33.740+05:30 DEBUG 24928 --- [Java-SLF4J] [http-nio-8080-Poller] org.apache.tomcat.util.net.NioEndpoint   : timeout completed: keys processed=0; now=1772687853740; nextExpiration=1772687853740; keyCount=0; hasEvents=false; eval=false
2026-03-05T10:47:34.740+05:30 DEBUG 24928 --- [Java-SLF4J] [http-nio-8080-Poller] org.apache.tomcat.util.net.NioEndpoint   : timeout completed: keys processed=0; now=1772687854740; nextExpiration=1772687854740; keyCount=0; hasEvents=false; eval=false
2026-03-05T10:47:35.741+05:30 DEBUG 24928 --- [Java-SLF4J] [http-nio-8080-Poller] org.apache.tomcat.util.net.NioEndpoint   : timeout completed: keys processed=0; now=1772687855741; nextExpiration=1772687855740; keyCount=0; hasEvents=false; eval=false
2026-03-05T10:47:36.741+05:30 DEBUG 24928 --- [Java-SLF4J] [http-nio-8080-Poller] org.apache.tomcat.util.net.NioEndpoint   : timeout completed: keys processed=0; now=1772687856741; nextExpiration=1772687856741; keyCount=0; hasEvents=false; eval=false
2026-03-05T10:47:37.741+05:30 DEBUG 24928 --- [Java-SLF4J] [http-nio-8080-Poller] org.apache.tomcat.util.net.NioEndpoint   : timeout completed: keys processed=0; now=1772687857741; nextExpiration=1772687857741; keyCount=0; hasEvents=false; eval=false
2026-03-05T10:47:38.741+05:30 DEBUG 24928 --- [Java-SLF4J] [http-nio-8080-Poller] org.apache.tomcat.util.net.NioEndpoint   : timeout completed: keys processed=0; now=1772687858741; nextExpiration=1772687858741; keyCount=0; hasEvents=false; eval=false
2026-03-05T10:47:39.742+05:30 DEBUG 24928 --- [Java-SLF4J] [http-nio-8080-Poller] org.apache.tomcat.util.net.NioEndpoint   : timeout completed: keys processed=0; now=1772687859742; nextExpiration=1772687859741; keyCount=0; hasEvents=false; eval=false
2026-03-05T10:47:40.743+05:30 DEBUG 24928 --- [Java-SLF4J] [http-nio-8080-Poller] org.apache.tomcat.util.net.NioEndpoint   : timeout completed: keys processed=0; now=1772687860743; nextExpiration=1772687860742; keyCount=0; hasEvents=false; eval=false
2026-03-05T10:47:41.743+05:30 DEBUG 24928 --- [Java-SLF4J] [http-nio-8080-Poller] org.apache.tomcat.util.net.NioEndpoint   : timeout completed: keys processed=0; now=1772687861743; nextExpiration=1772687861743; keyCount=0; hasEvents=false; eval=false
2026-03-05T10:47:42.743+05:30 DEBUG 24928 --- [Java-SLF4J] [http-nio-8080-Poller] org.apache.tomcat.util.net.NioEndpoint   : timeout completed: keys processed=0; now=1772687862743; nextExpiration=1772687862743; keyCount=0; hasEvents=false; eval=false
2026-03-05T10:47:43.744+05:30 DEBUG 24928 --- [Java-SLF4J] [http-nio-8080-Poller] org.apache.tomcat.util.net.NioEndpoint   : timeout completed: keys processed=0; now=1772687863744; nextExpiration=1772687863743; keyCount=0; hasEvents=false; eval=false
2026-03-05T10:47:44.745+05:30 DEBUG 24928 --- [Java-SLF4J] [http-nio-8080-Poller] org.apache.tomcat.util.net.NioEndpoint   : timeout completed: keys processed=0; now=1772687864745; nextExpiration=1772687864744; keyCount=0; hasEvents=false; eval=false
2026-03-05T10:47:45.745+05:30 DEBUG 24928 --- [Java-SLF4J] [http-nio-8080-Poller] org.apache.tomcat.util.net.NioEndpoint   : timeout completed: keys processed=0; now=1772687865745; nextExpiration=1772687865745; keyCount=0; hasEvents=false; eval=false
2026-03-05T10:47:46.746+05:30 DEBUG 24928 --- [Java-SLF4J] [http-nio-8080-Poller] org.apache.tomcat.util.net.NioEndpoint   : timeout completed: keys processed=0; now=1772687866746; nextExpiration=1772687866745; keyCount=0; hasEvents=false; eval=false
2026-03-05T10:47:47.746+05:30 DEBUG 24928 --- [Java-SLF4J] [http-nio-8080-Poller] org.apache.tomcat.util.net.NioEndpoint   : timeout completed: keys processed=0; now=1772687867746; nextExpiration=1772687867746; keyCount=0; hasEvents=false; eval=false
2026-03-05T10:47:48.746+05:30 DEBUG 24928 --- [Java-SLF4J] [http-nio-8080-Poller] org.apache.tomcat.util.net.NioEndpoint   : timeout completed: keys processed=0; now=1772687868746; nextExpiration=1772687868746; keyCount=0; hasEvents=false; eval=false
2026-03-05T10:47:49.746+05:30 DEBUG 24928 --- [Java-SLF4J] [http-nio-8080-Poller] org.apache.tomcat.util.net.NioEndpoint   : timeout completed: keys processed=0; now=1772687869746; nextExpiration=1772687869746; keyCount=0; hasEvents=false; eval=false
2026-03-05T10:47:50.746+05:30 DEBUG 24928 --- [Java-SLF4J] [http-nio-8080-Poller] org.apache.tomcat.util.net.NioEndpoint   : timeout completed: keys processed=0; now=1772687870746; nextExpiration=1772687870746; keyCount=0; hasEvents=false; eval=false
2026-03-05T10:47:51.747+05:30 DEBUG 24928 --- [Java-SLF4J] [http-nio-8080-Poller] org.apache.tomcat.util.net.NioEndpoint   : timeout completed: keys processed=0; now=1772687871747; nextExpiration=1772687871746; keyCount=0; hasEvents=false; eval=false
2026-03-05T10:47:52.747+05:30 DEBUG 24928 --- [Java-SLF4J] [http-nio-8080-Poller] org.apache.tomcat.util.net.NioEndpoint   : timeout completed: keys processed=0; now=1772687872747; nextExpiration=1772687872747; keyCount=0; hasEvents=false; eval=false
2026-03-05T10:47:53.748+05:30 DEBUG 24928 --- [Java-SLF4J] [http-nio-8080-Poller] org.apache.tomcat.util.net.NioEndpoint   : timeout completed: keys processed=0; now=1772687873748; nextExpiration=1772687873747; keyCount=0; hasEvents=false; eval=false
2026-03-05T10:47:54.401+05:30 DEBUG 24928 --- [Java-SLF4J] [Catalina-utility-2] o.apache.catalina.session.ManagerBase    : Start expire sessions StandardManager at 1772687874401 sessioncount 0
2026-03-05T10:47:54.401+05:30 DEBUG 24928 --- [Java-SLF4J] [Catalina-utility-2] o.apache.catalina.session.ManagerBase    : End expire sessions StandardManager processingTime 0 expired sessions: 0
2026-03-05T10:47:54.748+05:30 DEBUG 24928 --- [Java-SLF4J] [http-nio-8080-Poller] org.apache.tomcat.util.net.NioEndpoint   : timeout completed: keys processed=0; now=1772687874748; nextExpiration=1772687874748; keyCount=0; hasEvents=false; eval=false
2026-03-05T10:47:55.748+05:30 DEBUG 24928 --- [Java-SLF4J] [http-nio-8080-Poller] org.apache.tomcat.util.net.NioEndpoint   : timeout completed: keys processed=0; now=1772687875748; nextExpiration=1772687875748; keyCount=0; hasEvents=false; eval=false
2026-03-05T10:47:56.748+05:30 DEBUG 24928 --- [Java-SLF4J] [http-nio-8080-Poller] org.apache.tomcat.util.net.NioEndpoint   : timeout completed: keys processed=0; now=1772687876748; nextExpiration=1772687876748; keyCount=0; hasEvents=false; eval=false
2026-03-05T10:47:57.749+05:30 DEBUG 24928 --- [Java-SLF4J] [http-nio-8080-Poller] org.apache.tomcat.util.net.NioEndpoint   : timeout completed: keys processed=0; now=1772687877749; nextExpiration=1772687877748; keyCount=0; hasEvents=false; eval=false
2026-03-05T10:47:58.749+05:30 DEBUG 24928 --- [Java-SLF4J] [http-nio-8080-Poller] org.apache.tomcat.util.net.NioEndpoint   : timeout completed: keys processed=0; now=1772687878749; nextExpiration=1772687878749; keyCount=0; hasEvents=false; eval=false
2026-03-05T10:47:59.750+05:30 DEBUG 24928 --- [Java-SLF4J] [http-nio-8080-Poller] org.apache.tomcat.util.net.NioEndpoint   : timeout completed: keys processed=0; now=1772687879750; nextExpiration=1772687879749; keyCount=0; hasEvents=false; eval=false
2026-03-05T10:48:00.750+05:30 DEBUG 24928 --- [Java-SLF4J] [http-nio-8080-Poller] org.apache.tomcat.util.net.NioEndpoint   : timeout completed: keys processed=0; now=1772687880750; nextExpiration=1772687880750; keyCount=0; hasEvents=false; eval=false
2026-03-05T10:48:01.751+05:30 DEBUG 24928 --- [Java-SLF4J] [http-nio-8080-Poller] org.apache.tomcat.util.net.NioEndpoint   : timeout completed: keys processed=0; now=1772687881751; nextExpiration=1772687881750; keyCount=0; hasEvents=false; eval=false
2026-03-05T10:48:02.751+05:30 DEBUG 24928 --- [Java-SLF4J] [http-nio-8080-Poller] org.apache.tomcat.util.net.NioEndpoint   : timeout completed: keys processed=0; now=1772687882751; nextExpiration=1772687882751; keyCount=0; hasEvents=false; eval=false
2026-03-05T10:48:03.751+05:30 DEBUG 24928 --- [Java-SLF4J] [http-nio-8080-Poller] org.apache.tomcat.util.net.NioEndpoint   : timeout completed: keys processed=0; now=1772687883751; nextExpiration=1772687883751; keyCount=0; hasEvents=false; eval=false
2026-03-05T10:48:04.752+05:30 DEBUG 24928 --- [Java-SLF4J] [http-nio-8080-Poller] org.apache.tomcat.util.net.NioEndpoint   : timeout completed: keys processed=0; now=1772687884752; nextExpiration=1772687884751; keyCount=0; hasEvents=false; eval=false
2026-03-05T10:48:05.753+05:30 DEBUG 24928 --- [Java-SLF4J] [http-nio-8080-Poller] org.apache.tomcat.util.net.NioEndpoint   : timeout completed: keys processed=0; now=1772687885753; nextExpiration=1772687885752; keyCount=0; hasEvents=false; eval=false
2026-03-05T10:48:06.753+05:30 DEBUG 24928 --- [Java-SLF4J] [http-nio-8080-Poller] org.apache.tomcat.util.net.NioEndpoint   : timeout completed: keys processed=0; now=1772687886753; nextExpiration=1772687886753; keyCount=0; hasEvents=false; eval=false
2026-03-05T10:48:07.753+05:30 DEBUG 24928 --- [Java-SLF4J] [http-nio-8080-Poller] org.apache.tomcat.util.net.NioEndpoint   : timeout completed: keys processed=0; now=1772687887753; nextExpiration=1772687887753; keyCount=0; hasEvents=false; eval=false
2026-03-05T10:48:08.753+05:30 DEBUG 24928 --- [Java-SLF4J] [http-nio-8080-Poller] org.apache.tomcat.util.net.NioEndpoint   : timeout completed: keys processed=0; now=1772687888753; nextExpiration=1772687888753; keyCount=0; hasEvents=false; eval=false
2026-03-05T10:48:09.754+05:30 DEBUG 24928 --- [Java-SLF4J] [http-nio-8080-Poller] org.apache.tomcat.util.net.NioEndpoint   : timeout completed: keys processed=0; now=1772687889754; nextExpiration=1772687889753; keyCount=0; hasEvents=false; eval=false
2026-03-05T10:48:10.755+05:30 DEBUG 24928 --- [Java-SLF4J] [http-nio-8080-Poller] org.apache.tomcat.util.net.NioEndpoint   : timeout completed: keys processed=0; now=1772687890755; nextExpiration=1772687890754; keyCount=0; hasEvents=false; eval=false
2026-03-05T10:48:11.756+05:30 DEBUG 24928 --- [Java-SLF4J] [http-nio-8080-Poller] org.apache.tomcat.util.net.NioEndpoint   : timeout completed: keys processed=0; now=1772687891756; nextExpiration=1772687891755; keyCount=0; hasEvents=false; eval=false
2026-03-05T10:48:12.757+05:30 DEBUG 24928 --- [Java-SLF4J] [http-nio-8080-Poller] org.apache.tomcat.util.net.NioEndpoint   : timeout completed: keys processed=0; now=1772687892757; nextExpiration=1772687892756; keyCount=0; hasEvents=false; eval=false
2026-03-05T10:48:13.758+05:30 DEBUG 24928 --- [Java-SLF4J] [http-nio-8080-Poller] org.apache.tomcat.util.net.NioEndpoint   : timeout completed: keys processed=0; now=1772687893758; nextExpiration=1772687893757; keyCount=0; hasEvents=false; eval=false
2026-03-05T10:48:14.758+05:30 DEBUG 24928 --- [Java-SLF4J] [http-nio-8080-Poller] org.apache.tomcat.util.net.NioEndpoint   : timeout completed: keys processed=0; now=1772687894758; nextExpiration=1772687894758; keyCount=0; hasEvents=false; eval=false
2026-03-05T10:48:15.759+05:30 DEBUG 24928 --- [Java-SLF4J] [http-nio-8080-Poller] org.apache.tomcat.util.net.NioEndpoint   : timeout completed: keys processed=0; now=1772687895759; nextExpiration=1772687895758; keyCount=0; hasEvents=false; eval=false
2026-03-05T10:48:16.759+05:30 DEBUG 24928 --- [Java-SLF4J] [http-nio-8080-Poller] org.apache.tomcat.util.net.NioEndpoint   : timeout completed: keys processed=0; now=1772687896759; nextExpiration=1772687896759; keyCount=0; hasEvents=false; eval=false
2026-03-05T10:48:17.760+05:30 DEBUG 24928 --- [Java-SLF4J] [http-nio-8080-Poller] org.apache.tomcat.util.net.NioEndpoint   : timeout completed: keys processed=0; now=1772687897760; nextExpiration=1772687897759; keyCount=0; hasEvents=false; eval=false
2026-03-05T10:48:18.760+05:30 DEBUG 24928 --- [Java-SLF4J] [http-nio-8080-Poller] org.apache.tomcat.util.net.NioEndpoint   : timeout completed: keys processed=0; now=1772687898760; nextExpiration=1772687898760; keyCount=0; hasEvents=false; eval=false
2026-03-05T10:48:19.760+05:30 DEBUG 24928 --- [Java-SLF4J] [http-nio-8080-Poller] org.apache.tomcat.util.net.NioEndpoint   : timeout completed: keys processed=0; now=1772687899760; nextExpiration=1772687899760; keyCount=0; hasEvents=false; eval=false
2026-03-05T10:48:20.761+05:30 DEBUG 24928 --- [Java-SLF4J] [http-nio-8080-Poller] org.apache.tomcat.util.net.NioEndpoint   : timeout completed: keys processed=0; now=1772687900761; nextExpiration=1772687900760; keyCount=0; hasEvents=false; eval=false
2026-03-05T10:48:21.761+05:30 DEBUG 24928 --- [Java-SLF4J] [http-nio-8080-Poller] org.apache.tomcat.util.net.NioEndpoint   : timeout completed: keys processed=0; now=1772687901761; nextExpiration=1772687901761; keyCount=0; hasEvents=false; eval=false
2026-03-05T10:48:22.761+05:30 DEBUG 24928 --- [Java-SLF4J] [http-nio-8080-Poller] org.apache.tomcat.util.net.NioEndpoint   : timeout completed: keys processed=0; now=1772687902761; nextExpiration=1772687902761; keyCount=0; hasEvents=false; eval=false
2026-03-05T10:48:23.762+05:30 DEBUG 24928 --- [Java-SLF4J] [http-nio-8080-Poller] org.apache.tomcat.util.net.NioEndpoint   : timeout completed: keys processed=0; now=1772687903762; nextExpiration=1772687903761; keyCount=0; hasEvents=false; eval=false
2026-03-05T10:48:24.762+05:30 DEBUG 24928 --- [Java-SLF4J] [http-nio-8080-Poller] org.apache.tomcat.util.net.NioEndpoint   : timeout completed: keys processed=0; now=1772687904762; nextExpiration=1772687904762; keyCount=0; hasEvents=false; eval=false
2026-03-05T10:48:25.762+05:30 DEBUG 24928 --- [Java-SLF4J] [http-nio-8080-Poller] org.apache.tomcat.util.net.NioEndpoint   : timeout completed: keys processed=0; now=1772687905762; nextExpiration=1772687905762; keyCount=0; hasEvents=false; eval=false
2026-03-05T10:48:26.763+05:30 DEBUG 24928 --- [Java-SLF4J] [http-nio-8080-Poller] org.apache.tomcat.util.net.NioEndpoint   : timeout completed: keys processed=0; now=1772687906763; nextExpiration=1772687906762; keyCount=0; hasEvents=false; eval=false
2026-03-05T10:48:27.763+05:30 DEBUG 24928 --- [Java-SLF4J] [http-nio-8080-Poller] org.apache.tomcat.util.net.NioEndpoint   : timeout completed: keys processed=0; now=1772687907763; nextExpiration=1772687907763; keyCount=0; hasEvents=false; eval=false
2026-03-05T10:48:28.764+05:30 DEBUG 24928 --- [Java-SLF4J] [http-nio-8080-Poller] org.apache.tomcat.util.net.NioEndpoint   : timeout completed: keys processed=0; now=1772687908764; nextExpiration=1772687908763; keyCount=0; hasEvents=false; eval=false
2026-03-05T10:48:29.764+05:30 DEBUG 24928 --- [Java-SLF4J] [http-nio-8080-Poller] org.apache.tomcat.util.net.NioEndpoint   : timeout completed: keys processed=0; now=1772687909764; nextExpiration=1772687909764; keyCount=0; hasEvents=false; eval=false
2026-03-05T10:48:30.765+05:30 DEBUG 24928 --- [Java-SLF4J] [http-nio-8080-Poller] org.apache.tomcat.util.net.NioEndpoint   : timeout completed: keys processed=0; now=1772687910765; nextExpiration=1772687910764; keyCount=0; hasEvents=false; eval=false
2026-03-05T10:48:31.765+05:30 DEBUG 24928 --- [Java-SLF4J] [http-nio-8080-Poller] org.apache.tomcat.util.net.NioEndpoint   : timeout completed: keys processed=0; now=1772687911765; nextExpiration=1772687911765; keyCount=0; hasEvents=false; eval=false
2026-03-05T10:48:32.766+05:30 DEBUG 24928 --- [Java-SLF4J] [http-nio-8080-Poller] org.apache.tomcat.util.net.NioEndpoint   : timeout completed: keys processed=0; now=1772687912766; nextExpiration=1772687912765; keyCount=0; hasEvents=false; eval=false
2026-03-05T10:48:33.766+05:30 DEBUG 24928 --- [Java-SLF4J] [http-nio-8080-Poller] org.apache.tomcat.util.net.NioEndpoint   : timeout completed: keys processed=0; now=1772687913766; nextExpiration=1772687913766; keyCount=0; hasEvents=false; eval=false
2026-03-05T10:48:34.766+05:30 DEBUG 24928 --- [Java-SLF4J] [http-nio-8080-Poller] org.apache.tomcat.util.net.NioEndpoint   : timeout completed: keys processed=0; now=1772687914766; nextExpiration=1772687914766; keyCount=0; hasEvents=false; eval=false
2026-03-05T10:48:35.766+05:30 DEBUG 24928 --- [Java-SLF4J] [http-nio-8080-Poller] org.apache.tomcat.util.net.NioEndpoint   : timeout completed: keys processed=0; now=1772687915766; nextExpiration=1772687915766; keyCount=0; hasEvents=false; eval=false
2026-03-05T10:48:36.766+05:30 DEBUG 24928 --- [Java-SLF4J] [http-nio-8080-Poller] org.apache.tomcat.util.net.NioEndpoint   : timeout completed: keys processed=0; now=1772687916766; nextExpiration=1772687916766; keyCount=0; hasEvents=false; eval=false
2026-03-05T10:48:37.767+05:30 DEBUG 24928 --- [Java-SLF4J] [http-nio-8080-Poller] org.apache.tomcat.util.net.NioEndpoint   : timeout completed: keys processed=0; now=1772687917767; nextExpiration=1772687917766; keyCount=0; hasEvents=false; eval=false
2026-03-05T10:48:38.767+05:30 DEBUG 24928 --- [Java-SLF4J] [http-nio-8080-Poller] org.apache.tomcat.util.net.NioEndpoint   : timeout completed: keys processed=0; now=1772687918767; nextExpiration=1772687918767; keyCount=0; hasEvents=false; eval=false
2026-03-05T10:48:39.768+05:30 DEBUG 24928 --- [Java-SLF4J] [http-nio-8080-Poller] org.apache.tomcat.util.net.NioEndpoint   : timeout completed: keys processed=0; now=1772687919768; nextExpiration=1772687919767; keyCount=0; hasEvents=false; eval=false
2026-03-05T10:48:40.768+05:30 DEBUG 24928 --- [Java-SLF4J] [http-nio-8080-Poller] org.apache.tomcat.util.net.NioEndpoint   : timeout completed: keys processed=0; now=1772687920768; nextExpiration=1772687920768; keyCount=0; hasEvents=false; eval=false
2026-03-05T10:48:41.768+05:30 DEBUG 24928 --- [Java-SLF4J] [http-nio-8080-Poller] org.apache.tomcat.util.net.NioEndpoint   : timeout completed: keys processed=0; now=1772687921768; nextExpiration=1772687921768; keyCount=0; hasEvents=false; eval=false
2026-03-05T10:48:42.769+05:30 DEBUG 24928 --- [Java-SLF4J] [http-nio-8080-Poller] org.apache.tomcat.util.net.NioEndpoint   : timeout completed: keys processed=0; now=1772687922769; nextExpiration=1772687922768; keyCount=0; hasEvents=false; eval=false
2026-03-05T10:48:43.770+05:30 DEBUG 24928 --- [Java-SLF4J] [http-nio-8080-Poller] org.apache.tomcat.util.net.NioEndpoint   : timeout completed: keys processed=0; now=1772687923770; nextExpiration=1772687923769; keyCount=0; hasEvents=false; eval=false
2026-03-05T10:48:44.770+05:30 DEBUG 24928 --- [Java-SLF4J] [http-nio-8080-Poller] org.apache.tomcat.util.net.NioEndpoint   : timeout completed: keys processed=0; now=1772687924770; nextExpiration=1772687924770; keyCount=0; hasEvents=false; eval=false
2026-03-05T10:48:45.770+05:30 DEBUG 24928 --- [Java-SLF4J] [http-nio-8080-Poller] org.apache.tomcat.util.net.NioEndpoint   : timeout completed: keys processed=0; now=1772687925770; nextExpiration=1772687925770; keyCount=0; hasEvents=false; eval=false
2026-03-05T10:48:46.771+05:30 DEBUG 24928 --- [Java-SLF4J] [http-nio-8080-Poller] org.apache.tomcat.util.net.NioEndpoint   : timeout completed: keys processed=0; now=1772687926771; nextExpiration=1772687926770; keyCount=0; hasEvents=false; eval=false
2026-03-05T10:48:47.772+05:30 DEBUG 24928 --- [Java-SLF4J] [http-nio-8080-Poller] org.apache.tomcat.util.net.NioEndpoint   : timeout completed: keys processed=0; now=1772687927772; nextExpiration=1772687927771; keyCount=0; hasEvents=false; eval=false
2026-03-05T10:48:48.772+05:30 DEBUG 24928 --- [Java-SLF4J] [http-nio-8080-Poller] org.apache.tomcat.util.net.NioEndpoint   : timeout completed: keys processed=0; now=1772687928772; nextExpiration=1772687928772; keyCount=0; hasEvents=false; eval=false
2026-03-05T10:48:49.773+05:30 DEBUG 24928 --- [Java-SLF4J] [http-nio-8080-Poller] org.apache.tomcat.util.net.NioEndpoint   : timeout completed: keys processed=0; now=1772687929773; nextExpiration=1772687929772; keyCount=0; hasEvents=false; eval=false
2026-03-05T10:48:50.773+05:30 DEBUG 24928 --- [Java-SLF4J] [http-nio-8080-Poller] org.apache.tomcat.util.net.NioEndpoint   : timeout completed: keys processed=0; now=1772687930773; nextExpiration=1772687930773; keyCount=0; hasEvents=false; eval=false
2026-03-05T10:48:51.774+05:30 DEBUG 24928 --- [Java-SLF4J] [http-nio-8080-Poller] org.apache.tomcat.util.net.NioEndpoint   : timeout completed: keys processed=0; now=1772687931774; nextExpiration=1772687931773; keyCount=0; hasEvents=false; eval=false
2026-03-05T10:48:52.774+05:30 DEBUG 24928 --- [Java-SLF4J] [http-nio-8080-Poller] org.apache.tomcat.util.net.NioEndpoint   : timeout completed: keys processed=0; now=1772687932774; nextExpiration=1772687932774; keyCount=0; hasEvents=false; eval=false
2026-03-05T10:48:53.775+05:30 DEBUG 24928 --- [Java-SLF4J] [http-nio-8080-Poller] org.apache.tomcat.util.net.NioEndpoint   : timeout completed: keys processed=0; now=1772687933775; nextExpiration=1772687933774; keyCount=0; hasEvents=false; eval=false
2026-03-05T10:48:54.408+05:30 DEBUG 24928 --- [Java-SLF4J] [Catalina-utility-1] o.apache.catalina.session.ManagerBase    : Start expire sessions StandardManager at 1772687934408 sessioncount 0
2026-03-05T10:48:54.408+05:30 DEBUG 24928 --- [Java-SLF4J] [Catalina-utility-1] o.apache.catalina.session.ManagerBase    : End expire sessions StandardManager processingTime 0 expired sessions: 0
2026-03-05T10:48:54.776+05:30 DEBUG 24928 --- [Java-SLF4J] [http-nio-8080-Poller] org.apache.tomcat.util.net.NioEndpoint   : timeout completed: keys processed=0; now=1772687934776; nextExpiration=1772687934775; keyCount=0; hasEvents=false; eval=false
2026-03-05T10:48:55.777+05:30 DEBUG 24928 --- [Java-SLF4J] [http-nio-8080-Poller] org.apache.tomcat.util.net.NioEndpoint   : timeout completed: keys processed=0; now=1772687935777; nextExpiration=1772687935776; keyCount=0; hasEvents=false; eval=false
2026-03-05T10:48:56.777+05:30 DEBUG 24928 --- [Java-SLF4J] [http-nio-8080-Poller] org.apache.tomcat.util.net.NioEndpoint   : timeout completed: keys processed=0; now=1772687936777; nextExpiration=1772687936777; keyCount=0; hasEvents=false; eval=false
2026-03-05T10:48:57.778+05:30 DEBUG 24928 --- [Java-SLF4J] [http-nio-8080-Poller] org.apache.tomcat.util.net.NioEndpoint   : timeout completed: keys processed=0; now=1772687937778; nextExpiration=1772687937777; keyCount=0; hasEvents=false; eval=false
2026-03-05T10:48:58.778+05:30 DEBUG 24928 --- [Java-SLF4J] [http-nio-8080-Poller] org.apache.tomcat.util.net.NioEndpoint   : timeout completed: keys processed=0; now=1772687938778; nextExpiration=1772687938778; keyCount=0; hasEvents=false; eval=false
2026-03-05T10:48:59.779+05:30 DEBUG 24928 --- [Java-SLF4J] [http-nio-8080-Poller] org.apache.tomcat.util.net.NioEndpoint   : timeout completed: keys processed=0; now=1772687939779; nextExpiration=1772687939778; keyCount=0; hasEvents=false; eval=false
2026-03-05T10:49:00.779+05:30 DEBUG 24928 --- [Java-SLF4J] [http-nio-8080-Poller] org.apache.tomcat.util.net.NioEndpoint   : timeout completed: keys processed=0; now=1772687940779; nextExpiration=1772687940779; keyCount=0; hasEvents=false; eval=false
2026-03-05T10:49:01.780+05:30 DEBUG 24928 --- [Java-SLF4J] [http-nio-8080-Poller] org.apache.tomcat.util.net.NioEndpoint   : timeout completed: keys processed=0; now=1772687941780; nextExpiration=1772687941779; keyCount=0; hasEvents=false; eval=false
2026-03-05T10:49:02.780+05:30 DEBUG 24928 --- [Java-SLF4J] [http-nio-8080-Poller] org.apache.tomcat.util.net.NioEndpoint   : timeout completed: keys processed=0; now=1772687942780; nextExpiration=1772687942780; keyCount=0; hasEvents=false; eval=false
2026-03-05T10:49:03.780+05:30 DEBUG 24928 --- [Java-SLF4J] [http-nio-8080-Poller] org.apache.tomcat.util.net.NioEndpoint   : timeout completed: keys processed=0; now=1772687943780; nextExpiration=1772687943780; keyCount=0; hasEvents=false; eval=false
2026-03-05T10:49:04.780+05:30 DEBUG 24928 --- [Java-SLF4J] [http-nio-8080-Poller] org.apache.tomcat.util.net.NioEndpoint   : timeout completed: keys processed=0; now=1772687944780; nextExpiration=1772687944780; keyCount=0; hasEvents=false; eval=false
2026-03-05T10:49:05.781+05:30 DEBUG 24928 --- [Java-SLF4J] [http-nio-8080-Poller] org.apache.tomcat.util.net.NioEndpoint   : timeout completed: keys processed=0; now=1772687945781; nextExpiration=1772687945780; keyCount=0; hasEvents=false; eval=false
2026-03-05T10:49:06.781+05:30 DEBUG 24928 --- [Java-SLF4J] [http-nio-8080-Poller] org.apache.tomcat.util.net.NioEndpoint   : timeout completed: keys processed=0; now=1772687946781; nextExpiration=1772687946781; keyCount=0; hasEvents=false; eval=false
2026-03-05T10:49:07.782+05:30 DEBUG 24928 --- [Java-SLF4J] [http-nio-8080-Poller] org.apache.tomcat.util.net.NioEndpoint   : timeout completed: keys processed=0; now=1772687947782; nextExpiration=1772687947781; keyCount=0; hasEvents=false; eval=false
2026-03-05T10:49:08.782+05:30 DEBUG 24928 --- [Java-SLF4J] [http-nio-8080-Poller] org.apache.tomcat.util.net.NioEndpoint   : timeout completed: keys processed=0; now=1772687948782; nextExpiration=1772687948782; keyCount=0; hasEvents=false; eval=false
2026-03-05T10:49:09.783+05:30 DEBUG 24928 --- [Java-SLF4J] [http-nio-8080-Poller] org.apache.tomcat.util.net.NioEndpoint   : timeout completed: keys processed=0; now=1772687949783; nextExpiration=1772687949782; keyCount=0; hasEvents=false; eval=false
2026-03-05T10:49:10.784+05:30 DEBUG 24928 --- [Java-SLF4J] [http-nio-8080-Poller] org.apache.tomcat.util.net.NioEndpoint   : timeout completed: keys processed=0; now=1772687950784; nextExpiration=1772687950783; keyCount=0; hasEvents=false; eval=false
2026-03-05T10:49:11.784+05:30 DEBUG 24928 --- [Java-SLF4J] [http-nio-8080-Poller] org.apache.tomcat.util.net.NioEndpoint   : timeout completed: keys processed=0; now=1772687951784; nextExpiration=1772687951784; keyCount=0; hasEvents=false; eval=false
2026-03-05T10:49:12.785+05:30 DEBUG 24928 --- [Java-SLF4J] [http-nio-8080-Poller] org.apache.tomcat.util.net.NioEndpoint   : timeout completed: keys processed=0; now=1772687952785; nextExpiration=1772687952784; keyCount=0; hasEvents=false; eval=false
2026-03-05T10:49:13.786+05:30 DEBUG 24928 --- [Java-SLF4J] [http-nio-8080-Poller] org.apache.tomcat.util.net.NioEndpoint   : timeout completed: keys processed=0; now=1772687953786; nextExpiration=1772687953785; keyCount=0; hasEvents=false; eval=false
2026-03-05T10:49:14.786+05:30 DEBUG 24928 --- [Java-SLF4J] [http-nio-8080-Poller] org.apache.tomcat.util.net.NioEndpoint   : timeout completed: keys processed=0; now=1772687954786; nextExpiration=1772687954786; keyCount=0; hasEvents=false; eval=false
2026-03-05T10:49:15.786+05:30 DEBUG 24928 --- [Java-SLF4J] [http-nio-8080-Poller] org.apache.tomcat.util.net.NioEndpoint   : timeout completed: keys processed=0; now=1772687955786; nextExpiration=1772687955786; keyCount=0; hasEvents=false; eval=false
2026-03-05T10:49:16.787+05:30 DEBUG 24928 --- [Java-SLF4J] [http-nio-8080-Poller] org.apache.tomcat.util.net.NioEndpoint   : timeout completed: keys processed=0; now=1772687956787; nextExpiration=1772687956786; keyCount=0; hasEvents=false; eval=false
2026-03-05T10:49:17.787+05:30 DEBUG 24928 --- [Java-SLF4J] [http-nio-8080-Poller] org.apache.tomcat.util.net.NioEndpoint   : timeout completed: keys processed=0; now=1772687957787; nextExpiration=1772687957787; keyCount=0; hasEvents=false; eval=false
2026-03-05T10:49:18.788+05:30 DEBUG 24928 --- [Java-SLF4J] [http-nio-8080-Poller] org.apache.tomcat.util.net.NioEndpoint   : timeout completed: keys processed=0; now=1772687958788; nextExpiration=1772687958787; keyCount=0; hasEvents=false; eval=false
2026-03-05T10:49:19.789+05:30 DEBUG 24928 --- [Java-SLF4J] [http-nio-8080-Poller] org.apache.tomcat.util.net.NioEndpoint   : timeout completed: keys processed=0; now=1772687959789; nextExpiration=1772687959788; keyCount=0; hasEvents=false; eval=false
2026-03-05T10:49:20.789+05:30 DEBUG 24928 --- [Java-SLF4J] [http-nio-8080-Poller] org.apache.tomcat.util.net.NioEndpoint   : timeout completed: keys processed=0; now=1772687960789; nextExpiration=1772687960789; keyCount=0; hasEvents=false; eval=false
2026-03-05T10:49:21.790+05:30 DEBUG 24928 --- [Java-SLF4J] [http-nio-8080-Poller] org.apache.tomcat.util.net.NioEndpoint   : timeout completed: keys processed=0; now=1772687961790; nextExpiration=1772687961789; keyCount=0; hasEvents=false; eval=false
2026-03-05T10:49:22.791+05:30 DEBUG 24928 --- [Java-SLF4J] [http-nio-8080-Poller] org.apache.tomcat.util.net.NioEndpoint   : timeout completed: keys processed=0; now=1772687962791; nextExpiration=1772687962790; keyCount=0; hasEvents=false; eval=false
2026-03-05T10:49:23.791+05:30 DEBUG 24928 --- [Java-SLF4J] [http-nio-8080-Poller] org.apache.tomcat.util.net.NioEndpoint   : timeout completed: keys processed=0; now=1772687963791; nextExpiration=1772687963791; keyCount=0; hasEvents=false; eval=false
2026-03-05T10:49:24.792+05:30 DEBUG 24928 --- [Java-SLF4J] [http-nio-8080-Poller] org.apache.tomcat.util.net.NioEndpoint   : timeout completed: keys processed=0; now=1772687964792; nextExpiration=1772687964791; keyCount=0; hasEvents=false; eval=false
2026-03-05T10:49:25.792+05:30 DEBUG 24928 --- [Java-SLF4J] [http-nio-8080-Poller] org.apache.tomcat.util.net.NioEndpoint   : timeout completed: keys processed=0; now=1772687965792; nextExpiration=1772687965792; keyCount=0; hasEvents=false; eval=false
2026-03-05T10:49:26.793+05:30 DEBUG 24928 --- [Java-SLF4J] [http-nio-8080-Poller] org.apache.tomcat.util.net.NioEndpoint   : timeout completed: keys processed=0; now=1772687966793; nextExpiration=1772687966792; keyCount=0; hasEvents=false; eval=false
2026-03-05T10:49:27.793+05:30 DEBUG 24928 --- [Java-SLF4J] [http-nio-8080-Poller] org.apache.tomcat.util.net.NioEndpoint   : timeout completed: keys processed=0; now=1772687967793; nextExpiration=1772687967793; keyCount=0; hasEvents=false; eval=false
2026-03-05T10:49:28.793+05:30 DEBUG 24928 --- [Java-SLF4J] [http-nio-8080-Poller] org.apache.tomcat.util.net.NioEndpoint   : timeout completed: keys processed=0; now=1772687968793; nextExpiration=1772687968793; keyCount=0; hasEvents=false; eval=false
2026-03-05T10:49:29.794+05:30 DEBUG 24928 --- [Java-SLF4J] [http-nio-8080-Poller] org.apache.tomcat.util.net.NioEndpoint   : timeout completed: keys processed=0; now=1772687969794; nextExpiration=1772687969793; keyCount=0; hasEvents=false; eval=false
2026-03-05T10:49:30.794+05:30 DEBUG 24928 --- [Java-SLF4J] [http-nio-8080-Poller] org.apache.tomcat.util.net.NioEndpoint   : timeout completed: keys processed=0; now=1772687970794; nextExpiration=1772687970794; keyCount=0; hasEvents=false; eval=false
2026-03-05T10:49:31.795+05:30 DEBUG 24928 --- [Java-SLF4J] [http-nio-8080-Poller] org.apache.tomcat.util.net.NioEndpoint   : timeout completed: keys processed=0; now=1772687971795; nextExpiration=1772687971794; keyCount=0; hasEvents=false; eval=false
2026-03-05T10:49:32.796+05:30 DEBUG 24928 --- [Java-SLF4J] [http-nio-8080-Poller] org.apache.tomcat.util.net.NioEndpoint   : timeout completed: keys processed=0; now=1772687972796; nextExpiration=1772687972795; keyCount=0; hasEvents=false; eval=false
2026-03-05T10:49:33.796+05:30 DEBUG 24928 --- [Java-SLF4J] [http-nio-8080-Poller] org.apache.tomcat.util.net.NioEndpoint   : timeout completed: keys processed=0; now=1772687973796; nextExpiration=1772687973796; keyCount=0; hasEvents=false; eval=false
2026-03-05T10:49:34.796+05:30 DEBUG 24928 --- [Java-SLF4J] [http-nio-8080-Poller] org.apache.tomcat.util.net.NioEndpoint   : timeout completed: keys processed=0; now=1772687974796; nextExpiration=1772687974796; keyCount=0; hasEvents=false; eval=false
2026-03-05T10:49:35.797+05:30 DEBUG 24928 --- [Java-SLF4J] [http-nio-8080-Poller] org.apache.tomcat.util.net.NioEndpoint   : timeout completed: keys processed=0; now=1772687975797; nextExpiration=1772687975796; keyCount=0; hasEvents=false; eval=false
2026-03-05T10:49:36.797+05:30 DEBUG 24928 --- [Java-SLF4J] [http-nio-8080-Poller] org.apache.tomcat.util.net.NioEndpoint   : timeout completed: keys processed=0; now=1772687976797; nextExpiration=1772687976797; keyCount=0; hasEvents=false; eval=false
2026-03-05T10:49:37.798+05:30 DEBUG 24928 --- [Java-SLF4J] [http-nio-8080-Poller] org.apache.tomcat.util.net.NioEndpoint   : timeout completed: keys processed=0; now=1772687977798; nextExpiration=1772687977797; keyCount=0; hasEvents=false; eval=false
2026-03-05T10:49:38.798+05:30 DEBUG 24928 --- [Java-SLF4J] [http-nio-8080-Poller] org.apache.tomcat.util.net.NioEndpoint   : timeout completed: keys processed=0; now=1772687978798; nextExpiration=1772687978798; keyCount=0; hasEvents=false; eval=false
2026-03-05T10:49:39.798+05:30 DEBUG 24928 --- [Java-SLF4J] [http-nio-8080-Poller] org.apache.tomcat.util.net.NioEndpoint   : timeout completed: keys processed=0; now=1772687979798; nextExpiration=1772687979798; keyCount=0; hasEvents=false; eval=false
2026-03-05T10:49:40.799+05:30 DEBUG 24928 --- [Java-SLF4J] [http-nio-8080-Poller] org.apache.tomcat.util.net.NioEndpoint   : timeout completed: keys processed=0; now=1772687980799; nextExpiration=1772687980798; keyCount=0; hasEvents=false; eval=false
2026-03-05T10:49:41.799+05:30 DEBUG 24928 --- [Java-SLF4J] [http-nio-8080-Poller] org.apache.tomcat.util.net.NioEndpoint   : timeout completed: keys processed=0; now=1772687981799; nextExpiration=1772687981799; keyCount=0; hasEvents=false; eval=false
2026-03-05T10:49:42.800+05:30 DEBUG 24928 --- [Java-SLF4J] [http-nio-8080-Poller] org.apache.tomcat.util.net.NioEndpoint   : timeout completed: keys processed=0; now=1772687982800; nextExpiration=1772687982799; keyCount=0; hasEvents=false; eval=false
2026-03-05T10:49:43.800+05:30 DEBUG 24928 --- [Java-SLF4J] [http-nio-8080-Poller] org.apache.tomcat.util.net.NioEndpoint   : timeout completed: keys processed=0; now=1772687983800; nextExpiration=1772687983800; keyCount=0; hasEvents=false; eval=false
2026-03-05T10:49:44.801+05:30 DEBUG 24928 --- [Java-SLF4J] [http-nio-8080-Poller] org.apache.tomcat.util.net.NioEndpoint   : timeout completed: keys processed=0; now=1772687984801; nextExpiration=1772687984800; keyCount=0; hasEvents=false; eval=false
2026-03-05T10:49:45.801+05:30 DEBUG 24928 --- [Java-SLF4J] [http-nio-8080-Poller] org.apache.tomcat.util.net.NioEndpoint   : timeout completed: keys processed=0; now=1772687985801; nextExpiration=1772687985801; keyCount=0; hasEvents=false; eval=false
2026-03-05T10:49:46.802+05:30 DEBUG 24928 --- [Java-SLF4J] [http-nio-8080-Poller] org.apache.tomcat.util.net.NioEndpoint   : timeout completed: keys processed=0; now=1772687986802; nextExpiration=1772687986801; keyCount=0; hasEvents=false; eval=false
2026-03-05T10:49:47.803+05:30 DEBUG 24928 --- [Java-SLF4J] [http-nio-8080-Poller] org.apache.tomcat.util.net.NioEndpoint   : timeout completed: keys processed=0; now=1772687987803; nextExpiration=1772687987802; keyCount=0; hasEvents=false; eval=false
2026-03-05T10:49:48.803+05:30 DEBUG 24928 --- [Java-SLF4J] [http-nio-8080-Poller] org.apache.tomcat.util.net.NioEndpoint   : timeout completed: keys processed=0; now=1772687988803; nextExpiration=1772687988803; keyCount=0; hasEvents=false; eval=false
2026-03-05T10:49:49.804+05:30 DEBUG 24928 --- [Java-SLF4J] [http-nio-8080-Poller] org.apache.tomcat.util.net.NioEndpoint   : timeout completed: keys processed=0; now=1772687989804; nextExpiration=1772687989803; keyCount=0; hasEvents=false; eval=false
2026-03-05T10:49:50.804+05:30 DEBUG 24928 --- [Java-SLF4J] [http-nio-8080-Poller] org.apache.tomcat.util.net.NioEndpoint   : timeout completed: keys processed=0; now=1772687990804; nextExpiration=1772687990804; keyCount=0; hasEvents=false; eval=false
2026-03-05T10:49:51.805+05:30 DEBUG 24928 --- [Java-SLF4J] [http-nio-8080-Poller] org.apache.tomcat.util.net.NioEndpoint   : timeout completed: keys processed=0; now=1772687991805; nextExpiration=1772687991804; keyCount=0; hasEvents=false; eval=false
2026-03-05T10:49:52.805+05:30 DEBUG 24928 --- [Java-SLF4J] [http-nio-8080-Poller] org.apache.tomcat.util.net.NioEndpoint   : timeout completed: keys processed=0; now=1772687992805; nextExpiration=1772687992805; keyCount=0; hasEvents=false; eval=false
2026-03-05T10:49:53.805+05:30 DEBUG 24928 --- [Java-SLF4J] [http-nio-8080-Poller] org.apache.tomcat.util.net.NioEndpoint   : timeout completed: keys processed=0; now=1772687993805; nextExpiration=1772687993805; keyCount=0; hasEvents=false; eval=false
2026-03-05T10:49:54.415+05:30 DEBUG 24928 --- [Java-SLF4J] [Catalina-utility-2] o.apache.catalina.session.ManagerBase    : Start expire sessions StandardManager at 1772687994415 sessioncount 0
2026-03-05T10:49:54.415+05:30 DEBUG 24928 --- [Java-SLF4J] [Catalina-utility-2] o.apache.catalina.session.ManagerBase    : End expire sessions StandardManager processingTime 0 expired sessions: 0
2026-03-05T10:49:54.806+05:30 DEBUG 24928 --- [Java-SLF4J] [http-nio-8080-Poller] org.apache.tomcat.util.net.NioEndpoint   : timeout completed: keys processed=0; now=1772687994806; nextExpiration=1772687994805; keyCount=0; hasEvents=false; eval=false
2026-03-05T10:49:55.806+05:30 DEBUG 24928 --- [Java-SLF4J] [http-nio-8080-Poller] org.apache.tomcat.util.net.NioEndpoint   : timeout completed: keys processed=0; now=1772687995806; nextExpiration=1772687995806; keyCount=0; hasEvents=false; eval=false
2026-03-05T10:49:56.807+05:30 DEBUG 24928 --- [Java-SLF4J] [http-nio-8080-Poller] org.apache.tomcat.util.net.NioEndpoint   : timeout completed: keys processed=0; now=1772687996807; nextExpiration=1772687996806; keyCount=0; hasEvents=false; eval=false
2026-03-05T10:49:57.807+05:30 DEBUG 24928 --- [Java-SLF4J] [http-nio-8080-Poller] org.apache.tomcat.util.net.NioEndpoint   : timeout completed: keys processed=0; now=1772687997807; nextExpiration=1772687997807; keyCount=0; hasEvents=false; eval=false
2026-03-05T10:49:58.808+05:30 DEBUG 24928 --- [Java-SLF4J] [http-nio-8080-Poller] org.apache.tomcat.util.net.NioEndpoint   : timeout completed: keys processed=0; now=1772687998808; nextExpiration=1772687998807; keyCount=0; hasEvents=false; eval=false
2026-03-05T10:49:59.810+05:30 DEBUG 24928 --- [Java-SLF4J] [http-nio-8080-Poller] org.apache.tomcat.util.net.NioEndpoint   : timeout completed: keys processed=0; now=1772687999810; nextExpiration=1772687999808; keyCount=0; hasEvents=false; eval=false
2026-03-05T10:50:00.811+05:30 DEBUG 24928 --- [Java-SLF4J] [http-nio-8080-Poller] org.apache.tomcat.util.net.NioEndpoint   : timeout completed: keys processed=0; now=1772688000811; nextExpiration=1772688000810; keyCount=0; hasEvents=false; eval=false
2026-03-05T10:50:01.811+05:30 DEBUG 24928 --- [Java-SLF4J] [http-nio-8080-Poller] org.apache.tomcat.util.net.NioEndpoint   : timeout completed: keys processed=0; now=1772688001811; nextExpiration=1772688001811; keyCount=0; hasEvents=false; eval=false
2026-03-05T10:50:02.811+05:30 DEBUG 24928 --- [Java-SLF4J] [http-nio-8080-Poller] org.apache.tomcat.util.net.NioEndpoint   : timeout completed: keys processed=0; now=1772688002811; nextExpiration=1772688002811; keyCount=0; hasEvents=false; eval=false
2026-03-05T10:50:03.811+05:30 DEBUG 24928 --- [Java-SLF4J] [http-nio-8080-Poller] org.apache.tomcat.util.net.NioEndpoint   : timeout completed: keys processed=0; now=1772688003811; nextExpiration=1772688003811; keyCount=0; hasEvents=false; eval=false
2026-03-05T10:50:04.812+05:30 DEBUG 24928 --- [Java-SLF4J] [http-nio-8080-Poller] org.apache.tomcat.util.net.NioEndpoint   : timeout completed: keys processed=0; now=1772688004812; nextExpiration=1772688004811; keyCount=0; hasEvents=false; eval=false
2026-03-05T10:50:05.813+05:30 DEBUG 24928 --- [Java-SLF4J] [http-nio-8080-Poller] org.apache.tomcat.util.net.NioEndpoint   : timeout completed: keys processed=0; now=1772688005813; nextExpiration=1772688005812; keyCount=0; hasEvents=false; eval=false
2026-03-05T10:50:06.823+05:30 DEBUG 24928 --- [Java-SLF4J] [http-nio-8080-Poller] org.apache.tomcat.util.net.NioEndpoint   : timeout completed: keys processed=0; now=1772688006823; nextExpiration=1772688006813; keyCount=0; hasEvents=false; eval=false
2026-03-05T10:50:07.833+05:30 DEBUG 24928 --- [Java-SLF4J] [http-nio-8080-Poller] org.apache.tomcat.util.net.NioEndpoint   : timeout completed: keys processed=0; now=1772688007833; nextExpiration=1772688007823; keyCount=0; hasEvents=false; eval=false
2026-03-05T10:50:08.844+05:30 DEBUG 24928 --- [Java-SLF4J] [http-nio-8080-Poller] org.apache.tomcat.util.net.NioEndpoint   : timeout completed: keys processed=0; now=1772688008844; nextExpiration=1772688008833; keyCount=0; hasEvents=false; eval=false
2026-03-05T10:50:09.844+05:30 DEBUG 24928 --- [Java-SLF4J] [http-nio-8080-Poller] org.apache.tomcat.util.net.NioEndpoint   : timeout completed: keys processed=0; now=1772688009844; nextExpiration=1772688009844; keyCount=0; hasEvents=false; eval=false
2026-03-05T10:50:10.844+05:30 DEBUG 24928 --- [Java-SLF4J] [http-nio-8080-Poller] org.apache.tomcat.util.net.NioEndpoint   : timeout completed: keys processed=0; now=1772688010844; nextExpiration=1772688010844; keyCount=0; hasEvents=false; eval=false
2026-03-05T10:50:11.845+05:30 DEBUG 24928 --- [Java-SLF4J] [http-nio-8080-Poller] org.apache.tomcat.util.net.NioEndpoint   : timeout completed: keys processed=0; now=1772688011845; nextExpiration=1772688011844; keyCount=0; hasEvents=false; eval=false
2026-03-05T10:50:12.846+05:30 DEBUG 24928 --- [Java-SLF4J] [http-nio-8080-Poller] org.apache.tomcat.util.net.NioEndpoint   : timeout completed: keys processed=0; now=1772688012846; nextExpiration=1772688012845; keyCount=0; hasEvents=false; eval=false
2026-03-05T10:50:13.846+05:30 DEBUG 24928 --- [Java-SLF4J] [http-nio-8080-Poller] org.apache.tomcat.util.net.NioEndpoint   : timeout completed: keys processed=0; now=1772688013846; nextExpiration=1772688013846; keyCount=0; hasEvents=false; eval=false
2026-03-05T10:50:14.847+05:30 DEBUG 24928 --- [Java-SLF4J] [http-nio-8080-Poller] org.apache.tomcat.util.net.NioEndpoint   : timeout completed: keys processed=0; now=1772688014847; nextExpiration=1772688014846; keyCount=0; hasEvents=false; eval=false
2026-03-05T10:50:15.847+05:30 DEBUG 24928 --- [Java-SLF4J] [http-nio-8080-Poller] org.apache.tomcat.util.net.NioEndpoint   : timeout completed: keys processed=0; now=1772688015847; nextExpiration=1772688015847; keyCount=0; hasEvents=false; eval=false
2026-03-05T10:50:16.847+05:30 DEBUG 24928 --- [Java-SLF4J] [http-nio-8080-Poller] org.apache.tomcat.util.net.NioEndpoint   : timeout completed: keys processed=0; now=1772688016847; nextExpiration=1772688016847; keyCount=0; hasEvents=false; eval=false
2026-03-05T10:50:17.849+05:30 DEBUG 24928 --- [Java-SLF4J] [http-nio-8080-Poller] org.apache.tomcat.util.net.NioEndpoint   : timeout completed: keys processed=0; now=1772688017849; nextExpiration=1772688017847; keyCount=0; hasEvents=false; eval=false
2026-03-05T10:50:18.850+05:30 DEBUG 24928 --- [Java-SLF4J] [http-nio-8080-Poller] org.apache.tomcat.util.net.NioEndpoint   : timeout completed: keys processed=0; now=1772688018850; nextExpiration=1772688018849; keyCount=0; hasEvents=false; eval=false
2026-03-05T10:50:19.850+05:30 DEBUG 24928 --- [Java-SLF4J] [http-nio-8080-Poller] org.apache.tomcat.util.net.NioEndpoint   : timeout completed: keys processed=0; now=1772688019850; nextExpiration=1772688019850; keyCount=0; hasEvents=false; eval=false
2026-03-05T10:50:20.851+05:30 DEBUG 24928 --- [Java-SLF4J] [http-nio-8080-Poller] org.apache.tomcat.util.net.NioEndpoint   : timeout completed: keys processed=0; now=1772688020851; nextExpiration=1772688020850; keyCount=0; hasEvents=false; eval=false
2026-03-05T10:50:21.852+05:30 DEBUG 24928 --- [Java-SLF4J] [http-nio-8080-Poller] org.apache.tomcat.util.net.NioEndpoint   : timeout completed: keys processed=0; now=1772688021852; nextExpiration=1772688021851; keyCount=0; hasEvents=false; eval=false
2026-03-05T10:50:22.852+05:30 DEBUG 24928 --- [Java-SLF4J] [http-nio-8080-Poller] org.apache.tomcat.util.net.NioEndpoint   : timeout completed: keys processed=0; now=1772688022852; nextExpiration=1772688022852; keyCount=0; hasEvents=false; eval=false
2026-03-05T10:50:23.852+05:30 DEBUG 24928 --- [Java-SLF4J] [http-nio-8080-Poller] org.apache.tomcat.util.net.NioEndpoint   : timeout completed: keys processed=0; now=1772688023852; nextExpiration=1772688023852; keyCount=0; hasEvents=false; eval=false
2026-03-05T10:50:24.853+05:30 DEBUG 24928 --- [Java-SLF4J] [http-nio-8080-Poller] org.apache.tomcat.util.net.NioEndpoint   : timeout completed: keys processed=0; now=1772688024853; nextExpiration=1772688024852; keyCount=0; hasEvents=false; eval=false
2026-03-05T10:50:25.853+05:30 DEBUG 24928 --- [Java-SLF4J] [http-nio-8080-Poller] org.apache.tomcat.util.net.NioEndpoint   : timeout completed: keys processed=0; now=1772688025853; nextExpiration=1772688025853; keyCount=0; hasEvents=false; eval=false
2026-03-05T10:50:26.854+05:30 DEBUG 24928 --- [Java-SLF4J] [http-nio-8080-Poller] org.apache.tomcat.util.net.NioEndpoint   : timeout completed: keys processed=0; now=1772688026854; nextExpiration=1772688026853; keyCount=0; hasEvents=false; eval=false
2026-03-05T10:50:27.855+05:30 DEBUG 24928 --- [Java-SLF4J] [http-nio-8080-Poller] org.apache.tomcat.util.net.NioEndpoint   : timeout completed: keys processed=0; now=1772688027855; nextExpiration=1772688027854; keyCount=0; hasEvents=false; eval=false
2026-03-05T10:50:28.855+05:30 DEBUG 24928 --- [Java-SLF4J] [http-nio-8080-Poller] org.apache.tomcat.util.net.NioEndpoint   : timeout completed: keys processed=0; now=1772688028855; nextExpiration=1772688028855; keyCount=0; hasEvents=false; eval=false
2026-03-05T10:50:29.855+05:30 DEBUG 24928 --- [Java-SLF4J] [http-nio-8080-Poller] org.apache.tomcat.util.net.NioEndpoint   : timeout completed: keys processed=0; now=1772688029855; nextExpiration=1772688029855; keyCount=0; hasEvents=false; eval=false
2026-03-05T10:50:30.855+05:30 DEBUG 24928 --- [Java-SLF4J] [http-nio-8080-Poller] org.apache.tomcat.util.net.NioEndpoint   : timeout completed: keys processed=0; now=1772688030855; nextExpiration=1772688030855; keyCount=0; hasEvents=false; eval=false
2026-03-05T10:50:31.856+05:30 DEBUG 24928 --- [Java-SLF4J] [http-nio-8080-Poller] org.apache.tomcat.util.net.NioEndpoint   : timeout completed: keys processed=0; now=1772688031856; nextExpiration=1772688031855; keyCount=0; hasEvents=false; eval=false
2026-03-05T10:50:32.856+05:30 DEBUG 24928 --- [Java-SLF4J] [http-nio-8080-Poller] org.apache.tomcat.util.net.NioEndpoint   : timeout completed: keys processed=0; now=1772688032856; nextExpiration=1772688032856; keyCount=0; hasEvents=false; eval=false
2026-03-05T10:50:33.857+05:30 DEBUG 24928 --- [Java-SLF4J] [http-nio-8080-Poller] org.apache.tomcat.util.net.NioEndpoint   : timeout completed: keys processed=0; now=1772688033857; nextExpiration=1772688033856; keyCount=0; hasEvents=false; eval=false
2026-03-05T10:50:34.857+05:30 DEBUG 24928 --- [Java-SLF4J] [http-nio-8080-Poller] org.apache.tomcat.util.net.NioEndpoint   : timeout completed: keys processed=0; now=1772688034857; nextExpiration=1772688034857; keyCount=0; hasEvents=false; eval=false
2026-03-05T10:50:35.857+05:30 DEBUG 24928 --- [Java-SLF4J] [http-nio-8080-Poller] org.apache.tomcat.util.net.NioEndpoint   : timeout completed: keys processed=0; now=1772688035857; nextExpiration=1772688035857; keyCount=0; hasEvents=false; eval=false
2026-03-05T10:50:36.857+05:30 DEBUG 24928 --- [Java-SLF4J] [http-nio-8080-Poller] org.apache.tomcat.util.net.NioEndpoint   : timeout completed: keys processed=0; now=1772688036857; nextExpiration=1772688036857; keyCount=0; hasEvents=false; eval=false
2026-03-05T10:50:37.858+05:30 DEBUG 24928 --- [Java-SLF4J] [http-nio-8080-Poller] org.apache.tomcat.util.net.NioEndpoint   : timeout completed: keys processed=0; now=1772688037858; nextExpiration=1772688037857; keyCount=0; hasEvents=false; eval=false
2026-03-05T10:50:38.859+05:30 DEBUG 24928 --- [Java-SLF4J] [http-nio-8080-Poller] org.apache.tomcat.util.net.NioEndpoint   : timeout completed: keys processed=0; now=1772688038859; nextExpiration=1772688038858; keyCount=0; hasEvents=false; eval=false
2026-03-05T10:50:39.859+05:30 DEBUG 24928 --- [Java-SLF4J] [http-nio-8080-Poller] org.apache.tomcat.util.net.NioEndpoint   : timeout completed: keys processed=0; now=1772688039859; nextExpiration=1772688039859; keyCount=0; hasEvents=false; eval=false
2026-03-05T10:50:40.859+05:30 DEBUG 24928 --- [Java-SLF4J] [http-nio-8080-Poller] org.apache.tomcat.util.net.NioEndpoint   : timeout completed: keys processed=0; now=1772688040859; nextExpiration=1772688040859; keyCount=0; hasEvents=false; eval=false
2026-03-05T10:50:41.860+05:30 DEBUG 24928 --- [Java-SLF4J] [http-nio-8080-Poller] org.apache.tomcat.util.net.NioEndpoint   : timeout completed: keys processed=0; now=1772688041860; nextExpiration=1772688041859; keyCount=0; hasEvents=false; eval=false
2026-03-05T10:50:42.860+05:30 DEBUG 24928 --- [Java-SLF4J] [http-nio-8080-Poller] org.apache.tomcat.util.net.NioEndpoint   : timeout completed: keys processed=0; now=1772688042860; nextExpiration=1772688042860; keyCount=0; hasEvents=false; eval=false
2026-03-05T10:50:43.861+05:30 DEBUG 24928 --- [Java-SLF4J] [http-nio-8080-Poller] org.apache.tomcat.util.net.NioEndpoint   : timeout completed: keys processed=0; now=1772688043861; nextExpiration=1772688043860; keyCount=0; hasEvents=false; eval=false
2026-03-05T10:50:44.862+05:30 DEBUG 24928 --- [Java-SLF4J] [http-nio-8080-Poller] org.apache.tomcat.util.net.NioEndpoint   : timeout completed: keys processed=0; now=1772688044862; nextExpiration=1772688044861; keyCount=0; hasEvents=false; eval=false
2026-03-05T10:50:45.863+05:30 DEBUG 24928 --- [Java-SLF4J] [http-nio-8080-Poller] org.apache.tomcat.util.net.NioEndpoint   : timeout completed: keys processed=0; now=1772688045863; nextExpiration=1772688045862; keyCount=0; hasEvents=false; eval=false
2026-03-05T10:50:46.863+05:30 DEBUG 24928 --- [Java-SLF4J] [http-nio-8080-Poller] org.apache.tomcat.util.net.NioEndpoint   : timeout completed: keys processed=0; now=1772688046863; nextExpiration=1772688046863; keyCount=0; hasEvents=false; eval=false
2026-03-05T10:50:47.864+05:30 DEBUG 24928 --- [Java-SLF4J] [http-nio-8080-Poller] org.apache.tomcat.util.net.NioEndpoint   : timeout completed: keys processed=0; now=1772688047864; nextExpiration=1772688047863; keyCount=0; hasEvents=false; eval=false
2026-03-05T10:50:48.864+05:30 DEBUG 24928 --- [Java-SLF4J] [http-nio-8080-Poller] org.apache.tomcat.util.net.NioEndpoint   : timeout completed: keys processed=0; now=1772688048864; nextExpiration=1772688048864; keyCount=0; hasEvents=false; eval=false
2026-03-05T10:50:49.865+05:30 DEBUG 24928 --- [Java-SLF4J] [http-nio-8080-Poller] org.apache.tomcat.util.net.NioEndpoint   : timeout completed: keys processed=0; now=1772688049865; nextExpiration=1772688049864; keyCount=0; hasEvents=false; eval=false
2026-03-05T10:50:50.865+05:30 DEBUG 24928 --- [Java-SLF4J] [http-nio-8080-Poller] org.apache.tomcat.util.net.NioEndpoint   : timeout completed: keys processed=0; now=1772688050865; nextExpiration=1772688050865; keyCount=0; hasEvents=false; eval=false
2026-03-05T10:50:51.865+05:30 DEBUG 24928 --- [Java-SLF4J] [http-nio-8080-Poller] org.apache.tomcat.util.net.NioEndpoint   : timeout completed: keys processed=0; now=1772688051865; nextExpiration=1772688051865; keyCount=0; hasEvents=false; eval=false
2026-03-05T10:50:52.866+05:30 DEBUG 24928 --- [Java-SLF4J] [http-nio-8080-Poller] org.apache.tomcat.util.net.NioEndpoint   : timeout completed: keys processed=0; now=1772688052866; nextExpiration=1772688052865; keyCount=0; hasEvents=false; eval=false
2026-03-05T10:50:53.867+05:30 DEBUG 24928 --- [Java-SLF4J] [http-nio-8080-Poller] org.apache.tomcat.util.net.NioEndpoint   : timeout completed: keys processed=0; now=1772688053867; nextExpiration=1772688053866; keyCount=0; hasEvents=false; eval=false
2026-03-05T10:50:54.419+05:30 DEBUG 24928 --- [Java-SLF4J] [Catalina-utility-1] o.apache.catalina.session.ManagerBase    : Start expire sessions StandardManager at 1772688054419 sessioncount 0
2026-03-05T10:50:54.419+05:30 DEBUG 24928 --- [Java-SLF4J] [Catalina-utility-1] o.apache.catalina.session.ManagerBase    : End expire sessions StandardManager processingTime 0 expired sessions: 0
2026-03-05T10:50:54.867+05:30 DEBUG 24928 --- [Java-SLF4J] [http-nio-8080-Poller] org.apache.tomcat.util.net.NioEndpoint   : timeout completed: keys processed=0; now=1772688054867; nextExpiration=1772688054867; keyCount=0; hasEvents=false; eval=false
2026-03-05T10:50:55.867+05:30 DEBUG 24928 --- [Java-SLF4J] [http-nio-8080-Poller] org.apache.tomcat.util.net.NioEndpoint   : timeout completed: keys processed=0; now=1772688055867; nextExpiration=1772688055867; keyCount=0; hasEvents=false; eval=false
2026-03-05T10:50:56.867+05:30 DEBUG 24928 --- [Java-SLF4J] [http-nio-8080-Poller] org.apache.tomcat.util.net.NioEndpoint   : timeout completed: keys processed=0; now=1772688056867; nextExpiration=1772688056867; keyCount=0; hasEvents=false; eval=false
2026-03-05T10:50:57.868+05:30 DEBUG 24928 --- [Java-SLF4J] [http-nio-8080-Poller] org.apache.tomcat.util.net.NioEndpoint   : timeout completed: keys processed=0; now=1772688057868; nextExpiration=1772688057867; keyCount=0; hasEvents=false; eval=false
2026-03-05T10:50:58.869+05:30 DEBUG 24928 --- [Java-SLF4J] [http-nio-8080-Poller] org.apache.tomcat.util.net.NioEndpoint   : timeout completed: keys processed=0; now=1772688058869; nextExpiration=1772688058868; keyCount=0; hasEvents=false; eval=false
2026-03-05T10:50:59.869+05:30 DEBUG 24928 --- [Java-SLF4J] [http-nio-8080-Poller] org.apache.tomcat.util.net.NioEndpoint   : timeout completed: keys processed=0; now=1772688059869; nextExpiration=1772688059869; keyCount=0; hasEvents=false; eval=false
2026-03-05T10:51:00.870+05:30 DEBUG 24928 --- [Java-SLF4J] [http-nio-8080-Poller] org.apache.tomcat.util.net.NioEndpoint   : timeout completed: keys processed=0; now=1772688060870; nextExpiration=1772688060869; keyCount=0; hasEvents=false; eval=false
2026-03-05T10:51:01.870+05:30 DEBUG 24928 --- [Java-SLF4J] [http-nio-8080-Poller] org.apache.tomcat.util.net.NioEndpoint   : timeout completed: keys processed=0; now=1772688061870; nextExpiration=1772688061870; keyCount=0; hasEvents=false; eval=false
2026-03-05T10:51:02.870+05:30 DEBUG 24928 --- [Java-SLF4J] [http-nio-8080-Poller] org.apache.tomcat.util.net.NioEndpoint   : timeout completed: keys processed=0; now=1772688062870; nextExpiration=1772688062870; keyCount=0; hasEvents=false; eval=false
2026-03-05T10:51:03.870+05:30 DEBUG 24928 --- [Java-SLF4J] [http-nio-8080-Poller] org.apache.tomcat.util.net.NioEndpoint   : timeout completed: keys processed=0; now=1772688063870; nextExpiration=1772688063870; keyCount=0; hasEvents=false; eval=false
2026-03-05T10:51:04.870+05:30 DEBUG 24928 --- [Java-SLF4J] [http-nio-8080-Poller] org.apache.tomcat.util.net.NioEndpoint   : timeout completed: keys processed=0; now=1772688064870; nextExpiration=1772688064870; keyCount=0; hasEvents=false; eval=false
2026-03-05T10:51:05.871+05:30 DEBUG 24928 --- [Java-SLF4J] [http-nio-8080-Poller] org.apache.tomcat.util.net.NioEndpoint   : timeout completed: keys processed=0; now=1772688065871; nextExpiration=1772688065870; keyCount=0; hasEvents=false; eval=false
2026-03-05T10:51:06.871+05:30 DEBUG 24928 --- [Java-SLF4J] [http-nio-8080-Poller] org.apache.tomcat.util.net.NioEndpoint   : timeout completed: keys processed=0; now=1772688066871; nextExpiration=1772688066871; keyCount=0; hasEvents=false; eval=false
2026-03-05T10:51:07.871+05:30 DEBUG 24928 --- [Java-SLF4J] [http-nio-8080-Poller] org.apache.tomcat.util.net.NioEndpoint   : timeout completed: keys processed=0; now=1772688067871; nextExpiration=1772688067871; keyCount=0; hasEvents=false; eval=false
2026-03-05T10:51:08.871+05:30 DEBUG 24928 --- [Java-SLF4J] [http-nio-8080-Poller] org.apache.tomcat.util.net.NioEndpoint   : timeout completed: keys processed=0; now=1772688068871; nextExpiration=1772688068871; keyCount=0; hasEvents=false; eval=false
2026-03-05T10:51:09.872+05:30 DEBUG 24928 --- [Java-SLF4J] [http-nio-8080-Poller] org.apache.tomcat.util.net.NioEndpoint   : timeout completed: keys processed=0; now=1772688069872; nextExpiration=1772688069871; keyCount=0; hasEvents=false; eval=false
2026-03-05T10:51:10.872+05:30 DEBUG 24928 --- [Java-SLF4J] [http-nio-8080-Poller] org.apache.tomcat.util.net.NioEndpoint   : timeout completed: keys processed=0; now=1772688070872; nextExpiration=1772688070872; keyCount=0; hasEvents=false; eval=false
2026-03-05T10:51:11.872+05:30 DEBUG 24928 --- [Java-SLF4J] [http-nio-8080-Poller] org.apache.tomcat.util.net.NioEndpoint   : timeout completed: keys processed=0; now=1772688071872; nextExpiration=1772688071872; keyCount=0; hasEvents=false; eval=false
2026-03-05T10:51:12.873+05:30 DEBUG 24928 --- [Java-SLF4J] [http-nio-8080-Poller] org.apache.tomcat.util.net.NioEndpoint   : timeout completed: keys processed=0; now=1772688072873; nextExpiration=1772688072872; keyCount=0; hasEvents=false; eval=false
2026-03-05T10:51:13.873+05:30 DEBUG 24928 --- [Java-SLF4J] [http-nio-8080-Poller] org.apache.tomcat.util.net.NioEndpoint   : timeout completed: keys processed=0; now=1772688073873; nextExpiration=1772688073873; keyCount=0; hasEvents=false; eval=false
2026-03-05T10:51:14.874+05:30 DEBUG 24928 --- [Java-SLF4J] [http-nio-8080-Poller] org.apache.tomcat.util.net.NioEndpoint   : timeout completed: keys processed=0; now=1772688074874; nextExpiration=1772688074873; keyCount=0; hasEvents=false; eval=false
2026-03-05T10:51:15.874+05:30 DEBUG 24928 --- [Java-SLF4J] [http-nio-8080-Poller] org.apache.tomcat.util.net.NioEndpoint   : timeout completed: keys processed=0; now=1772688075874; nextExpiration=1772688075874; keyCount=0; hasEvents=false; eval=false
2026-03-05T10:51:16.875+05:30 DEBUG 24928 --- [Java-SLF4J] [http-nio-8080-Poller] org.apache.tomcat.util.net.NioEndpoint   : timeout completed: keys processed=0; now=1772688076875; nextExpiration=1772688076874; keyCount=0; hasEvents=false; eval=false
2026-03-05T10:51:17.875+05:30 DEBUG 24928 --- [Java-SLF4J] [http-nio-8080-Poller] org.apache.tomcat.util.net.NioEndpoint   : timeout completed: keys processed=0; now=1772688077875; nextExpiration=1772688077875; keyCount=0; hasEvents=false; eval=false
2026-03-05T10:51:18.875+05:30 DEBUG 24928 --- [Java-SLF4J] [http-nio-8080-Poller] org.apache.tomcat.util.net.NioEndpoint   : timeout completed: keys processed=0; now=1772688078875; nextExpiration=1772688078875; keyCount=0; hasEvents=false; eval=false
2026-03-05T10:51:19.875+05:30 DEBUG 24928 --- [Java-SLF4J] [http-nio-8080-Poller] org.apache.tomcat.util.net.NioEndpoint   : timeout completed: keys processed=0; now=1772688079875; nextExpiration=1772688079875; keyCount=0; hasEvents=false; eval=false
2026-03-05T10:51:20.876+05:30 DEBUG 24928 --- [Java-SLF4J] [http-nio-8080-Poller] org.apache.tomcat.util.net.NioEndpoint   : timeout completed: keys processed=0; now=1772688080876; nextExpiration=1772688080875; keyCount=0; hasEvents=false; eval=false
2026-03-05T10:51:21.876+05:30 DEBUG 24928 --- [Java-SLF4J] [http-nio-8080-Poller] org.apache.tomcat.util.net.NioEndpoint   : timeout completed: keys processed=0; now=1772688081876; nextExpiration=1772688081876; keyCount=0; hasEvents=false; eval=false
2026-03-05T10:51:22.877+05:30 DEBUG 24928 --- [Java-SLF4J] [http-nio-8080-Poller] org.apache.tomcat.util.net.NioEndpoint   : timeout completed: keys processed=0; now=1772688082877; nextExpiration=1772688082876; keyCount=0; hasEvents=false; eval=false
2026-03-05T10:51:23.878+05:30 DEBUG 24928 --- [Java-SLF4J] [http-nio-8080-Poller] org.apache.tomcat.util.net.NioEndpoint   : timeout completed: keys processed=0; now=1772688083878; nextExpiration=1772688083877; keyCount=0; hasEvents=false; eval=false
2026-03-05T10:51:24.878+05:30 DEBUG 24928 --- [Java-SLF4J] [http-nio-8080-Poller] org.apache.tomcat.util.net.NioEndpoint   : timeout completed: keys processed=0; now=1772688084878; nextExpiration=1772688084878; keyCount=0; hasEvents=false; eval=false
2026-03-05T10:51:25.879+05:30 DEBUG 24928 --- [Java-SLF4J] [http-nio-8080-Poller] org.apache.tomcat.util.net.NioEndpoint   : timeout completed: keys processed=0; now=1772688085879; nextExpiration=1772688085878; keyCount=0; hasEvents=false; eval=false
2026-03-05T10:51:26.863+05:30 DEBUG 24928 --- [Java-SLF4J] [SIGINT handler] java.lang.Runtime                        : Runtime.exit() called with status: 130

java.lang.Throwable: Runtime.exit(130)
	at java.base/java.lang.Shutdown.logRuntimeExit(Shutdown.java:179) ~[na:na]
	at java.base/java.lang.Shutdown.exit(Shutdown.java:160) ~[na:na]
	at java.base/java.lang.Terminator$1.handle(Terminator.java:51) ~[na:na]
	at java.base/jdk.internal.misc.Signal$1.run(Signal.java:218) ~[na:na]
	at java.base/java.lang.Thread.run(Thread.java:1474) ~[na:na]

2026-03-05T10:51:26.865+05:30 DEBUG 24928 --- [Java-SLF4J] [SpringApplicationShutdownHook] o.s.b.a.ApplicationAvailabilityBean      : Application availability state ReadinessState changed from ACCEPTING_TRAFFIC to REFUSING_TRAFFIC
2026-03-05T10:51:26.865+05:30 DEBUG 24928 --- [Java-SLF4J] [SpringApplicationShutdownHook] ConfigServletWebServerApplicationContext : Closing org.springframework.boot.web.server.servlet.context.AnnotationConfigServletWebServerApplicationContext@7aaca91a, started on Thu Mar 05 10:42:53 IST 2026
2026-03-05T10:51:26.865+05:30 TRACE 24928 --- [Java-SLF4J] [SpringApplicationShutdownHook] o.s.b.f.s.DefaultListableBeanFactory     : Returning cached instance of singleton bean 'applicationTaskExecutor'
2026-03-05T10:51:26.866+05:30 TRACE 24928 --- [Java-SLF4J] [SpringApplicationShutdownHook] o.s.b.f.s.DefaultListableBeanFactory     : Returning cached instance of singleton bean 'applicationTaskExecutor'
2026-03-05T10:51:26.866+05:30 TRACE 24928 --- [Java-SLF4J] [SpringApplicationShutdownHook] o.s.b.f.s.DefaultListableBeanFactory     : Returning cached instance of singleton bean 'lifecycleProcessor'
2026-03-05T10:51:26.866+05:30 TRACE 24928 --- [Java-SLF4J] [SpringApplicationShutdownHook] o.s.b.f.s.DefaultListableBeanFactory     : Returning cached instance of singleton bean 'springBootLoggingLifecycle'
2026-03-05T10:51:26.866+05:30 TRACE 24928 --- [Java-SLF4J] [SpringApplicationShutdownHook] o.s.b.f.s.DefaultListableBeanFactory     : Returning cached instance of singleton bean 'webServerGracefulShutdown'
2026-03-05T10:51:26.866+05:30 TRACE 24928 --- [Java-SLF4J] [SpringApplicationShutdownHook] o.s.b.f.s.DefaultListableBeanFactory     : Returning cached instance of singleton bean 'webServerStartStop'
2026-03-05T10:51:26.867+05:30 DEBUG 24928 --- [Java-SLF4J] [SpringApplicationShutdownHook] o.s.c.support.DefaultLifecycleProcessor  : Stopping beans in phase 2147482623
2026-03-05T10:51:26.868+05:30 TRACE 24928 --- [Java-SLF4J] [SpringApplicationShutdownHook] o.s.c.support.DefaultLifecycleProcessor  : Asking bean 'webServerGracefulShutdown' of type [org.springframework.boot.web.server.context.WebServerGracefulShutdownLifecycle] to stop
2026-03-05T10:51:26.869+05:30  INFO 24928 --- [Java-SLF4J] [SpringApplicationShutdownHook] o.s.boot.tomcat.GracefulShutdown         : Commencing graceful shutdown. Waiting for active requests to complete
2026-03-05T10:51:26.875+05:30  INFO 24928 --- [Java-SLF4J] [tomcat-shutdown] o.s.boot.tomcat.GracefulShutdown         : Graceful shutdown complete
2026-03-05T10:51:26.875+05:30 DEBUG 24928 --- [Java-SLF4J] [SpringApplicationShutdownHook] o.s.c.support.DefaultLifecycleProcessor  : Stopping beans in phase 2147481599
2026-03-05T10:51:26.875+05:30 DEBUG 24928 --- [Java-SLF4J] [tomcat-shutdown] o.s.c.support.DefaultLifecycleProcessor  : Bean 'webServerGracefulShutdown' completed its stop procedure
2026-03-05T10:51:26.875+05:30 TRACE 24928 --- [Java-SLF4J] [SpringApplicationShutdownHook] o.s.c.support.DefaultLifecycleProcessor  : Asking bean 'webServerStartStop' of type [org.springframework.boot.web.server.servlet.context.WebServerStartStopLifecycle] to stop
2026-03-05T10:51:26.876+05:30 DEBUG 24928 --- [Java-SLF4J] [SpringApplicationShutdownHook] o.s.c.support.DefaultLifecycleProcessor  : Bean 'webServerStartStop' completed its stop procedure
2026-03-05T10:51:26.876+05:30 DEBUG 24928 --- [Java-SLF4J] [SpringApplicationShutdownHook] o.s.c.support.DefaultLifecycleProcessor  : Stopping beans in phase 1073741823
2026-03-05T10:51:26.876+05:30 TRACE 24928 --- [Java-SLF4J] [SpringApplicationShutdownHook] o.s.c.support.DefaultLifecycleProcessor  : Asking bean 'applicationTaskExecutor' of type [org.springframework.scheduling.concurrent.ThreadPoolTaskExecutor] to stop
2026-03-05T10:51:26.876+05:30 DEBUG 24928 --- [Java-SLF4J] [SpringApplicationShutdownHook] o.s.c.support.DefaultLifecycleProcessor  : Bean 'applicationTaskExecutor' completed its stop procedure
2026-03-05T10:51:26.876+05:30 DEBUG 24928 --- [Java-SLF4J] [SpringApplicationShutdownHook] o.s.c.support.DefaultLifecycleProcessor  : Stopping beans in phase -2147483647
2026-03-05T10:51:26.876+05:30 TRACE 24928 --- [Java-SLF4J] [SpringApplicationShutdownHook] o.s.c.support.DefaultLifecycleProcessor  : Asking bean 'springBootLoggingLifecycle' of type [org.springframework.boot.context.logging.LoggingApplicationListener$Lifecycle] to stop
2026-03-05T10:51:26.876+05:30 DEBUG 24928 --- [Java-SLF4J] [SpringApplicationShutdownHook] o.s.c.support.DefaultLifecycleProcessor  : Bean 'springBootLoggingLifecycle' completed its stop procedure
2026-03-05T10:51:26.876+05:30 TRACE 24928 --- [Java-SLF4J] [SpringApplicationShutdownHook] o.s.b.f.s.DefaultListableBeanFactory     : Destroying singletons in org.springframework.beans.factory.support.DefaultListableBeanFactory@77a7cf58: defining beans [org.springframework.context.annotation.internalConfigurationAnnotationProcessor,org.springframework.context.annotation.internalAutowiredAnnotationProcessor,org.springframework.context.annotation.internalCommonAnnotationProcessor,org.springframework.context.event.internalEventListenerProcessor,org.springframework.context.event.internalEventListenerFactory,javaSlf4JApplication,org.springframework.boot.autoconfigure.internalCachingMetadataReaderFactory,basicController,org.springframework.boot.autoconfigure.AutoConfigurationPackages,org.springframework.boot.autoconfigure.context.PropertyPlaceholderAutoConfiguration,propertySourcesPlaceholderConfigurer,org.springframework.boot.webmvc.autoconfigure.DispatcherServletAutoConfiguration$DispatcherServletConfiguration,dispatcherServlet,org.springframework.boot.context.properties.ConfigurationPropertiesBindingPostProcessor,org.springframework.boot.context.internalConfigurationPropertiesBinder,org.springframework.boot.context.properties.BoundConfigurationProperties,org.springframework.boot.context.properties.EnableConfigurationPropertiesRegistrar.methodValidationExcludeFilter,spring.mvc-org.springframework.boot.webmvc.autoconfigure.WebMvcProperties,org.springframework.boot.webmvc.autoconfigure.DispatcherServletAutoConfiguration$DispatcherServletRegistrationConfiguration,dispatcherServletRegistration,org.springframework.boot.webmvc.autoconfigure.DispatcherServletAutoConfiguration,org.springframework.boot.autoconfigure.task.TaskExecutorConfigurations$ThreadPoolTaskExecutorBuilderConfiguration,threadPoolTaskExecutorBuilder,org.springframework.boot.autoconfigure.task.TaskExecutorConfigurations$SimpleAsyncTaskExecutorBuilderConfiguration,simpleAsyncTaskExecutorBuilder,org.springframework.boot.autoconfigure.task.TaskExecutorConfigurations$AsyncConfigurerConfiguration,applicationTaskExecutorAsyncConfigurer,org.springframework.boot.autoconfigure.task.TaskExecutorConfigurations$TaskExecutorConfiguration,applicationTaskExecutor,org.springframework.boot.autoconfigure.task.TaskExecutorConfigurations$BootstrapExecutorConfiguration,bootstrapExecutorAliasPostProcessor,org.springframework.boot.autoconfigure.task.TaskExecutionAutoConfiguration,spring.task.execution-org.springframework.boot.autoconfigure.task.TaskExecutionProperties,org.springframework.boot.webmvc.autoconfigure.error.ErrorMvcAutoConfiguration$WhitelabelErrorViewConfiguration,error,beanNameViewResolver,org.springframework.boot.webmvc.autoconfigure.error.ErrorMvcAutoConfiguration$DefaultErrorViewResolverConfiguration,conventionErrorViewResolver,org.springframework.boot.webmvc.autoconfigure.error.ErrorMvcAutoConfiguration,errorAttributes,basicErrorController,errorPageCustomizer,preserveErrorControllerTargetClassPostProcessor,spring.web-org.springframework.boot.autoconfigure.web.WebProperties,org.springframework.boot.webmvc.autoconfigure.WebMvcAutoConfiguration$EnableWebMvcConfiguration,welcomePageHandlerMapping,welcomePageNotAcceptableHandlerMapping,localeResolver,flashMapManager,viewNameTranslator,mvcConversionService,mvcValidator,requestMappingHandlerMapping,mvcPatternParser,mvcUrlPathHelper,mvcPathMatcher,mvcContentNegotiationManager,mvcApiVersionStrategy,viewControllerHandlerMapping,beanNameHandlerMapping,routerFunctionMapping,resourceHandlerMapping,mvcResourceUrlProvider,defaultServletHandlerMapping,requestMappingHandlerAdapter,handlerFunctionAdapter,mvcUriComponentsContributor,httpRequestHandlerAdapter,simpleControllerHandlerAdapter,handlerExceptionResolver,mvcViewResolver,mvcHandlerMappingIntrospector,org.springframework.boot.webmvc.autoconfigure.WebMvcAutoConfiguration$WebMvcAutoConfigurationAdapter,defaultViewResolver,viewResolver,requestContextFilter,org.springframework.boot.webmvc.autoconfigure.WebMvcAutoConfiguration,formContentFilter,org.springframework.boot.autoconfigure.aop.AopAutoConfiguration$ClassProxyingConfiguration,forceAutoProxyCreatorToUseClassProxying,org.springframework.boot.autoconfigure.aop.AopAutoConfiguration,org.springframework.boot.autoconfigure.availability.ApplicationAvailabilityAutoConfiguration,applicationAvailability,org.springframework.boot.autoconfigure.context.ConfigurationPropertiesAutoConfiguration,org.springframework.boot.autoconfigure.context.LifecycleAutoConfiguration,lifecycleProcessor,spring.lifecycle-org.springframework.boot.autoconfigure.context.LifecycleProperties,org.springframework.boot.autoconfigure.info.ProjectInfoAutoConfiguration,spring.info-org.springframework.boot.autoconfigure.info.ProjectInfoProperties,org.springframework.boot.autoconfigure.ssl.SslAutoConfiguration,fileWatcher,sslPropertiesSslBundleRegistrar,sslBundleRegistry,spring.ssl-org.springframework.boot.autoconfigure.ssl.SslProperties,org.springframework.boot.autoconfigure.task.TaskSchedulingConfigurations$ThreadPoolTaskSchedulerBuilderConfiguration,threadPoolTaskSchedulerBuilder,org.springframework.boot.autoconfigure.task.TaskSchedulingConfigurations$SimpleAsyncTaskSchedulerBuilderConfiguration,simpleAsyncTaskSchedulerBuilder,org.springframework.boot.autoconfigure.task.TaskSchedulingAutoConfiguration,spring.task.scheduling-org.springframework.boot.autoconfigure.task.TaskSchedulingProperties,org.springframework.boot.jackson.autoconfigure.JacksonAutoConfiguration$JsonProblemDetailsConfiguration,problemDetailJsonMapperBuilderCustomizer,org.springframework.boot.jackson.autoconfigure.JacksonAutoConfiguration$JacksonJsonMapperBuilderCustomizerConfiguration,standardJsonMapperBuilderCustomizer,spring.jackson-org.springframework.boot.jackson.autoconfigure.JacksonProperties,org.springframework.boot.jackson.autoconfigure.JacksonAutoConfiguration$JacksonMixinConfiguration,jacksonMixinModuleEntries,jacksonMixinModule,org.springframework.boot.jackson.autoconfigure.JacksonAutoConfiguration,jsonComponentModule,jsonMapperBuilder,jacksonJsonMapper,org.springframework.boot.http.converter.autoconfigure.HttpMessageConvertersAutoConfiguration$StringHttpMessageConverterConfiguration,stringHttpMessageConvertersCustomizer,spring.http.converters-org.springframework.boot.http.converter.autoconfigure.HttpMessageConvertersProperties,org.springframework.boot.http.converter.autoconfigure.JacksonHttpMessageConvertersConfiguration$JacksonJsonHttpMessageConverterConfiguration,jacksonJsonHttpMessageConvertersCustomizer,org.springframework.boot.http.converter.autoconfigure.JacksonHttpMessageConvertersConfiguration,org.springframework.boot.http.converter.autoconfigure.Jackson2HttpMessageConvertersConfiguration,org.springframework.boot.http.converter.autoconfigure.HttpMessageConvertersAutoConfiguration,clientConvertersCustomizer,serverConvertersCustomizer,org.springframework.boot.servlet.autoconfigure.HttpEncodingAutoConfiguration,characterEncodingFilter,spring.servlet.encoding-org.springframework.boot.servlet.autoconfigure.ServletEncodingProperties,org.springframework.boot.servlet.autoconfigure.MultipartAutoConfiguration,multipartConfigElement,multipartResolver,spring.servlet.multipart-org.springframework.boot.servlet.autoconfigure.MultipartProperties,org.springframework.boot.web.server.autoconfigure.servlet.ServletWebServerConfiguration,servletWebServerFactoryCustomizer,server-org.springframework.boot.web.server.autoconfigure.ServerProperties,webServerFactoryCustomizerBeanPostProcessor,errorPageRegistrarBeanPostProcessor,org.springframework.boot.tomcat.autoconfigure.TomcatWebServerConfiguration$TomcatWebSocketConfiguration,webSocketWebServerCustomizer,org.springframework.boot.tomcat.autoconfigure.TomcatWebServerConfiguration,tomcatWebServerFactoryCustomizer,org.springframework.boot.tomcat.autoconfigure.servlet.TomcatServletWebServerAutoConfiguration,tomcatServletWebServerFactory,tomcatServletWebServerFactoryCustomizer,server.tomcat-org.springframework.boot.tomcat.autoconfigure.TomcatServerProperties,org.springframework.aop.config.internalAutoProxyCreator,org.springframework.aop.framework.autoproxy.defaultProxyConfig]; root of factory hierarchy
2026-03-05T10:51:26.877+05:30 TRACE 24928 --- [Java-SLF4J] [SpringApplicationShutdownHook] o.s.b.f.s.DefaultListableBeanFactory     : Retrieved dependent beans for bean 'mvcResourceUrlProvider': [welcomePageHandlerMapping, welcomePageNotAcceptableHandlerMapping, requestMappingHandlerMapping, viewControllerHandlerMapping, beanNameHandlerMapping, routerFunctionMapping, resourceHandlerMapping]
2026-03-05T10:51:26.877+05:30 TRACE 24928 --- [Java-SLF4J] [SpringApplicationShutdownHook] o.s.b.f.support.DisposableBeanAdapter    : Invoking destroy() on bean with name 'applicationTaskExecutor'
2026-03-05T10:51:26.877+05:30 DEBUG 24928 --- [Java-SLF4J] [SpringApplicationShutdownHook] o.s.s.concurrent.ThreadPoolTaskExecutor  : Shutting down ExecutorService 'applicationTaskExecutor'
2026-03-05T10:51:26.877+05:30 TRACE 24928 --- [Java-SLF4J] [SpringApplicationShutdownHook] o.s.b.f.support.DisposableBeanAdapter    : Invoking destroy() on bean with name 'characterEncodingFilter'
2026-03-05T10:51:26.877+05:30 TRACE 24928 --- [Java-SLF4J] [SpringApplicationShutdownHook] o.s.b.f.support.DisposableBeanAdapter    : Invoking destroy() on bean with name 'formContentFilter'
2026-03-05T10:51:26.877+05:30 TRACE 24928 --- [Java-SLF4J] [SpringApplicationShutdownHook] o.s.b.f.support.DisposableBeanAdapter    : Invoking destroy() on bean with name 'requestContextFilter'
2026-03-05T10:51:26.878+05:30 TRACE 24928 --- [Java-SLF4J] [SpringApplicationShutdownHook] o.s.b.f.s.DefaultListableBeanFactory     : Retrieved dependent beans for bean 'fileWatcher': [sslPropertiesSslBundleRegistrar]
2026-03-05T10:51:26.878+05:30 TRACE 24928 --- [Java-SLF4J] [SpringApplicationShutdownHook] o.s.b.f.support.DisposableBeanAdapter    : Invoking close() on bean with name 'fileWatcher'
2026-03-05T10:51:26.878+05:30 TRACE 24928 --- [Java-SLF4J] [SpringApplicationShutdownHook] o.s.b.f.s.DefaultListableBeanFactory     : Retrieved dependent beans for bean 'org.springframework.boot.autoconfigure.internalCachingMetadataReaderFactory': [org.springframework.context.annotation.internalConfigurationAnnotationProcessor]
2026-03-05 11:03:58 [main] INFO  c.d.javaslf4j.JavaSlf4JApplication -Starting JavaSlf4JApplication using Java 25.0.2 with PID 4176 (D:\Java-SLF4J\target\classes started by user in D:\Java-SLF4J)
2026-03-05 11:03:58 [main] INFO  c.d.javaslf4j.JavaSlf4JApplication -No active profile set, falling back to 1 default profile: "default"
2026-03-05 11:03:58 [main] INFO  o.s.boot.tomcat.TomcatWebServer -Tomcat initialized with port 8080 (http)
2026-03-05 11:03:58 [main] INFO  o.a.catalina.core.StandardService -Starting service [Tomcat]
2026-03-05 11:03:58 [main] INFO  o.a.catalina.core.StandardEngine -Starting Servlet engine: [Apache Tomcat/11.0.18]
2026-03-05 11:03:58 [main] INFO  o.s.b.w.c.s.WebApplicationContextInitializer -Root WebApplicationContext: initialization completed in 486 ms
2026-03-05 11:03:58 [main] INFO  o.s.boot.tomcat.TomcatWebServer -Tomcat started on port 8080 (http) with context path '/'
2026-03-05 11:03:58 [main] INFO  c.d.javaslf4j.JavaSlf4JApplication -Started JavaSlf4JApplication in 1.039 seconds (process running for 1.341)
2026-03-05 11:04:04 [http-nio-8080-exec-1] INFO  o.a.c.c.C.[Tomcat].[localhost].[/] -Initializing Spring DispatcherServlet 'dispatcherServlet'
2026-03-05 11:04:04 [http-nio-8080-exec-1] INFO  o.s.web.servlet.DispatcherServlet -Initializing Servlet 'dispatcherServlet'
2026-03-05 11:04:04 [http-nio-8080-exec-1] INFO  o.s.web.servlet.DispatcherServlet -Completed initialization in 0 ms
2026-03-05 11:04:04 [http-nio-8080-exec-1] INFO  c.d.j.controller.BasicController -Recived request for /hello :Dhyana
2026-03-05 11:04:04 [http-nio-8080-exec-1] INFO  c.d.j.controller.BasicController -INFO:  BasicController LOG
2026-03-05 11:04:04 [http-nio-8080-exec-1] WARN  c.d.j.controller.BasicController -WARN:  BasicController LOG
2026-03-05 11:04:04 [http-nio-8080-exec-1] ERROR c.d.j.controller.BasicController -ERROR:  BasicController LOG
2026-03-05 11:04:04 [http-nio-8080-exec-1] DEBUG c.d.javaslf4j.service.BasicService -DEBUG:  BasicService LOG
2026-03-05 11:04:04 [http-nio-8080-exec-1] INFO  c.d.javaslf4j.service.BasicService -INFO:  BasicServicer LOG
2026-03-05 11:04:04 [http-nio-8080-exec-1] WARN  c.d.javaslf4j.service.BasicService -WARN:  BasicService LOG
2026-03-05 11:04:04 [http-nio-8080-exec-1] ERROR c.d.javaslf4j.service.BasicService -ERROR:  BasicServicer LOG
2026-03-05 11:11:17 [SpringApplicationShutdownHook] INFO  o.s.boot.tomcat.GracefulShutdown -Commencing graceful shutdown. Waiting for active requests to complete
2026-03-05 11:11:17 [tomcat-shutdown] INFO  o.s.boot.tomcat.GracefulShutdown -Graceful shutdown complete
